{"type":"FeatureCollection","name":"admdongkor_sido_polygons_ver20260701","features":[{"type":"Feature","properties":{"code":"11","name":"서울특별시","full_name":"서울특별시","sido_code":"11","sgg_code":"11110","admin_level":"sido","source":"vuski/admdongkor","source_version":"ver20260701"},"geometry":{"type":"Polygon","coordinates":[[[126.885274,37.460062],[126.888862,37.460924],[126.88865,37.462474],[126.876657,37.477562],[126.873909,37.483334],[126.875286,37.488533],[126.87278,37.488804],[126.868908,37.4951],[126.852565,37.481941],[126.846484,37.481705],[126.845328,37.473804],[126.831794,37.477575],[126.819221,37.476158],[126.817838,37.473155],[126.815392,37.474008],[126.815293,37.47645],[126.819568,37.480276],[126.819434,37.48547],[126.823473,37.487745],[126.822741,37.489983],[126.814392,37.493199],[126.812977,37.49629],[126.814359,37.498314],[126.819757,37.499227],[126.821594,37.502061],[126.822237,37.507601],[126.824679,37.508328],[126.823238,37.516181],[126.825559,37.519846],[126.825205,37.523027],[126.828805,37.526511],[126.82182,37.534871],[126.822147,37.540679],[126.802849,37.543082],[126.798979,37.540268],[126.799493,37.537863],[126.794401,37.535831],[126.793316,37.539725],[126.79475,37.541516],[126.792043,37.541813],[126.791754,37.543749],[126.787382,37.545857],[126.777588,37.546581],[126.775351,37.549073],[126.771744,37.548307],[126.764691,37.55537],[126.773105,37.557497],[126.77201,37.558802],[126.775633,37.561803],[126.777925,37.560111],[126.774803,37.567532],[126.776956,37.566341],[126.780527,37.568328],[126.782702,37.573561],[126.790056,37.577571],[126.791744,37.581144],[126.792987,37.579742],[126.798339,37.587793],[126.800788,37.588004],[126.797022,37.598491],[126.800935,37.604337],[126.805505,37.603689],[126.824526,37.589401],[126.853557,37.571805],[126.854117,37.573856],[126.877077,37.578903],[126.877632,37.586203],[126.884822,37.593392],[126.886581,37.593836],[126.885442,37.591088],[126.887262,37.588594],[126.899841,37.589867],[126.898989,37.592659],[126.90149,37.599368],[126.900261,37.603155],[126.902084,37.603821],[126.901031,37.612457],[126.907937,37.625393],[126.908811,37.629051],[126.906531,37.632524],[126.909817,37.635109],[126.912467,37.641685],[126.912227,37.644378],[126.905271,37.648915],[126.913887,37.644707],[126.921269,37.645558],[126.929742,37.650405],[126.934735,37.650642],[126.941031,37.657061],[126.947305,37.658932],[126.956343,37.653074],[126.968823,37.638682],[126.970874,37.632994],[126.975075,37.631386],[126.984625,37.636565],[126.986367,37.640651],[126.983884,37.642169],[126.984617,37.647548],[126.979448,37.655827],[126.994156,37.666277],[126.991736,37.679465],[126.997986,37.683824],[127.008625,37.684869],[127.008837,37.694611],[127.011948,37.698244],[127.014939,37.698545],[127.015846,37.701025],[127.024897,37.699437],[127.027152,37.700718],[127.032468,37.691712],[127.041577,37.69536],[127.045085,37.692442],[127.048205,37.693914],[127.050777,37.687022],[127.054822,37.689348],[127.065112,37.689847],[127.068812,37.694058],[127.077341,37.696384],[127.083767,37.69466],[127.085833,37.690452],[127.095792,37.688861],[127.096285,37.685738],[127.091828,37.679187],[127.095739,37.672265],[127.09396,37.662571],[127.092445,37.658093],[127.086034,37.655913],[127.092818,37.654903],[127.092296,37.649923],[127.094452,37.645759],[127.106568,37.64549],[127.111155,37.642412],[127.112037,37.632618],[127.10537,37.62714],[127.103507,37.622904],[127.106138,37.620598],[127.115675,37.619295],[127.117587,37.611707],[127.116615,37.608822],[127.118375,37.607376],[127.113832,37.599964],[127.117824,37.594005],[127.1124,37.591864],[127.109328,37.584664],[127.09975,37.583052],[127.102769,37.581763],[127.10093,37.57356],[127.10419,37.571051],[127.101146,37.560023],[127.113769,37.558885],[127.113484,37.560251],[127.116683,37.560021],[127.121747,37.563994],[127.133825,37.568445],[127.149242,37.568487],[127.166624,37.57892],[127.177667,37.580835],[127.175359,37.577286],[127.181969,37.560941],[127.181389,37.552852],[127.183552,37.545826],[127.163193,37.545019],[127.153552,37.533997],[127.153112,37.529092],[127.147763,37.522169],[127.1458,37.52199],[127.145399,37.516096],[127.141132,37.515645],[127.143524,37.512689],[127.141125,37.512324],[127.140246,37.509832],[127.141135,37.505454],[127.145604,37.50343],[127.150123,37.50451],[127.156471,37.501901],[127.157617,37.503088],[127.161378,37.500251],[127.157639,37.489143],[127.14984,37.485271],[127.1474,37.477218],[127.144245,37.477325],[127.143445,37.474104],[127.132589,37.474847],[127.132676,37.468234],[127.125067,37.468901],[127.11746,37.462172],[127.116747,37.458594],[127.106307,37.462538],[127.100557,37.459051],[127.098214,37.458794],[127.096318,37.461432],[127.088324,37.448637],[127.08799,37.445062],[127.085427,37.444942],[127.081577,37.441004],[127.071651,37.441796],[127.073378,37.43934],[127.070456,37.430063],[127.050893,37.429655],[127.047467,37.430871],[127.040975,37.438173],[127.035864,37.439156],[127.038323,37.445161],[127.037887,37.449079],[127.033429,37.461075],[127.034735,37.463848],[127.031269,37.465775],[127.026105,37.45851],[127.01106,37.455389],[127.003422,37.467259],[126.996275,37.466717],[126.996832,37.462185],[126.982356,37.455158],[126.973983,37.447599],[126.964562,37.44569],[126.963021,37.440314],[126.941404,37.437414],[126.940213,37.435724],[126.93537,37.442849],[126.930513,37.445293],[126.931026,37.447821],[126.928749,37.450193],[126.919429,37.440775],[126.914333,37.440039],[126.908734,37.433821],[126.904469,37.434058],[126.898883,37.438805],[126.898511,37.443866],[126.896123,37.445847],[126.894074,37.45264],[126.889707,37.452324],[126.885274,37.460062]]]}},{"type":"Feature","properties":{"code":"12","name":"전남광주통합특별시","full_name":"전남광주통합특별시","sido_code":"12","sgg_code":"12210","admin_level":"sido","source":"vuski/admdongkor","source_version":"ver20260701"},"geometry":{"type":"MultiPolygon","coordinates":[[[[125.123941,34.088037],[125.123989,34.085832],[125.120908,34.083379],[125.121041,34.077366],[125.131444,34.064893],[125.138755,34.061395],[125.143944,34.055659],[125.145938,34.052682],[125.144803,34.049457],[125.136122,34.049526],[125.137844,34.047948],[125.134742,34.046497],[125.131319,34.048651],[125.1222,34.046707],[125.115591,34.051218],[125.112441,34.062798],[125.101692,34.069048],[125.09446,34.068936],[125.082034,34.074557],[125.083672,34.076788],[125.093379,34.074133],[125.093805,34.087372],[125.096327,34.093226],[125.096037,34.095427],[125.089713,34.097734],[125.090391,34.09975],[125.095523,34.096822],[125.105691,34.095175],[125.107348,34.096604],[125.111246,34.09486],[125.11647,34.087722],[125.123941,34.088037]]],[[[125.095917,34.115689],[125.092036,34.11398],[125.091703,34.114559],[125.094529,34.118314],[125.095917,34.115689]]],[[[125.082649,34.11652],[125.081599,34.117883],[125.085201,34.119098],[125.087471,34.117103],[125.086687,34.115653],[125.082649,34.11652]]],[[[125.936107,34.154851],[125.935647,34.159626],[125.939572,34.16456],[125.941607,34.162865],[125.943082,34.152713],[125.948226,34.145289],[125.944774,34.140805],[125.939604,34.14508],[125.938233,34.153414],[125.936107,34.154851]]],[[[125.862497,34.197591],[125.860759,34.194129],[125.855572,34.196881],[125.859487,34.199129],[125.862497,34.197591]]],[[[125.470816,34.213779],[125.473422,34.211542],[125.468783,34.205422],[125.468752,34.202718],[125.464884,34.205702],[125.466907,34.209129],[125.46624,34.211689],[125.470816,34.213779]]],[[[125.881357,34.210301],[125.880602,34.208871],[125.878697,34.210095],[125.879857,34.211405],[125.881357,34.210301]]],[[[125.859479,34.209427],[125.848549,34.211505],[125.84716,34.214209],[125.85097,34.216834],[125.856966,34.217521],[125.86595,34.211806],[125.865523,34.209011],[125.862262,34.207173],[125.859479,34.209427]]],[[[125.843667,34.223571],[125.839161,34.224965],[125.840755,34.226375],[125.848407,34.225284],[125.847449,34.219526],[125.842565,34.219394],[125.843667,34.223571]]],[[[125.989417,34.231286],[125.987864,34.229231],[125.984458,34.230876],[125.989417,34.231286]]],[[[125.962479,34.239253],[125.964952,34.237606],[125.963122,34.236029],[125.960526,34.238725],[125.962479,34.239253]]],[[[125.9473,34.235662],[125.944782,34.231546],[125.938746,34.229276],[125.934845,34.228901],[125.932039,34.231265],[125.928774,34.22936],[125.9268,34.231049],[125.927699,34.233104],[125.925265,34.238627],[125.928751,34.23934],[125.930158,34.241826],[125.92878,34.245141],[125.933378,34.247399],[125.938627,34.246933],[125.942568,34.244152],[125.95406,34.245956],[125.955982,34.240172],[125.9473,34.235662]]],[[[125.928812,34.249282],[125.925981,34.24533],[125.922919,34.244415],[125.923389,34.252281],[125.921414,34.253876],[125.925296,34.255201],[125.928812,34.249282]]],[[[125.919682,34.248969],[125.91711,34.247589],[125.915611,34.247576],[125.91723,34.248834],[125.916894,34.253807],[125.914097,34.248693],[125.909506,34.250688],[125.910991,34.246461],[125.915304,34.244916],[125.913313,34.240771],[125.909538,34.242886],[125.909429,34.246051],[125.897096,34.245997],[125.898438,34.252851],[125.905242,34.258905],[125.924214,34.262296],[125.925926,34.256261],[125.921557,34.256901],[125.919422,34.25332],[125.919682,34.248969]]],[[[126.01282,34.263575],[126.013132,34.262754],[126.011257,34.262003],[126.010493,34.26411],[126.01282,34.263575]]],[[[126.002913,34.270091],[126.004944,34.270306],[126.009805,34.264678],[126.005812,34.265309],[125.998745,34.259819],[125.998841,34.258049],[126.002274,34.25729],[126.00366,34.251525],[125.998891,34.254698],[125.992836,34.252551],[125.992325,34.260539],[125.986602,34.263524],[125.989255,34.270018],[125.983526,34.2636],[125.981288,34.263295],[125.977141,34.268179],[125.977155,34.276088],[125.986137,34.279272],[125.994021,34.279075],[125.997701,34.275296],[125.996309,34.266625],[126.000664,34.265389],[126.003277,34.267721],[126.002913,34.270091]]],[[[125.998107,34.290376],[126.001954,34.289217],[126.000283,34.28762],[125.991648,34.28709],[125.99452,34.29287],[125.998107,34.290376]]],[[[126.006724,34.291892],[126.00767,34.290774],[126.005532,34.289887],[126.006724,34.291892]]],[[[125.98327,34.297053],[125.979696,34.295683],[125.972989,34.297212],[125.969954,34.299854],[125.973734,34.304843],[125.982409,34.300821],[125.98327,34.297053]]],[[[126.013855,34.3052],[126.01139,34.304723],[126.012008,34.306083],[126.013059,34.307052],[126.013855,34.3052]]],[[[125.904638,34.306733],[125.90484,34.305368],[125.901023,34.306408],[125.904638,34.306733]]],[[[125.945952,34.303763],[125.949357,34.302132],[125.949038,34.300586],[125.943996,34.301687],[125.942292,34.308958],[125.944163,34.312501],[125.949263,34.305579],[125.945952,34.303763]]],[[[125.988689,34.310701],[125.988042,34.310997],[125.98936,34.312047],[125.991945,34.311617],[125.988689,34.310701]]],[[[126.019214,34.309566],[126.011031,34.311583],[126.004675,34.305528],[126.006183,34.312376],[125.998698,34.312784],[125.998079,34.316791],[126.004415,34.315432],[126.016171,34.317895],[126.019214,34.309566]]],[[[125.952321,34.307718],[125.951037,34.310622],[125.963993,34.315219],[125.964547,34.310477],[125.952321,34.307718]]],[[[125.978231,34.313328],[125.977641,34.309053],[125.972004,34.307104],[125.968383,34.31074],[125.969909,34.313114],[125.967229,34.319183],[125.968498,34.321141],[125.975068,34.321605],[125.980333,34.31484],[125.978231,34.313328]]],[[[125.977608,34.33124],[125.981119,34.329068],[125.980867,34.325952],[125.977755,34.323303],[125.974584,34.325688],[125.977608,34.33124]]],[[[125.973009,34.343096],[125.971008,34.3451],[125.975161,34.345796],[125.97659,34.34399],[125.973009,34.343096]]],[[[125.950856,34.344585],[125.948564,34.342049],[125.946423,34.343481],[125.948945,34.349137],[125.953323,34.353055],[125.958378,34.350801],[125.959033,34.345458],[125.950856,34.344585]]],[[[125.988929,34.348172],[125.982321,34.351657],[125.983255,34.353584],[125.988829,34.354065],[125.988929,34.348172]]],[[[125.931866,34.352105],[125.931713,34.350637],[125.929575,34.352134],[125.9299,34.354844],[125.931866,34.352105]]],[[[125.939181,34.375779],[125.937626,34.378171],[125.945689,34.378514],[125.936707,34.364131],[125.931859,34.368372],[125.935626,34.373902],[125.939181,34.375779]]],[[[125.962626,34.36306],[125.960342,34.365357],[125.962048,34.375645],[125.964336,34.377114],[125.967214,34.375567],[125.970536,34.376434],[125.963963,34.379683],[125.964599,34.38176],[125.970661,34.379873],[125.971982,34.377332],[125.97317,34.372558],[125.969197,34.36661],[125.962626,34.36306]]],[[[126.006879,34.375675],[126.003584,34.373734],[126.002071,34.376652],[126.005504,34.383949],[126.006879,34.375675]]],[[[125.305172,34.392263],[125.313134,34.391315],[125.314715,34.384645],[125.307968,34.380104],[125.30145,34.385427],[125.299319,34.379493],[125.296047,34.378382],[125.288831,34.391575],[125.285372,34.393974],[125.284994,34.399706],[125.281534,34.400534],[125.281895,34.404775],[125.286999,34.403949],[125.293353,34.392871],[125.298499,34.393807],[125.298967,34.397814],[125.305172,34.392263]]],[[[126.009527,34.404446],[126.014388,34.399984],[126.011611,34.395967],[126.007373,34.398864],[126.009527,34.404446]]],[[[125.276511,34.430596],[125.283062,34.433026],[125.291024,34.425053],[125.285578,34.417234],[125.282029,34.417395],[125.276511,34.430596]]],[[[126.006093,34.427168],[126.008128,34.427367],[126.005807,34.424657],[126.003759,34.425664],[126.006093,34.427168]]],[[[125.291474,34.438591],[125.289862,34.434932],[125.277263,34.435186],[125.283155,34.438825],[125.282939,34.441557],[125.287198,34.445178],[125.290582,34.452552],[125.296144,34.453241],[125.296126,34.440193],[125.291474,34.438591]]],[[[125.299057,34.455032],[125.301572,34.454261],[125.300839,34.450671],[125.298288,34.452855],[125.299057,34.455032]]],[[[125.999768,34.45508],[126.001001,34.453055],[125.997885,34.453677],[125.99836,34.455918],[125.999768,34.45508]]],[[[125.298376,34.461598],[125.298891,34.464218],[125.300621,34.464242],[125.302756,34.462967],[125.303229,34.459421],[125.295334,34.458914],[125.294844,34.461522],[125.298376,34.461598]]],[[[125.305782,34.464701],[125.30347,34.463381],[125.300468,34.468672],[125.302701,34.469965],[125.305853,34.468156],[125.305782,34.464701]]],[[[125.837904,34.585258],[125.839731,34.58424],[125.839259,34.582486],[125.836963,34.582761],[125.837904,34.585258]]],[[[126.006076,34.587325],[126.004926,34.587594],[126.004738,34.592107],[126.006547,34.593069],[126.006076,34.587325]]],[[[126.000968,34.587458],[125.996298,34.588757],[125.995115,34.591757],[126.00063,34.59314],[126.000968,34.587458]]],[[[125.976447,34.595464],[125.979282,34.588188],[125.97669,34.585405],[125.97922,34.583552],[125.979622,34.579905],[125.976185,34.577904],[125.970103,34.577458],[125.966242,34.580779],[125.970983,34.583482],[125.966867,34.588084],[125.974245,34.59002],[125.972152,34.595231],[125.957737,34.592642],[125.956034,34.595192],[125.958614,34.598864],[125.967225,34.597754],[125.972555,34.601251],[125.973882,34.604962],[125.976218,34.60434],[125.975426,34.600782],[125.985898,34.603731],[125.986051,34.60097],[125.976447,34.595464]]],[[[125.988123,34.591071],[125.987284,34.59346],[125.989036,34.593586],[125.990205,34.591813],[125.988123,34.591071]]],[[[125.874947,34.599831],[125.876704,34.595757],[125.870035,34.599948],[125.874947,34.599831]]],[[[125.86911,34.603469],[125.869147,34.600699],[125.867096,34.603014],[125.86911,34.603469]]],[[[126.00319,34.60628],[126.007094,34.606931],[126.006691,34.599738],[125.99746,34.597535],[125.997324,34.600711],[126.003059,34.603613],[126.00319,34.60628]]],[[[125.886755,34.605191],[125.893289,34.600752],[125.89195,34.596303],[125.889668,34.596404],[125.890519,34.598782],[125.881366,34.606479],[125.876647,34.607165],[125.872976,34.612054],[125.872255,34.616363],[125.879928,34.609444],[125.882542,34.612021],[125.887209,34.609693],[125.889021,34.606245],[125.886755,34.605191]]],[[[125.868044,34.606004],[125.869584,34.613273],[125.872966,34.60645],[125.870891,34.602666],[125.868044,34.606004]]],[[[125.846807,34.601533],[125.842183,34.596874],[125.831563,34.600697],[125.826719,34.600494],[125.822155,34.594013],[125.817039,34.592943],[125.811131,34.59595],[125.810642,34.602664],[125.822424,34.604295],[125.826189,34.60704],[125.825498,34.609526],[125.822456,34.611339],[125.81264,34.609727],[125.810871,34.614152],[125.814387,34.616028],[125.800707,34.620839],[125.802995,34.623648],[125.812052,34.621775],[125.817749,34.615471],[125.820897,34.614677],[125.830673,34.619011],[125.832584,34.621659],[125.845907,34.626383],[125.846667,34.629856],[125.854927,34.63064],[125.858221,34.622664],[125.853851,34.619011],[125.85817,34.61946],[125.862686,34.605388],[125.846807,34.601533]]],[[[125.866814,34.616685],[125.867341,34.617738],[125.86937,34.613478],[125.866814,34.616685]]],[[[126.010506,34.616612],[126.00989,34.610883],[125.997375,34.605834],[125.996664,34.608019],[125.998761,34.611499],[125.99592,34.61296],[125.993461,34.604106],[125.990208,34.604291],[125.986385,34.609135],[125.989187,34.610855],[125.987011,34.613946],[125.987667,34.616283],[125.991401,34.618788],[125.998507,34.618352],[125.991374,34.620978],[125.993057,34.63039],[125.995004,34.632173],[125.998281,34.63008],[126.000225,34.632075],[126.003921,34.630692],[126.010506,34.616612]]],[[[125.876323,34.621072],[125.87459,34.623049],[125.876924,34.622789],[125.881396,34.618636],[125.876323,34.621072]]],[[[125.862788,34.622277],[125.864141,34.623595],[125.86631,34.620471],[125.862788,34.622277]]],[[[125.980072,34.62582],[125.977511,34.618876],[125.970219,34.619968],[125.964676,34.62818],[125.962393,34.628403],[125.960104,34.623344],[125.95643,34.62313],[125.946215,34.634337],[125.946465,34.637801],[125.949968,34.639956],[125.952876,34.636823],[125.955958,34.643165],[125.961598,34.645035],[125.968701,34.641574],[125.969493,34.637026],[125.974959,34.635007],[125.980072,34.62582]]],[[[125.943316,34.63048],[125.941212,34.628215],[125.939043,34.63111],[125.940525,34.635981],[125.943316,34.63048]]],[[[126.00815,34.640306],[126.006159,34.643751],[126.012378,34.645492],[126.018041,34.644814],[126.020147,34.63984],[126.007445,34.634022],[126.002424,34.638167],[126.002282,34.641868],[126.00815,34.640306]]],[[[125.465981,34.640439],[125.466226,34.637716],[125.462071,34.638305],[125.460335,34.64117],[125.455392,34.642391],[125.455357,34.647736],[125.463601,34.653614],[125.463554,34.65618],[125.476922,34.654637],[125.479511,34.658251],[125.478629,34.649847],[125.472172,34.645329],[125.471841,34.64217],[125.465981,34.640439]]],[[[126.010868,34.649505],[126.012466,34.646298],[126.006108,34.648017],[126.004404,34.651948],[126.006444,34.652608],[126.010868,34.649505]]],[[[125.952732,34.652254],[125.950769,34.653426],[125.958866,34.653555],[125.958277,34.651858],[125.952732,34.652254]]],[[[125.885365,34.655644],[125.882492,34.65705],[125.883731,34.657672],[125.886612,34.657262],[125.885365,34.655644]]],[[[126.010103,34.656422],[126.00882,34.657699],[126.011424,34.660135],[126.015731,34.658721],[126.010103,34.656422]]],[[[125.42939,34.689145],[125.431634,34.688613],[125.430127,34.686109],[125.43169,34.685648],[125.436628,34.686513],[125.441127,34.684887],[125.444173,34.688213],[125.437739,34.689413],[125.443149,34.691006],[125.444159,34.694145],[125.446482,34.694575],[125.452181,34.691121],[125.451144,34.694635],[125.454697,34.696844],[125.465398,34.693418],[125.465701,34.687303],[125.460999,34.681285],[125.457728,34.681164],[125.45375,34.684844],[125.451267,34.681126],[125.448087,34.680559],[125.44822,34.673451],[125.444909,34.662876],[125.43544,34.657488],[125.427443,34.658702],[125.430278,34.643729],[125.421689,34.642565],[125.420469,34.639652],[125.41475,34.638525],[125.41358,34.63298],[125.415305,34.626156],[125.413781,34.622449],[125.402933,34.622834],[125.392946,34.628233],[125.388705,34.63318],[125.384526,34.643799],[125.398069,34.647162],[125.396664,34.650401],[125.394771,34.649323],[125.386389,34.653952],[125.38693,34.658962],[125.397037,34.664098],[125.395048,34.668022],[125.395923,34.672247],[125.398065,34.677015],[125.404408,34.678941],[125.407791,34.685568],[125.405806,34.689229],[125.40728,34.695568],[125.417735,34.699255],[125.430489,34.697817],[125.43297,34.700174],[125.437343,34.70015],[125.439913,34.702989],[125.442351,34.702459],[125.443633,34.696302],[125.433432,34.696332],[125.42939,34.689145]]],[[[125.389577,34.68769],[125.38637,34.681537],[125.379663,34.67888],[125.378877,34.675151],[125.370693,34.665744],[125.362245,34.669881],[125.360218,34.674724],[125.36147,34.676511],[125.368677,34.681036],[125.379502,34.681623],[125.380608,34.685445],[125.389604,34.691852],[125.386471,34.698452],[125.390788,34.69718],[125.394275,34.699972],[125.396335,34.698936],[125.393764,34.693146],[125.397209,34.692572],[125.389577,34.68769]]],[[[125.195995,34.675644],[125.198445,34.675052],[125.19773,34.672905],[125.19565,34.670485],[125.190278,34.672417],[125.188479,34.664094],[125.184486,34.665668],[125.181009,34.664485],[125.175967,34.672203],[125.172587,34.673536],[125.173157,34.675304],[125.178312,34.676387],[125.177313,34.680269],[125.178347,34.683119],[125.183157,34.68463],[125.182622,34.688384],[125.188487,34.68471],[125.191951,34.686521],[125.191944,34.693812],[125.199563,34.704284],[125.199301,34.710748],[125.200208,34.710962],[125.201614,34.711554],[125.206589,34.714016],[125.206687,34.716531],[125.21311,34.715495],[125.211417,34.709184],[125.215464,34.705221],[125.213168,34.695392],[125.20318,34.680229],[125.200863,34.679877],[125.199353,34.682734],[125.195394,34.682298],[125.193782,34.679383],[125.195995,34.675644]]],[[[125.981345,34.722562],[125.991672,34.719616],[125.993476,34.712665],[125.991408,34.711105],[125.997971,34.705777],[125.997327,34.719109],[126.004738,34.720509],[125.999749,34.724992],[125.991869,34.72651],[125.990277,34.729663],[125.994271,34.731959],[125.999304,34.731548],[126.003122,34.725698],[126.010484,34.721536],[126.009069,34.719305],[126.014679,34.710413],[126.009027,34.706356],[126.0086,34.703799],[126.013543,34.703909],[126.015046,34.701092],[126.01459,34.698258],[126.010702,34.695599],[126.01126,34.689944],[126.008386,34.684434],[125.998669,34.682381],[125.994369,34.679064],[125.989349,34.679022],[125.988318,34.673152],[125.984022,34.674097],[125.980367,34.672551],[125.978111,34.666872],[125.981208,34.663866],[125.976003,34.659073],[125.965331,34.656449],[125.955726,34.657527],[125.953614,34.661127],[125.95679,34.668299],[125.953685,34.671809],[125.949407,34.671267],[125.950307,34.667839],[125.944459,34.665565],[125.942122,34.666454],[125.940327,34.663204],[125.937578,34.667526],[125.931318,34.668785],[125.93214,34.671521],[125.935536,34.673302],[125.932459,34.675263],[125.933297,34.676786],[125.928025,34.677346],[125.925288,34.668328],[125.924521,34.670847],[125.920351,34.671417],[125.922211,34.679013],[125.919397,34.678887],[125.919428,34.676462],[125.915621,34.677337],[125.916785,34.685205],[125.914371,34.68526],[125.91531,34.692842],[125.913927,34.6962],[125.91632,34.700487],[125.914206,34.702564],[125.916796,34.705656],[125.915908,34.711187],[125.937163,34.716239],[125.940915,34.713727],[125.946258,34.714447],[125.945303,34.718211],[125.947518,34.722421],[125.957899,34.732114],[125.960821,34.737548],[125.965014,34.73536],[125.968664,34.727609],[125.97223,34.726528],[125.976982,34.718786],[125.978885,34.718449],[125.981345,34.722562]]],[[[125.468174,34.696199],[125.463048,34.699394],[125.460375,34.704604],[125.467663,34.700586],[125.468174,34.696199]]],[[[125.904266,34.715504],[125.906268,34.712852],[125.90655,34.70796],[125.902042,34.709908],[125.900698,34.716064],[125.904266,34.715504]]],[[[125.20049,34.711574],[125.201969,34.716363],[125.202547,34.715261],[125.20049,34.711574]]],[[[125.187852,34.720777],[125.189607,34.72015],[125.188479,34.717456],[125.192038,34.715778],[125.19067,34.713146],[125.186525,34.718112],[125.187852,34.720777]]],[[[125.409216,34.715474],[125.405746,34.714158],[125.40411,34.717558],[125.407203,34.720067],[125.409216,34.715474]]],[[[125.203772,34.717861],[125.202872,34.717391],[125.20376,34.720244],[125.203772,34.717861]]],[[[125.200836,34.723529],[125.19807,34.723325],[125.198999,34.726147],[125.201748,34.725306],[125.200836,34.723529]]],[[[125.470942,34.734052],[125.479751,34.733946],[125.477342,34.729145],[125.480408,34.726798],[125.4746,34.728135],[125.466893,34.725545],[125.464923,34.727322],[125.462378,34.726715],[125.461176,34.723698],[125.464553,34.723259],[125.466812,34.717709],[125.462248,34.711908],[125.459597,34.714431],[125.459823,34.719176],[125.457729,34.720706],[125.453927,34.719843],[125.448451,34.726871],[125.450578,34.728454],[125.451034,34.725682],[125.452834,34.725482],[125.453534,34.731308],[125.457202,34.729724],[125.457779,34.73251],[125.461329,34.732407],[125.461161,34.73422],[125.454205,34.738674],[125.454475,34.743059],[125.458959,34.742249],[125.460611,34.738258],[125.462558,34.739584],[125.470942,34.734052]]],[[[125.445309,34.726715],[125.443873,34.727258],[125.446859,34.730505],[125.449972,34.730464],[125.445309,34.726715]]],[[[125.883776,34.736766],[125.884964,34.73363],[125.883934,34.733693],[125.88189,34.735563],[125.883776,34.736766]]],[[[125.451368,34.738708],[125.44934,34.732219],[125.439986,34.732308],[125.436345,34.734346],[125.438415,34.738542],[125.436959,34.742016],[125.440454,34.742535],[125.440774,34.743052],[125.444133,34.743672],[125.451368,34.738708]]],[[[125.986996,34.740039],[125.989461,34.738119],[125.986381,34.736066],[125.986996,34.740039]]],[[[125.950095,34.742336],[125.953242,34.739435],[125.951363,34.739103],[125.948488,34.740605],[125.950095,34.742336]]],[[[125.439775,34.742782],[125.437547,34.744263],[125.437843,34.744506],[125.439775,34.742782]]],[[[125.434041,34.744756],[125.43443,34.744239],[125.428469,34.745309],[125.434041,34.744756]]],[[[125.42643,34.757275],[125.435302,34.754145],[125.438481,34.74878],[125.432163,34.748647],[125.427932,34.751772],[125.42643,34.757275]]],[[[125.995842,34.776607],[125.996957,34.774335],[126.000011,34.775175],[126.001026,34.772983],[126.000169,34.762058],[125.991951,34.755227],[125.989569,34.756104],[125.989201,34.761967],[125.98448,34.760135],[125.981414,34.755194],[125.9771,34.752469],[125.96341,34.751886],[125.962704,34.746765],[125.959533,34.747507],[125.957784,34.751169],[125.954808,34.752547],[125.940062,34.751338],[125.938993,34.749943],[125.940873,34.749715],[125.942212,34.745408],[125.945979,34.744463],[125.947234,34.739015],[125.94548,34.737094],[125.95095,34.734208],[125.951071,34.732417],[125.944185,34.730157],[125.94242,34.721424],[125.938473,34.719166],[125.927322,34.718416],[125.92705,34.71654],[125.91981,34.71505],[125.908195,34.715883],[125.901434,34.719244],[125.902834,34.725449],[125.89423,34.726226],[125.89568,34.728602],[125.893363,34.732003],[125.886073,34.73047],[125.889495,34.733109],[125.886955,34.738381],[125.891491,34.74635],[125.889979,34.755975],[125.89361,34.757882],[125.893879,34.759921],[125.88867,34.76517],[125.892937,34.771278],[125.897054,34.77376],[125.898833,34.78119],[125.904008,34.778548],[125.906933,34.781589],[125.910409,34.780317],[125.908685,34.776542],[125.911131,34.776005],[125.915647,34.776442],[125.914984,34.780415],[125.917456,34.780355],[125.917493,34.77687],[125.925039,34.774882],[125.936387,34.776286],[125.952814,34.784054],[125.951566,34.788932],[125.958783,34.788912],[125.961487,34.786084],[125.963458,34.786589],[125.964724,34.788067],[125.96291,34.790821],[125.969515,34.793892],[125.971946,34.797172],[125.969537,34.800085],[125.973946,34.8033],[125.979003,34.80212],[125.983219,34.805007],[125.990546,34.80409],[125.990419,34.806371],[125.993176,34.807371],[125.996775,34.805611],[126.000855,34.795273],[126.001206,34.790795],[125.995842,34.776607]]],[[[125.920085,34.783503],[125.922119,34.787631],[125.922425,34.786392],[125.921788,34.781846],[125.920085,34.783503]]],[[[125.903339,34.787033],[125.906209,34.784861],[125.900855,34.78639],[125.901112,34.788877],[125.903339,34.787033]]],[[[125.910525,34.786952],[125.90406,34.789789],[125.909194,34.795856],[125.914858,34.794977],[125.91728,34.79204],[125.910525,34.786952]]],[[[125.955158,34.797495],[125.954454,34.799362],[125.957169,34.799333],[125.958314,34.798339],[125.955158,34.797495]]],[[[125.971061,34.862149],[125.967461,34.863115],[125.972112,34.864543],[125.971061,34.862149]]],[[[126.008367,34.9112],[126.00889,34.910508],[126.003943,34.908771],[126.002127,34.912815],[126.008367,34.9112]]],[[[125.924016,35.077293],[125.919676,35.076765],[125.916587,35.080887],[125.917819,35.083412],[125.921633,35.083077],[125.924016,35.077293]]],[[[126.010025,35.327795],[126.002375,35.329744],[125.995752,35.319942],[125.992108,35.318676],[125.996468,35.323214],[125.998571,35.333323],[126.001287,35.331472],[126.007743,35.332732],[126.010345,35.330604],[126.010025,35.327795]]],[[[125.997221,35.335025],[125.984951,35.336747],[125.989358,35.339157],[125.991884,35.337142],[125.997428,35.337666],[125.997221,35.335025]]],[[[126.058891,34.218881],[126.058017,34.217914],[126.057844,34.220694],[126.058891,34.218881]]],[[[126.078739,34.232438],[126.077177,34.231187],[126.072217,34.233035],[126.07322,34.236403],[126.075217,34.236853],[126.078739,34.232438]]],[[[126.060886,34.231671],[126.05667,34.230879],[126.058159,34.224584],[126.043098,34.231666],[126.040343,34.230097],[126.040719,34.226911],[126.035706,34.218704],[126.033903,34.231259],[126.026263,34.230907],[126.025592,34.228213],[126.023451,34.231746],[126.026136,34.238868],[126.030248,34.236815],[126.037029,34.239234],[126.041114,34.235591],[126.047885,34.239129],[126.052718,34.24817],[126.048301,34.252234],[126.049079,34.254774],[126.053928,34.250131],[126.062076,34.247116],[126.065105,34.241433],[126.060886,34.231671]]],[[[126.066244,34.238024],[126.066174,34.240489],[126.068407,34.240053],[126.068639,34.238363],[126.066244,34.238024]]],[[[126.076551,34.24593],[126.072392,34.246139],[126.078075,34.249063],[126.083475,34.248384],[126.086294,34.250082],[126.09114,34.247612],[126.082993,34.242032],[126.079044,34.24264],[126.076551,34.24593]]],[[[126.049803,34.261876],[126.054466,34.260294],[126.055885,34.25786],[126.049546,34.255926],[126.04745,34.258346],[126.049803,34.261876]]],[[[126.156847,34.257839],[126.154871,34.25726],[126.147706,34.261475],[126.139199,34.26979],[126.151283,34.269155],[126.151603,34.261965],[126.156847,34.257839]]],[[[126.109263,34.268867],[126.111705,34.260905],[126.10015,34.262731],[126.095668,34.270951],[126.098799,34.270776],[126.10214,34.267455],[126.109263,34.268867]]],[[[126.12246,34.268101],[126.1222,34.265602],[126.11919,34.268552],[126.119755,34.270116],[126.12246,34.268101]]],[[[126.054818,34.272973],[126.057224,34.270537],[126.055585,34.26895],[126.052786,34.271403],[126.054818,34.272973]]],[[[126.053538,34.304755],[126.060437,34.304899],[126.080337,34.308048],[126.088945,34.312199],[126.089788,34.305194],[126.086565,34.299358],[126.08856,34.297193],[126.08806,34.29274],[126.093138,34.289054],[126.091445,34.283502],[126.096015,34.275998],[126.093968,34.272895],[126.086548,34.280741],[126.086235,34.279286],[126.081077,34.280337],[126.079198,34.281957],[126.081044,34.283424],[126.079938,34.284415],[126.073924,34.283643],[126.072976,34.280185],[126.068528,34.276428],[126.068889,34.273524],[126.067247,34.273512],[126.062045,34.278558],[126.064802,34.286661],[126.063023,34.289009],[126.061488,34.289179],[126.060658,34.285086],[126.056572,34.288142],[126.052971,34.287024],[126.058981,34.278352],[126.057709,34.274619],[126.055744,34.274059],[126.052437,34.276032],[126.049637,34.28164],[126.037019,34.283903],[126.034628,34.28234],[126.032303,34.284501],[126.029577,34.283481],[126.023426,34.285157],[126.022855,34.287151],[126.02764,34.290095],[126.024184,34.295335],[126.015144,34.291129],[126.017122,34.299864],[126.020811,34.30289],[126.032399,34.304798],[126.032267,34.306705],[126.021424,34.306709],[126.021283,34.309432],[126.023976,34.313268],[126.026382,34.313651],[126.030039,34.309956],[126.03418,34.311805],[126.029198,34.316397],[126.03181,34.317871],[126.03924,34.319564],[126.044,34.315216],[126.045593,34.309961],[126.053538,34.304755]]],[[[126.026319,34.321695],[126.024351,34.321067],[126.025602,34.324548],[126.027295,34.324397],[126.026319,34.321695]]],[[[126.061192,34.321264],[126.058974,34.319016],[126.056549,34.31922],[126.052009,34.324094],[126.044498,34.32173],[126.036593,34.32256],[126.037995,34.325546],[126.046001,34.32375],[126.036866,34.330075],[126.034244,34.324029],[126.023762,34.330343],[126.021993,34.328171],[126.023636,34.32573],[126.020891,34.322659],[126.015583,34.323881],[126.010948,34.32124],[126.007711,34.321809],[125.997803,34.325075],[125.996337,34.335178],[125.992348,34.338567],[125.999405,34.341302],[126.000882,34.337819],[126.005578,34.335328],[126.01593,34.332585],[126.011004,34.339388],[126.024189,34.339941],[126.026388,34.342996],[126.034174,34.337937],[126.053623,34.332139],[126.061192,34.321264]]],[[[126.026727,34.343241],[126.021289,34.341842],[126.014008,34.343193],[126.013001,34.348585],[126.021233,34.350466],[126.012358,34.35456],[126.012504,34.358084],[126.010216,34.360809],[126.014588,34.360945],[126.021926,34.357805],[126.026727,34.343241]]],[[[126.125459,34.355882],[126.122999,34.354536],[126.123031,34.356417],[126.125459,34.355882]]],[[[126.124032,34.364389],[126.122709,34.364821],[126.124307,34.366619],[126.124032,34.364389]]],[[[126.044461,34.375398],[126.043963,34.374155],[126.042614,34.374293],[126.041363,34.37856],[126.044461,34.375398]]],[[[126.041187,34.3828],[126.040603,34.380068],[126.038094,34.381227],[126.037534,34.382663],[126.041187,34.3828]]],[[[126.016113,34.385827],[126.017885,34.383128],[126.016964,34.383041],[126.014646,34.384766],[126.016113,34.385827]]],[[[126.032987,34.401012],[126.03592,34.401446],[126.038936,34.399111],[126.041059,34.39338],[126.034301,34.395105],[126.035002,34.39825],[126.032987,34.401012]]],[[[126.03859,34.403064],[126.040104,34.407016],[126.050232,34.402011],[126.051168,34.397163],[126.054772,34.392872],[126.05071,34.392752],[126.041467,34.397908],[126.03859,34.403064]]],[[[126.081319,34.427954],[126.084607,34.428597],[126.084771,34.425795],[126.081997,34.425799],[126.081319,34.427954]]],[[[126.084286,34.437024],[126.080565,34.437119],[126.08089,34.440701],[126.083954,34.439739],[126.084286,34.437024]]],[[[126.092261,34.46192],[126.096172,34.457302],[126.104601,34.45459],[126.092821,34.456178],[126.090633,34.460471],[126.092261,34.46192]]],[[[126.027856,34.457867],[126.026634,34.456279],[126.026034,34.457676],[126.025903,34.459278],[126.027856,34.457867]]],[[[126.059143,34.483341],[126.055307,34.482809],[126.057359,34.480148],[126.066208,34.484566],[126.071905,34.481431],[126.065678,34.477702],[126.067312,34.476209],[126.066314,34.47503],[126.053206,34.471917],[126.053869,34.466903],[126.044236,34.460638],[126.042882,34.455273],[126.041263,34.455428],[126.040393,34.460775],[126.036358,34.460074],[126.034919,34.46207],[126.040904,34.469144],[126.0378,34.475311],[126.030856,34.481279],[126.031834,34.484131],[126.033654,34.484145],[126.034906,34.480809],[126.03895,34.480841],[126.044092,34.49092],[126.050152,34.492754],[126.04683,34.495569],[126.054925,34.498701],[126.058588,34.496721],[126.059439,34.493047],[126.064693,34.493422],[126.066126,34.491927],[126.065157,34.488072],[126.060298,34.488536],[126.059143,34.483341]]],[[[126.085226,34.493837],[126.088138,34.489884],[126.086228,34.486122],[126.081137,34.484387],[126.077615,34.487371],[126.078626,34.49193],[126.085226,34.493837]]],[[[126.102169,34.490932],[126.101039,34.49394],[126.107414,34.493877],[126.110766,34.491873],[126.109983,34.489418],[126.102169,34.490932]]],[[[126.08869,34.517029],[126.089311,34.516135],[126.087279,34.51548],[126.086506,34.516583],[126.08869,34.517029]]],[[[126.096828,34.5206],[126.096849,34.518742],[126.093915,34.520195],[126.096828,34.5206]]],[[[126.107007,34.530402],[126.106811,34.528213],[126.104271,34.528149],[126.10388,34.530934],[126.107007,34.530402]]],[[[126.040422,34.546108],[126.04434,34.5435],[126.040085,34.543485],[126.037454,34.545261],[126.040422,34.546108]]],[[[126.136436,34.580989],[126.143972,34.580036],[126.144756,34.581917],[126.148628,34.581474],[126.149368,34.575659],[126.143021,34.575771],[126.136436,34.580989]]],[[[126.099295,34.600229],[126.099153,34.596742],[126.104652,34.5958],[126.103935,34.591794],[126.111536,34.588371],[126.109323,34.585243],[126.103304,34.583194],[126.104992,34.578724],[126.099491,34.580039],[126.104134,34.576321],[126.102775,34.573705],[126.096152,34.573864],[126.093487,34.569556],[126.097863,34.567243],[126.102304,34.558859],[126.101105,34.553118],[126.082925,34.555119],[126.085726,34.552743],[126.08666,34.546309],[126.078091,34.540095],[126.066778,34.53709],[126.062341,34.539245],[126.064794,34.534156],[126.060689,34.532613],[126.057462,34.533683],[126.056742,34.530483],[126.043128,34.530377],[126.040441,34.533848],[126.031565,34.53065],[126.025219,34.534404],[126.029266,34.544078],[126.035021,34.542508],[126.037151,34.538251],[126.047039,34.538955],[126.044491,34.546835],[126.057889,34.549493],[126.058272,34.554655],[126.055545,34.556041],[126.048691,34.554477],[126.038501,34.557836],[126.034242,34.549881],[126.032413,34.549971],[126.031749,34.552832],[126.02732,34.548784],[126.025725,34.555859],[126.031004,34.562728],[126.037154,34.565257],[126.046042,34.565535],[126.064817,34.561355],[126.072624,34.570957],[126.07059,34.572401],[126.076251,34.573695],[126.080363,34.57826],[126.079868,34.583066],[126.073875,34.583229],[126.073062,34.588247],[126.067574,34.59399],[126.068197,34.600269],[126.063947,34.607959],[126.055212,34.610498],[126.045889,34.609226],[126.049437,34.618973],[126.049197,34.628925],[126.058351,34.634171],[126.068468,34.635256],[126.069046,34.631775],[126.078736,34.624506],[126.080565,34.621553],[126.078951,34.621318],[126.083474,34.618312],[126.083256,34.613711],[126.087527,34.609071],[126.093385,34.607038],[126.099645,34.609309],[126.103184,34.605895],[126.099295,34.600229]]],[[[126.123609,34.613173],[126.125073,34.611457],[126.123715,34.610658],[126.122446,34.611556],[126.123609,34.613173]]],[[[126.108103,34.614085],[126.11024,34.615017],[126.116401,34.613616],[126.114064,34.611847],[126.108487,34.611872],[126.108103,34.614085]]],[[[126.042382,34.62091],[126.037401,34.614881],[126.038796,34.606848],[126.046342,34.602691],[126.052228,34.602522],[126.055066,34.604781],[126.05794,34.598216],[126.063003,34.593883],[126.061732,34.586684],[126.065322,34.582942],[126.06118,34.571945],[126.056072,34.568032],[126.046856,34.571136],[126.045448,34.568647],[126.04115,34.567846],[126.036749,34.572348],[126.031726,34.572134],[126.029672,34.565312],[126.019473,34.56359],[126.017517,34.571915],[126.021086,34.573724],[126.017049,34.582961],[126.014804,34.583571],[126.011525,34.589313],[126.014818,34.585885],[126.019675,34.589519],[126.024276,34.5898],[126.026436,34.592909],[126.019549,34.600218],[126.016897,34.599464],[126.014617,34.595746],[126.010851,34.596309],[126.014159,34.602373],[126.010916,34.605044],[126.010675,34.60759],[126.016471,34.617604],[126.012921,34.621285],[126.009843,34.631367],[126.015456,34.635566],[126.025658,34.634182],[126.028255,34.635877],[126.028218,34.646909],[126.03213,34.648904],[126.038518,34.658369],[126.043716,34.659997],[126.045858,34.664774],[126.044626,34.668467],[126.047437,34.669448],[126.049508,34.666796],[126.047358,34.661444],[126.053237,34.653065],[126.0531,34.650115],[126.051336,34.640779],[126.04365,34.628924],[126.040896,34.631851],[126.042382,34.62091]]],[[[126.123805,34.617898],[126.109905,34.618644],[126.108037,34.622949],[126.113833,34.624769],[126.113719,34.627698],[126.117978,34.629142],[126.126468,34.619415],[126.123805,34.617898]]],[[[126.0816,34.63381],[126.075931,34.633668],[126.071511,34.640717],[126.079515,34.643112],[126.079181,34.64074],[126.084866,34.638054],[126.088573,34.633492],[126.089079,34.629534],[126.0816,34.63381]]],[[[126.094432,34.638609],[126.096182,34.635878],[126.094004,34.63519],[126.092362,34.638585],[126.094432,34.638609]]],[[[126.091297,34.643025],[126.092612,34.640565],[126.088784,34.640206],[126.087672,34.642551],[126.091297,34.643025]]],[[[126.015151,34.666525],[126.015423,34.668298],[126.020678,34.669226],[126.021679,34.66706],[126.018881,34.664462],[126.015151,34.666525]]],[[[126.079093,34.64339],[126.069849,34.643425],[126.063685,34.654932],[126.064178,34.668187],[126.065958,34.66979],[126.062555,34.675488],[126.062505,34.67994],[126.066985,34.681246],[126.064634,34.684726],[126.079456,34.69173],[126.083518,34.684446],[126.086514,34.668992],[126.085733,34.65828],[126.081395,34.655809],[126.079093,34.64339]]],[[[126.033316,34.668653],[126.034225,34.672997],[126.03911,34.672451],[126.040194,34.668811],[126.033316,34.668653]]],[[[126.025083,34.670205],[126.024329,34.670543],[126.029357,34.671995],[126.025083,34.670205]]],[[[126.013962,34.687055],[126.015543,34.685922],[126.014968,34.683318],[126.010626,34.682352],[126.010313,34.685981],[126.013962,34.687055]]],[[[126.03744,34.728428],[126.039073,34.731039],[126.040103,34.729332],[126.039482,34.726533],[126.03744,34.728428]]],[[[126.117552,34.777627],[126.123964,34.775804],[126.130702,34.762591],[126.138375,34.758396],[126.162912,34.75833],[126.169138,34.754293],[126.175123,34.753653],[126.175374,34.749235],[126.180395,34.741788],[126.18644,34.735029],[126.193685,34.731847],[126.193359,34.723004],[126.196279,34.719453],[126.190173,34.711592],[126.184841,34.709006],[126.175866,34.699765],[126.159128,34.698461],[126.14828,34.691415],[126.145448,34.686295],[126.135548,34.687415],[126.12591,34.683266],[126.119942,34.682713],[126.117246,34.684393],[126.10888,34.696063],[126.099189,34.696842],[126.0942,34.700885],[126.092304,34.704661],[126.09372,34.707052],[126.083004,34.707141],[126.08159,34.704581],[126.078492,34.705237],[126.078258,34.707786],[126.073927,34.708093],[126.072439,34.712162],[126.067139,34.707021],[126.063575,34.712434],[126.067645,34.717055],[126.068345,34.728111],[126.071394,34.731875],[126.069085,34.735597],[126.07006,34.740535],[126.073317,34.7443],[126.072874,34.747017],[126.080673,34.750136],[126.078349,34.755219],[126.076703,34.754866],[126.0696,34.763142],[126.063182,34.765473],[126.063145,34.768703],[126.067913,34.771987],[126.071035,34.76946],[126.080319,34.769021],[126.083253,34.764793],[126.086739,34.766519],[126.075533,34.772895],[126.074261,34.775945],[126.078558,34.779038],[126.085819,34.775183],[126.091594,34.775056],[126.09679,34.771355],[126.099267,34.771203],[126.101708,34.774281],[126.112436,34.77385],[126.117552,34.777627]]],[[[126.034419,34.735856],[126.034577,34.737622],[126.040883,34.737083],[126.045748,34.732563],[126.043987,34.730687],[126.034419,34.735856]]],[[[126.029073,34.746414],[126.025216,34.740106],[126.031628,34.727686],[126.031568,34.72288],[126.029481,34.721709],[126.018476,34.723229],[126.012143,34.734042],[126.010557,34.745101],[126.0113,34.750544],[126.01626,34.759144],[126.016871,34.766922],[126.018946,34.767194],[126.021022,34.764365],[126.027293,34.764613],[126.029996,34.757278],[126.029073,34.746414]]],[[[126.05965,34.739442],[126.0513,34.750248],[126.039729,34.756478],[126.041089,34.760113],[126.048424,34.764564],[126.048309,34.766491],[126.057229,34.771417],[126.058598,34.766186],[126.055843,34.76177],[126.062802,34.750028],[126.05965,34.739442]]],[[[126.048716,34.771736],[126.04953,34.774133],[126.051336,34.771603],[126.048716,34.771736]]],[[[126.17379,34.777668],[126.17503,34.762233],[126.169645,34.757794],[126.160657,34.760791],[126.140208,34.760648],[126.135756,34.762333],[126.13062,34.768936],[126.130766,34.77222],[126.123463,34.779506],[126.114209,34.779066],[126.11265,34.777007],[126.099544,34.777655],[126.091553,34.785601],[126.086579,34.786122],[126.084517,34.788713],[126.082733,34.786652],[126.081356,34.788689],[126.083848,34.792218],[126.086918,34.792592],[126.093776,34.789826],[126.099838,34.792557],[126.108351,34.792172],[126.114024,34.795048],[126.117396,34.792909],[126.123313,34.798324],[126.132832,34.79966],[126.145823,34.812734],[126.149973,34.814225],[126.15811,34.824279],[126.16557,34.820973],[126.171052,34.798062],[126.169234,34.789768],[126.174495,34.788685],[126.17379,34.777668]]],[[[126.084997,34.807343],[126.087068,34.805667],[126.084919,34.805189],[126.084997,34.807343]]],[[[126.062567,34.818517],[126.066369,34.813153],[126.072937,34.811785],[126.076214,34.802111],[126.079628,34.798232],[126.076793,34.794134],[126.072404,34.796512],[126.06474,34.807561],[126.056623,34.809024],[126.055446,34.814083],[126.049801,34.814409],[126.047197,34.816454],[126.044037,34.819687],[126.045142,34.822996],[126.042838,34.825427],[126.04805,34.828158],[126.050927,34.82281],[126.053028,34.821674],[126.05602,34.822973],[126.062567,34.818517]]],[[[126.079892,34.814051],[126.080458,34.814951],[126.082077,34.812552],[126.080468,34.812183],[126.079892,34.814051]]],[[[126.14537,34.816132],[126.143312,34.81775],[126.143726,34.81814],[126.146089,34.81793],[126.14537,34.816132]]],[[[126.068742,34.826893],[126.070193,34.823727],[126.068713,34.823518],[126.066824,34.825695],[126.068742,34.826893]]],[[[126.059823,34.834078],[126.064266,34.829842],[126.06236,34.829109],[126.057953,34.830767],[126.059823,34.834078]]],[[[126.130909,34.880508],[126.133561,34.876629],[126.137943,34.875202],[126.140831,34.878118],[126.140059,34.880802],[126.144032,34.880958],[126.146002,34.87897],[126.145308,34.87543],[126.154793,34.869168],[126.157916,34.862048],[126.149829,34.858753],[126.1353,34.862302],[126.133496,34.856545],[126.134784,34.852882],[126.139929,34.85226],[126.151077,34.845372],[126.148573,34.838967],[126.139567,34.835001],[126.138968,34.830311],[126.143487,34.824059],[126.124601,34.835902],[126.121725,34.834395],[126.120675,34.830173],[126.114667,34.826018],[126.117349,34.816938],[126.123042,34.812481],[126.118415,34.805703],[126.12041,34.802784],[126.119042,34.800302],[126.093881,34.796621],[126.091232,34.801445],[126.095569,34.802583],[126.096158,34.805319],[126.093209,34.807909],[126.090592,34.814993],[126.082961,34.817243],[126.073817,34.822998],[126.076323,34.828055],[126.061299,34.843882],[126.05837,34.849594],[126.075186,34.851143],[126.081122,34.858037],[126.087334,34.860964],[126.092236,34.855356],[126.102225,34.851525],[126.114897,34.850706],[126.120083,34.857754],[126.116164,34.858176],[126.110223,34.86488],[126.109038,34.868545],[126.112377,34.874771],[126.108463,34.877057],[126.108385,34.879469],[126.114657,34.883116],[126.122602,34.879853],[126.130909,34.880508]]],[[[126.055523,34.846085],[126.058708,34.845575],[126.057652,34.842357],[126.054042,34.843443],[126.055523,34.846085]]],[[[126.120773,34.888858],[126.124282,34.887582],[126.119868,34.884956],[126.115595,34.885688],[126.120773,34.888858]]],[[[126.107437,34.889487],[126.111812,34.886466],[126.11092,34.884924],[126.104842,34.884847],[126.107437,34.889487]]],[[[126.080154,34.930888],[126.076022,34.924796],[126.077837,34.921353],[126.08295,34.926444],[126.084736,34.92566],[126.08124,34.920449],[126.091872,34.923188],[126.090645,34.917329],[126.085493,34.915695],[126.084237,34.912495],[126.092965,34.912029],[126.094276,34.91031],[126.098464,34.911405],[126.09628,34.904343],[126.101289,34.904114],[126.104068,34.901077],[126.09965,34.891553],[126.098787,34.881841],[126.095791,34.875305],[126.087385,34.868822],[126.085344,34.863622],[126.075362,34.861818],[126.070397,34.857659],[126.060748,34.854394],[126.050267,34.853382],[126.045948,34.850024],[126.048077,34.847382],[126.047625,34.844587],[126.04361,34.842804],[126.031918,34.857753],[126.025571,34.859512],[126.023621,34.855493],[126.020495,34.860787],[126.017103,34.860486],[126.021843,34.86502],[126.019502,34.865879],[126.017669,34.863232],[126.012746,34.862863],[126.008736,34.858553],[125.997116,34.864947],[125.993925,34.864482],[125.993813,34.862727],[125.987761,34.864962],[125.982518,34.861406],[125.973925,34.864392],[125.980025,34.867235],[125.977216,34.872396],[125.974818,34.871283],[125.975493,34.869152],[125.968046,34.869792],[125.96574,34.873402],[125.96779,34.877274],[125.973629,34.875197],[125.979413,34.877506],[125.983797,34.875548],[125.989266,34.877189],[125.994914,34.88282],[125.992097,34.888646],[125.998873,34.889233],[126.005397,34.897264],[126.006337,34.899664],[126.004536,34.901644],[126.010483,34.904085],[126.009786,34.908334],[126.0136,34.913549],[126.017801,34.913451],[126.021573,34.908695],[126.026717,34.910864],[126.031234,34.909533],[126.036653,34.915277],[126.033987,34.919288],[126.036907,34.91992],[126.04018,34.919363],[126.046121,34.911881],[126.052573,34.912729],[126.058141,34.920217],[126.052812,34.920043],[126.050189,34.923346],[126.057115,34.925128],[126.058496,34.93152],[126.056211,34.933496],[126.055182,34.938673],[126.06052,34.938183],[126.063802,34.933821],[126.065389,34.936359],[126.069418,34.937321],[126.071856,34.93601],[126.071716,34.934148],[126.075749,34.93471],[126.080154,34.930888]]],[[[126.020925,34.922428],[126.020195,34.919405],[126.014273,34.924083],[126.01704,34.925263],[126.020925,34.922428]]],[[[126.0191,34.927549],[126.01629,34.931336],[126.020504,34.9315],[126.022544,34.929715],[126.0191,34.927549]]],[[[126.11548,34.950457],[126.117441,34.94837],[126.116384,34.94801],[126.11548,34.950457]]],[[[126.124624,34.961276],[126.122223,34.962009],[126.122357,34.963561],[126.124563,34.963674],[126.124624,34.961276]]],[[[126.181933,34.99732],[126.182327,34.995036],[126.178973,34.99664],[126.17684,34.993678],[126.183206,34.993641],[126.187664,34.986506],[126.187866,34.977004],[126.174592,34.945965],[126.170201,34.94799],[126.169613,34.94439],[126.17227,34.944023],[126.157973,34.937889],[126.144669,34.941392],[126.140268,34.944314],[126.140707,34.947143],[126.128716,34.944489],[126.126088,34.94203],[126.123497,34.950872],[126.132239,34.965575],[126.135185,34.967522],[126.133236,34.989518],[126.136228,34.997299],[126.133205,35.001403],[126.122507,34.999736],[126.122273,34.997199],[126.115809,34.995519],[126.113803,34.992496],[126.112079,34.997296],[126.107277,34.996617],[126.107617,34.994169],[126.104571,34.994104],[126.102888,34.999807],[126.097139,34.999765],[126.098855,35.005419],[126.101172,35.008282],[126.10763,35.005535],[126.108329,35.009453],[126.113765,35.009797],[126.115232,35.011281],[126.112782,35.014901],[126.114722,35.018421],[126.1265,35.02689],[126.128725,35.027008],[126.131629,35.023624],[126.132579,35.027289],[126.157441,35.026296],[126.165236,35.022743],[126.181933,34.99732]]],[[[126.097135,34.996964],[126.096381,34.9988],[126.099338,34.998798],[126.097135,34.996964]]],[[[126.100642,35.015055],[126.104028,35.013559],[126.10206,35.009852],[126.099839,35.012368],[126.100642,35.015055]]],[[[126.104341,35.019076],[126.10551,35.017059],[126.10288,35.017222],[126.101327,35.018169],[126.104341,35.019076]]],[[[126.110301,35.021321],[126.112774,35.020322],[126.109536,35.016101],[126.106946,35.019159],[126.110301,35.021321]]],[[[126.105147,35.025902],[126.110105,35.028482],[126.113313,35.027834],[126.11137,35.024423],[126.108379,35.023672],[126.105147,35.025902]]],[[[126.132211,35.042099],[126.133302,35.039974],[126.126036,35.037254],[126.125797,35.039709],[126.132211,35.042099]]],[[[126.114544,35.0544],[126.114831,35.052859],[126.111706,35.052874],[126.112001,35.055234],[126.114544,35.0544]]],[[[126.12087,35.064003],[126.121701,35.066277],[126.123623,35.064789],[126.123138,35.062837],[126.12087,35.064003]]],[[[126.132106,35.066696],[126.132695,35.06856],[126.136476,35.068312],[126.132106,35.066696]]],[[[126.130834,35.07469],[126.135816,35.070622],[126.131958,35.070128],[126.1286,35.072033],[126.130834,35.07469]]],[[[126.147806,35.078515],[126.149828,35.072804],[126.148284,35.073084],[126.144686,35.077953],[126.147806,35.078515]]],[[[126.141895,35.081934],[126.137129,35.084578],[126.134976,35.082566],[126.129138,35.084289],[126.134201,35.093283],[126.143568,35.093728],[126.146586,35.091293],[126.146949,35.083718],[126.141895,35.081934]]],[[[126.035751,35.091524],[126.031587,35.090101],[126.029146,35.077736],[126.026879,35.075838],[126.02345,35.079653],[126.017094,35.078539],[126.01876,35.080678],[126.011825,35.086263],[126.009626,35.095238],[126.012258,35.099838],[126.017532,35.100044],[126.015305,35.103133],[126.016082,35.104693],[126.021589,35.102121],[126.028982,35.091552],[126.03472,35.094541],[126.035751,35.091524]]],[[[126.047053,35.097409],[126.048467,35.09599],[126.046077,35.095949],[126.044945,35.097291],[126.047053,35.097409]]],[[[126.120522,35.099542],[126.123564,35.091838],[126.12362,35.086613],[126.122151,35.085631],[126.124273,35.080908],[126.122658,35.079802],[126.12344,35.075798],[126.115702,35.066386],[126.118567,35.061304],[126.116233,35.05825],[126.105897,35.056789],[126.105176,35.055083],[126.108643,35.049033],[126.102571,35.049839],[126.101571,35.046673],[126.096834,35.047123],[126.090717,35.052059],[126.075764,35.053526],[126.075723,35.05717],[126.072587,35.059819],[126.074269,35.067243],[126.0641,35.064857],[126.063135,35.058653],[126.065677,35.056243],[126.063471,35.055132],[126.056505,35.056536],[126.058661,35.061899],[126.05613,35.063092],[126.053338,35.061007],[126.048022,35.061087],[126.043173,35.066753],[126.040838,35.064554],[126.03669,35.065128],[126.037064,35.071085],[126.04269,35.07016],[126.045763,35.073462],[126.045718,35.07735],[126.040676,35.078404],[126.042867,35.080789],[126.041483,35.085274],[126.045305,35.08737],[126.04585,35.091383],[126.051147,35.093855],[126.048383,35.102558],[126.05117,35.104645],[126.071147,35.104678],[126.084831,35.111623],[126.09791,35.123919],[126.100974,35.127951],[126.100338,35.131956],[126.106416,35.13115],[126.109063,35.132749],[126.113884,35.138617],[126.113235,35.143837],[126.127897,35.143336],[126.135724,35.145215],[126.141371,35.143189],[126.14563,35.1465],[126.153165,35.148011],[126.164882,35.145905],[126.157536,35.140508],[126.145281,35.137385],[126.13255,35.123443],[126.120522,35.099542]]],[[[126.039511,35.101003],[126.040007,35.098611],[126.03696,35.097958],[126.036774,35.100621],[126.039511,35.101003]]],[[[126.063731,35.106121],[126.056927,35.110467],[126.056605,35.112898],[126.059435,35.113553],[126.066009,35.108409],[126.063731,35.106121]]],[[[126.047973,35.1088],[126.041895,35.111953],[126.048113,35.11646],[126.04886,35.111381],[126.052471,35.109902],[126.050307,35.105303],[126.047973,35.1088]]],[[[126.139934,35.202151],[126.129528,35.199983],[126.127534,35.196162],[126.130926,35.191732],[126.121921,35.189497],[126.121639,35.193423],[126.124005,35.195626],[126.121968,35.199125],[126.124163,35.202223],[126.128713,35.203349],[126.129599,35.200356],[126.136457,35.2049],[126.147288,35.205974],[126.150997,35.211217],[126.156222,35.211765],[126.156476,35.208186],[126.150724,35.206233],[126.146729,35.201522],[126.139934,35.202151]]],[[[126.104066,35.254013],[126.101971,35.247537],[126.096727,35.242793],[126.091122,35.243567],[126.089436,35.246003],[126.092203,35.250138],[126.099572,35.25213],[126.100108,35.256232],[126.104066,35.254013]]],[[[126.119778,35.260499],[126.120921,35.259566],[126.114689,35.255525],[126.111972,35.257536],[126.119778,35.260499]]],[[[126.088691,35.259809],[126.090204,35.259126],[126.083504,35.256442],[126.082204,35.257443],[126.088691,35.259809]]],[[[126.154441,35.278625],[126.148399,35.271098],[126.137769,35.270683],[126.142901,35.276725],[126.1324,35.281733],[126.130914,35.285402],[126.13189,35.289628],[126.13592,35.289783],[126.140004,35.293773],[126.139928,35.299572],[126.141846,35.300231],[126.145999,35.294695],[126.1523,35.290824],[126.154441,35.278625]]],[[[126.037192,35.351499],[126.036607,35.348417],[126.041445,35.346344],[126.031342,35.334933],[126.026371,35.336392],[126.014126,35.331621],[126.014835,35.334911],[126.019887,35.336873],[126.019636,35.339503],[126.016915,35.341642],[126.012276,35.339682],[126.008918,35.343737],[126.008386,35.347546],[126.011195,35.344566],[126.022423,35.344569],[126.023311,35.347134],[126.018839,35.348572],[126.01839,35.352069],[126.012762,35.352175],[126.008414,35.355602],[126.000459,35.352206],[125.995803,35.356514],[126.001087,35.35479],[126.006109,35.355864],[126.007183,35.359095],[126.020666,35.356411],[126.020709,35.364413],[126.025885,35.359649],[126.029548,35.358771],[126.028869,35.355076],[126.037192,35.351499]]],[[[126.05873,35.369633],[126.060569,35.36571],[126.059651,35.364912],[126.054279,35.367796],[126.05873,35.369633]]],[[[126.132638,35.372921],[126.133251,35.372639],[126.131238,35.370439],[126.129445,35.370756],[126.132638,35.372921]]],[[[126.053951,35.373078],[126.047958,35.370928],[126.045546,35.367582],[126.040893,35.370654],[126.044667,35.374777],[126.051877,35.3742],[126.053591,35.375677],[126.056896,35.375127],[126.056798,35.372153],[126.053951,35.373078]]],[[[126.165418,34.225623],[126.165514,34.221556],[126.161572,34.220366],[126.159311,34.223712],[126.165418,34.225623]]],[[[126.150389,34.222347],[126.147135,34.226358],[126.151385,34.2267],[126.153674,34.222539],[126.150389,34.222347]]],[[[126.164218,34.228749],[126.164916,34.22692],[126.161905,34.22687],[126.164218,34.228749]]],[[[126.180156,34.247623],[126.178716,34.242049],[126.180973,34.237196],[126.174832,34.236342],[126.17269,34.238507],[126.173056,34.243886],[126.176158,34.253527],[126.182075,34.262882],[126.186521,34.259034],[126.187171,34.255084],[126.180156,34.247623]]],[[[126.177791,34.261135],[126.172617,34.263987],[126.173346,34.264765],[126.177791,34.261135]]],[[[126.299109,34.320581],[126.293577,34.325178],[126.298026,34.325054],[126.302753,34.321629],[126.299109,34.320581]]],[[[126.30429,34.326128],[126.301749,34.326126],[126.296996,34.328115],[126.29763,34.334717],[126.301032,34.327997],[126.304213,34.327925],[126.30429,34.326128]]],[[[126.212955,34.350206],[126.21539,34.348839],[126.214235,34.34627],[126.212502,34.34746],[126.212955,34.350206]]],[[[126.265345,34.397417],[126.260648,34.392823],[126.259501,34.388969],[126.260168,34.385795],[126.267388,34.384417],[126.265146,34.380939],[126.267404,34.378077],[126.25903,34.380512],[126.254144,34.378565],[126.246346,34.379894],[126.243485,34.378466],[126.239304,34.370481],[126.23424,34.368463],[126.232777,34.374053],[126.231109,34.374576],[126.228456,34.373414],[126.229225,34.370276],[126.219857,34.367232],[126.208711,34.371474],[126.202412,34.370662],[126.201355,34.369334],[126.207584,34.368717],[126.212938,34.36425],[126.21418,34.360308],[126.210615,34.362079],[126.206317,34.361421],[126.203094,34.357639],[126.188195,34.356135],[126.185765,34.352873],[126.180093,34.350651],[126.182191,34.354645],[126.181679,34.359103],[126.173819,34.352824],[126.162876,34.352935],[126.156335,34.356682],[126.15668,34.360594],[126.159303,34.362311],[126.152846,34.366398],[126.144707,34.364763],[126.145586,34.359632],[126.141698,34.357354],[126.138522,34.357083],[126.134896,34.359701],[126.129776,34.359304],[126.13186,34.36386],[126.136079,34.364343],[126.136504,34.366442],[126.134486,34.367092],[126.129878,34.3656],[126.137318,34.369059],[126.134156,34.374096],[126.141577,34.375774],[126.145539,34.378782],[126.142884,34.384652],[126.130185,34.385315],[126.126317,34.381695],[126.12693,34.37894],[126.117095,34.378972],[126.108862,34.392145],[126.109242,34.395006],[126.097058,34.404414],[126.088995,34.418616],[126.092219,34.42285],[126.097332,34.42219],[126.092343,34.426205],[126.095706,34.431191],[126.100266,34.430977],[126.096435,34.434145],[126.09687,34.436426],[126.099809,34.436539],[126.101697,34.441522],[126.110913,34.447739],[126.118328,34.449473],[126.122826,34.443834],[126.125418,34.442424],[126.128012,34.443918],[126.125265,34.447136],[126.126983,34.452531],[126.118157,34.453476],[126.116512,34.459855],[126.119686,34.460343],[126.124232,34.464693],[126.139666,34.46855],[126.148317,34.477529],[126.160891,34.482899],[126.172505,34.484691],[126.175695,34.491494],[126.173104,34.494889],[126.190674,34.514556],[126.194783,34.511913],[126.19177,34.509874],[126.188489,34.496323],[126.192628,34.494181],[126.204986,34.495865],[126.207614,34.501586],[126.203513,34.506596],[126.200452,34.504497],[126.198108,34.509898],[126.210629,34.516887],[126.223219,34.516432],[126.223915,34.518922],[126.211984,34.524321],[126.211631,34.526707],[126.220084,34.531398],[126.224857,34.530187],[126.225566,34.541392],[126.227984,34.535976],[126.233603,34.534776],[126.234731,34.536889],[126.237307,34.536982],[126.237221,34.532358],[126.24656,34.531856],[126.243864,34.535926],[126.245859,34.539739],[126.254991,34.53679],[126.260991,34.548186],[126.255075,34.559522],[126.251574,34.560919],[126.250193,34.563971],[126.246307,34.564508],[126.244618,34.567882],[126.239436,34.565919],[126.241682,34.573823],[126.239622,34.575901],[126.244558,34.580198],[126.243117,34.583257],[126.23883,34.582172],[126.238212,34.583787],[126.240104,34.58709],[126.250206,34.589498],[126.250254,34.585538],[126.252315,34.584233],[126.257718,34.587437],[126.266788,34.582218],[126.27061,34.583865],[126.280349,34.581151],[126.281372,34.580267],[126.279548,34.578118],[126.28175,34.577275],[126.291188,34.577666],[126.292631,34.572843],[126.297802,34.574167],[126.31024,34.563125],[126.307793,34.559372],[126.302579,34.558452],[126.302879,34.556596],[126.307467,34.554556],[126.314256,34.547412],[126.317667,34.547684],[126.325498,34.541237],[126.326518,34.546916],[126.331979,34.546415],[126.332079,34.548452],[126.33889,34.551625],[126.341653,34.550037],[126.342983,34.54816],[126.33845,34.547866],[126.336972,34.543332],[126.345476,34.542444],[126.345375,34.538524],[126.348193,34.534727],[126.353833,34.532499],[126.351214,34.527602],[126.359847,34.526678],[126.367943,34.515513],[126.377381,34.512574],[126.37708,34.508332],[126.382492,34.503644],[126.38082,34.501115],[126.372853,34.50064],[126.373025,34.49685],[126.379991,34.491469],[126.378933,34.48674],[126.382371,34.484775],[126.383907,34.480411],[126.379042,34.478259],[126.376496,34.481545],[126.377045,34.484408],[126.374692,34.485345],[126.370837,34.483053],[126.368394,34.48494],[126.363991,34.484379],[126.358021,34.480606],[126.357969,34.476085],[126.360472,34.473205],[126.37186,34.472078],[126.371297,34.465523],[126.364569,34.463392],[126.358166,34.456138],[126.365509,34.442875],[126.351734,34.431081],[126.351655,34.426415],[126.342938,34.418621],[126.342455,34.415477],[126.335788,34.41459],[126.337742,34.403599],[126.336735,34.400315],[126.333998,34.399243],[126.330886,34.400633],[126.32753,34.396712],[126.320702,34.404745],[126.327532,34.406142],[126.320747,34.412893],[126.326712,34.415198],[126.322619,34.416573],[126.32298,34.420927],[126.320107,34.424576],[126.31861,34.424188],[126.319148,34.418998],[126.316486,34.419949],[126.311169,34.415966],[126.313106,34.413923],[126.315236,34.400421],[126.31359,34.400174],[126.312386,34.405548],[126.302904,34.414234],[126.301041,34.412938],[126.306885,34.404868],[126.306663,34.402777],[126.29972,34.403451],[126.297638,34.408543],[126.292733,34.408867],[126.29147,34.403046],[126.297242,34.397917],[126.28962,34.394068],[126.292305,34.391315],[126.296701,34.390808],[126.298263,34.39433],[126.30249,34.395459],[126.304751,34.388701],[126.299418,34.387936],[126.296571,34.385058],[126.29939,34.382559],[126.306863,34.385432],[126.308649,34.382949],[126.30539,34.38027],[126.307618,34.379212],[126.308771,34.373949],[126.304681,34.374121],[126.299038,34.368932],[126.295699,34.370496],[126.294699,34.373878],[126.291962,34.374105],[126.288955,34.370533],[126.292203,34.366458],[126.288081,34.364218],[126.285764,34.364607],[126.284569,34.368045],[126.280221,34.368749],[126.279565,34.371299],[126.282026,34.373166],[126.280898,34.376618],[126.284252,34.379733],[126.283989,34.388047],[126.289841,34.388054],[126.291934,34.391191],[126.289741,34.393564],[126.284303,34.394598],[126.280082,34.390201],[126.27719,34.390378],[126.275867,34.392727],[126.278038,34.393314],[126.277829,34.39497],[126.265345,34.397417]]],[[[126.168153,34.489686],[126.16916,34.489574],[126.168886,34.486487],[126.167039,34.487187],[126.168153,34.489686]]],[[[126.164851,34.506566],[126.161972,34.506025],[126.163654,34.511782],[126.169644,34.511429],[126.169832,34.509519],[126.164851,34.506566]]],[[[126.219108,34.536302],[126.220301,34.535408],[126.219615,34.533549],[126.217971,34.534513],[126.219108,34.536302]]],[[[126.223936,34.551067],[126.218996,34.553045],[126.224121,34.552342],[126.227473,34.552538],[126.223936,34.551067]]],[[[126.30835,34.556188],[126.310484,34.555317],[126.309153,34.554706],[126.307036,34.555571],[126.30835,34.556188]]],[[[126.154518,34.56794],[126.155728,34.564446],[126.15033,34.562378],[126.14647,34.563432],[126.146284,34.568777],[126.151427,34.569846],[126.154518,34.56794]]],[[[126.197645,34.566332],[126.196793,34.568293],[126.198953,34.568662],[126.19981,34.566004],[126.197645,34.566332]]],[[[126.195562,34.569885],[126.193378,34.570907],[126.19812,34.572326],[126.198905,34.570853],[126.195562,34.569885]]],[[[126.194795,34.582462],[126.199961,34.582236],[126.200232,34.579821],[126.19629,34.573848],[126.191114,34.573043],[126.187488,34.575451],[126.194795,34.582462]]],[[[126.185904,34.58644],[126.188361,34.58472],[126.184464,34.583214],[126.183537,34.585506],[126.185904,34.58644]]],[[[126.305595,34.584366],[126.299708,34.581157],[126.297032,34.581921],[126.301052,34.588465],[126.306904,34.5872],[126.305595,34.584366]]],[[[126.186405,34.612324],[126.182449,34.610887],[126.180262,34.614009],[126.181059,34.618365],[126.185986,34.617471],[126.186405,34.612324]]],[[[126.180461,34.617652],[126.177492,34.612091],[126.17349,34.615914],[126.173281,34.619158],[126.180461,34.617652]]],[[[126.21522,34.626122],[126.219214,34.624666],[126.215096,34.623054],[126.213834,34.620332],[126.215988,34.617787],[126.212888,34.617258],[126.207443,34.620093],[126.198326,34.620624],[126.192792,34.626962],[126.196984,34.627846],[126.201443,34.626181],[126.21522,34.626122]]],[[[126.205964,34.637251],[126.205442,34.634886],[126.203822,34.635183],[126.204079,34.6375],[126.205964,34.637251]]],[[[126.177401,34.662646],[126.184395,34.662413],[126.18368,34.654757],[126.187306,34.653013],[126.18835,34.649948],[126.185013,34.645364],[126.188104,34.640544],[126.185077,34.638848],[126.201272,34.642865],[126.202589,34.634868],[126.187861,34.630768],[126.177836,34.623516],[126.177757,34.620164],[126.169522,34.620853],[126.161906,34.616053],[126.14565,34.618733],[126.138328,34.618309],[126.137791,34.615792],[126.131941,34.614726],[126.131059,34.612858],[126.121567,34.615303],[126.128608,34.620939],[126.119052,34.629342],[126.108158,34.646622],[126.11744,34.664377],[126.14271,34.674332],[126.156208,34.673065],[126.163115,34.67032],[126.167101,34.666485],[126.177401,34.662646]]],[[[126.189398,34.663797],[126.190104,34.662688],[126.186792,34.660533],[126.187163,34.663282],[126.189398,34.663797]]],[[[126.212158,34.670973],[126.210932,34.668825],[126.209437,34.669002],[126.209151,34.671423],[126.212158,34.670973]]],[[[126.15237,34.677894],[126.155218,34.674772],[126.150638,34.676876],[126.15237,34.677894]]],[[[126.173907,34.673131],[126.16702,34.679861],[126.160894,34.680049],[126.161532,34.685797],[126.155987,34.683576],[126.154129,34.688273],[126.159505,34.693479],[126.169072,34.697336],[126.177034,34.694633],[126.180739,34.700057],[126.188363,34.703439],[126.191503,34.709778],[126.193591,34.709792],[126.195578,34.705899],[126.202712,34.7025],[126.203848,34.700095],[126.199304,34.694896],[126.201297,34.690315],[126.189179,34.676909],[126.177532,34.672466],[126.173907,34.673131]]],[[[126.259332,34.65339],[126.262314,34.65585],[126.262646,34.659711],[126.258846,34.662885],[126.257293,34.661139],[126.25503,34.664118],[126.25563,34.667952],[126.259586,34.669796],[126.260031,34.676016],[126.255983,34.676983],[126.25489,34.679677],[126.257727,34.683569],[126.260903,34.683065],[126.262521,34.685169],[126.258943,34.689483],[126.260325,34.691751],[126.257906,34.69339],[126.25958,34.696641],[126.258777,34.700522],[126.261216,34.707884],[126.266694,34.704032],[126.274139,34.711975],[126.274419,34.718095],[126.278178,34.719909],[126.280173,34.717853],[126.279041,34.721347],[126.275025,34.722205],[126.274333,34.728749],[126.283927,34.748111],[126.285479,34.758003],[126.298635,34.76261],[126.315795,34.748717],[126.317913,34.751409],[126.325217,34.743193],[126.333163,34.740752],[126.335243,34.738345],[126.335383,34.730827],[126.331525,34.727629],[126.331181,34.721154],[126.339756,34.719043],[126.349661,34.709009],[126.350656,34.703261],[126.338853,34.693155],[126.337731,34.684846],[126.341716,34.67509],[126.353111,34.662791],[126.360498,34.649584],[126.360662,34.638547],[126.368611,34.640019],[126.37053,34.636955],[126.373508,34.625757],[126.370074,34.604688],[126.372329,34.605635],[126.373656,34.615361],[126.376597,34.618153],[126.380482,34.617743],[126.387883,34.612524],[126.388913,34.608496],[126.393452,34.609667],[126.403205,34.605649],[126.409274,34.607397],[126.411085,34.605951],[126.410018,34.600912],[126.424573,34.594302],[126.432223,34.5929],[126.434866,34.589737],[126.442461,34.589549],[126.451774,34.582072],[126.450067,34.589587],[126.456546,34.590219],[126.465129,34.594581],[126.459379,34.597651],[126.446362,34.596315],[126.436085,34.598093],[126.42669,34.603959],[126.42847,34.613656],[126.405347,34.625522],[126.408661,34.630864],[126.417547,34.636446],[126.414804,34.638034],[126.405562,34.633447],[126.405002,34.646611],[126.419346,34.655981],[126.408821,34.651137],[126.401843,34.645405],[126.401281,34.637086],[126.403506,34.630013],[126.401045,34.627643],[126.393794,34.626545],[126.391108,34.62833],[126.388839,34.634037],[126.373881,34.643687],[126.361138,34.668205],[126.362924,34.673558],[126.388216,34.692663],[126.378245,34.708891],[126.374786,34.708561],[126.373374,34.706206],[126.379181,34.695131],[126.375206,34.694072],[126.374312,34.690053],[126.375987,34.688572],[126.363531,34.679201],[126.355033,34.67678],[126.34926,34.679445],[126.344613,34.685716],[126.345047,34.691623],[126.347306,34.694727],[126.352232,34.696847],[126.355024,34.694005],[126.36076,34.694477],[126.363366,34.695401],[126.363267,34.697552],[126.36824,34.698863],[126.370622,34.704289],[126.369684,34.706282],[126.37546,34.714588],[126.384352,34.720134],[126.388456,34.730985],[126.366596,34.738089],[126.362638,34.743526],[126.365284,34.749134],[126.369071,34.747754],[126.380409,34.752816],[126.379501,34.756844],[126.376118,34.754577],[126.374673,34.755976],[126.38022,34.760183],[126.381771,34.763748],[126.379066,34.764313],[126.379199,34.766983],[126.381927,34.769177],[126.401995,34.774171],[126.407559,34.773181],[126.425602,34.779],[126.433668,34.777648],[126.44191,34.779886],[126.443974,34.782958],[126.449179,34.783209],[126.441455,34.799419],[126.425128,34.792154],[126.413496,34.792374],[126.41207,34.791029],[126.414428,34.788445],[126.388483,34.780145],[126.389916,34.785338],[126.388443,34.785582],[126.382376,34.779445],[126.36891,34.780837],[126.366204,34.788594],[126.355587,34.795357],[126.349658,34.79647],[126.357998,34.803834],[126.356819,34.802249],[126.359952,34.799609],[126.364611,34.803346],[126.362355,34.806711],[126.382139,34.828135],[126.386529,34.829583],[126.388052,34.836886],[126.396627,34.83816],[126.400394,34.841905],[126.400107,34.844398],[126.400962,34.842728],[126.412413,34.842701],[126.411999,34.845295],[126.405374,34.849456],[126.406916,34.851954],[126.401496,34.860936],[126.403451,34.864057],[126.397954,34.865085],[126.394702,34.86926],[126.395386,34.873387],[126.401535,34.880211],[126.391719,34.882602],[126.388554,34.877352],[126.386323,34.877859],[126.390231,34.884778],[126.388957,34.889355],[126.393559,34.894684],[126.391291,34.89976],[126.395622,34.898242],[126.399881,34.89948],[126.404567,34.910239],[126.40312,34.914792],[126.391624,34.919968],[126.389408,34.927406],[126.398445,34.934973],[126.390144,34.939126],[126.387291,34.944614],[126.389157,34.954155],[126.391635,34.955469],[126.39402,34.961743],[126.39346,34.963948],[126.390191,34.967303],[126.382204,34.968361],[126.378867,34.971167],[126.379921,34.987717],[126.373828,34.98897],[126.374097,34.996981],[126.372106,34.999181],[126.367845,34.99556],[126.368265,34.989358],[126.366327,34.985923],[126.366396,34.981817],[126.371005,34.973029],[126.361429,34.971873],[126.359733,34.968503],[126.361837,34.966391],[126.360605,34.963391],[126.368418,34.963014],[126.374596,34.955916],[126.371736,34.953619],[126.370765,34.947086],[126.36579,34.943105],[126.374907,34.942734],[126.374244,34.938931],[126.369308,34.93645],[126.366673,34.932628],[126.366527,34.927991],[126.370373,34.923631],[126.369115,34.919565],[126.353246,34.922102],[126.351037,34.91679],[126.343113,34.914601],[126.334592,34.916756],[126.329347,34.915847],[126.327732,34.924938],[126.329822,34.926959],[126.326357,34.930506],[126.322347,34.930497],[126.321871,34.92835],[126.319198,34.931921],[126.311444,34.926377],[126.306611,34.927994],[126.306079,34.933956],[126.3102,34.933569],[126.310587,34.935671],[126.316506,34.937394],[126.316953,34.941091],[126.321238,34.943684],[126.309217,34.948728],[126.306673,34.955949],[126.300409,34.958203],[126.294803,34.965186],[126.29977,34.976755],[126.303783,34.977293],[126.304971,34.984503],[126.313788,34.988541],[126.315273,34.985828],[126.312219,34.983226],[126.309986,34.975864],[126.315726,34.975086],[126.317473,34.981277],[126.319499,34.981275],[126.321799,34.97318],[126.327231,34.971765],[126.327969,34.967029],[126.333024,34.970812],[126.341784,34.972444],[126.348023,34.975794],[126.35051,34.982161],[126.357756,34.984129],[126.35863,34.992669],[126.354699,34.992387],[126.340357,34.997189],[126.335216,34.994136],[126.334766,34.99154],[126.332771,34.993798],[126.346449,35.003022],[126.362117,35.009477],[126.383581,35.023405],[126.389263,35.025104],[126.389826,35.030785],[126.387105,35.038153],[126.380331,35.048442],[126.377298,35.04735],[126.375732,35.043997],[126.370983,35.047048],[126.358092,35.041667],[126.35849,35.038594],[126.351564,35.038787],[126.346941,35.048583],[126.34743,35.051777],[126.352104,35.052455],[126.349119,35.056155],[126.337432,35.060474],[126.335109,35.058347],[126.332906,35.058835],[126.331059,35.061439],[126.340204,35.064949],[126.343222,35.067925],[126.343421,35.072374],[126.33899,35.076271],[126.337347,35.081511],[126.332452,35.087531],[126.321938,35.088789],[126.316747,35.086666],[126.318264,35.078052],[126.311814,35.075645],[126.318064,35.070321],[126.305116,35.065749],[126.300716,35.061096],[126.311496,35.059631],[126.315103,35.055053],[126.303252,35.044214],[126.294827,35.041048],[126.301614,35.046554],[126.296405,35.049559],[126.290783,35.049055],[126.295387,35.054665],[126.291166,35.059475],[126.284912,35.061629],[126.28203,35.061562],[126.281611,35.057302],[126.277,35.053997],[126.26011,35.053233],[126.264225,35.042424],[126.274195,35.037664],[126.274079,35.033938],[126.266546,35.028947],[126.265937,35.022269],[126.259919,35.018975],[126.255922,35.012682],[126.250211,35.011731],[126.247223,35.013666],[126.248255,35.014528],[126.242861,35.027501],[126.23972,35.021802],[126.241453,35.019126],[126.232929,35.01718],[126.228841,35.01752],[126.227112,35.019707],[126.226631,35.023429],[126.231584,35.025964],[126.228248,35.027726],[126.230593,35.035402],[126.227621,35.038132],[126.232541,35.04368],[126.235182,35.044245],[126.232683,35.053062],[126.22261,35.05781],[126.211025,35.056835],[126.207203,35.054659],[126.204473,35.05688],[126.210025,35.045416],[126.209825,35.040456],[126.205418,35.039454],[126.199216,35.051576],[126.194195,35.055007],[126.200807,35.058497],[126.204242,35.05705],[126.200823,35.06184],[126.198804,35.062936],[126.182438,35.057802],[126.180139,35.066386],[126.175642,35.066575],[126.172738,35.063525],[126.169563,35.066438],[126.167368,35.072394],[126.165107,35.067259],[126.161189,35.06669],[126.159861,35.072213],[126.163141,35.073726],[126.16557,35.083467],[126.158373,35.087247],[126.157041,35.089729],[126.159938,35.098872],[126.167002,35.103832],[126.1732,35.106357],[126.178044,35.104162],[126.181763,35.109305],[126.190307,35.112788],[126.209817,35.103205],[126.217946,35.106711],[126.224836,35.104511],[126.232624,35.098542],[126.236292,35.101525],[126.250244,35.097037],[126.241821,35.106065],[126.245369,35.109937],[126.247727,35.108463],[126.247706,35.110715],[126.242459,35.111187],[126.239632,35.107568],[126.245206,35.115627],[126.247711,35.123944],[126.252851,35.130426],[126.251891,35.133728],[126.258964,35.135317],[126.256536,35.140134],[126.261337,35.145224],[126.27142,35.14556],[126.270422,35.150192],[126.274258,35.150841],[126.274281,35.14561],[126.278401,35.142433],[126.278404,35.136679],[126.279866,35.135827],[126.287031,35.135145],[126.291303,35.137871],[126.289994,35.140349],[126.291771,35.141632],[126.297008,35.137983],[126.301318,35.139084],[126.308278,35.137332],[126.310312,35.135874],[126.310338,35.132711],[126.318262,35.131394],[126.324809,35.134144],[126.330341,35.141119],[126.330195,35.144432],[126.325072,35.146889],[126.326333,35.150164],[126.330018,35.151417],[126.33066,35.148818],[126.334184,35.149346],[126.345918,35.159758],[126.347571,35.158537],[126.344899,35.151115],[126.346872,35.137077],[126.342696,35.131161],[126.342112,35.1214],[126.344731,35.118221],[126.344448,35.115402],[126.34059,35.111562],[126.339495,35.105546],[126.335437,35.102706],[126.33569,35.09885],[126.33167,35.094961],[126.332346,35.093251],[126.335058,35.091672],[126.343551,35.092017],[126.348789,35.094425],[126.349909,35.099793],[126.353191,35.099589],[126.353871,35.098132],[126.351007,35.095106],[126.352788,35.087636],[126.349813,35.084564],[126.348787,35.087934],[126.342859,35.086077],[126.346107,35.082971],[126.34482,35.077263],[126.349159,35.076283],[126.350907,35.079987],[126.360661,35.075341],[126.361801,35.078722],[126.364736,35.079787],[126.368309,35.077388],[126.364276,35.074676],[126.368033,35.071337],[126.365693,35.065214],[126.370437,35.062],[126.373751,35.064252],[126.374601,35.069365],[126.381553,35.076675],[126.380399,35.082324],[126.388752,35.086745],[126.391754,35.086441],[126.392163,35.083661],[126.397718,35.083552],[126.397702,35.081575],[126.389797,35.081824],[126.387125,35.072319],[126.38413,35.070055],[126.384547,35.066652],[126.390776,35.065206],[126.392135,35.071798],[126.398397,35.076649],[126.400579,35.072515],[126.404269,35.070734],[126.40411,35.065722],[126.40699,35.063661],[126.407643,35.060001],[126.406294,35.057232],[126.399168,35.052843],[126.403011,35.051352],[126.402826,35.04997],[126.39412,35.047999],[126.390948,35.043247],[126.39497,35.041607],[126.398291,35.043759],[126.40163,35.043301],[126.401516,35.036996],[126.39892,35.033522],[126.402368,35.027271],[126.411289,35.029928],[126.416769,35.026952],[126.426302,35.028057],[126.422422,35.035809],[126.417757,35.03966],[126.41787,35.041886],[126.42295,35.048247],[126.441315,35.055795],[126.445629,35.059812],[126.452049,35.073194],[126.457271,35.074377],[126.440351,35.084244],[126.436305,35.084036],[126.43578,35.086386],[126.457593,35.089891],[126.464663,35.099729],[126.461798,35.101833],[126.453497,35.101919],[126.451189,35.104679],[126.447225,35.104266],[126.445635,35.105924],[126.420582,35.106453],[126.403012,35.1354],[126.39647,35.134049],[126.390673,35.138049],[126.383132,35.149032],[126.382685,35.152589],[126.37229,35.15849],[126.366143,35.167561],[126.359333,35.168863],[126.352348,35.181533],[126.339739,35.186315],[126.343898,35.190148],[126.354164,35.19007],[126.362318,35.192356],[126.368613,35.198194],[126.372165,35.198889],[126.378773,35.208847],[126.376635,35.211774],[126.360532,35.196187],[126.335455,35.191229],[126.321842,35.182056],[126.307009,35.178227],[126.303696,35.182291],[126.303989,35.186109],[126.301936,35.187389],[126.300053,35.186121],[126.298121,35.188122],[126.301315,35.195272],[126.299663,35.196839],[126.313629,35.209833],[126.306794,35.211242],[126.303954,35.20907],[126.299639,35.21019],[126.299834,35.21536],[126.297544,35.215986],[126.299012,35.231891],[126.310319,35.253968],[126.311834,35.254452],[126.325337,35.243089],[126.333433,35.247269],[126.331712,35.248703],[126.330786,35.246551],[126.326082,35.247473],[126.324034,35.252588],[126.328345,35.259168],[126.325108,35.262399],[126.3321,35.267479],[126.324854,35.270716],[126.323364,35.288062],[126.343873,35.29299],[126.358399,35.289352],[126.361449,35.290257],[126.364073,35.295198],[126.373205,35.300336],[126.377777,35.305755],[126.375473,35.311931],[126.378955,35.319726],[126.378328,35.32898],[126.387225,35.342968],[126.387246,35.353147],[126.391749,35.356133],[126.39696,35.368873],[126.40357,35.368987],[126.404496,35.363259],[126.406638,35.36568],[126.413593,35.363357],[126.4189,35.365248],[126.427589,35.358271],[126.444116,35.355577],[126.447987,35.348589],[126.448711,35.351955],[126.44627,35.357113],[126.439232,35.358978],[126.439794,35.361268],[126.431133,35.359828],[126.428541,35.364155],[126.429263,35.36759],[126.419094,35.369426],[126.410598,35.375542],[126.41021,35.379113],[126.415224,35.377954],[126.419788,35.38123],[126.418801,35.38315],[126.407877,35.381459],[126.406519,35.384683],[126.407685,35.388726],[126.402059,35.389904],[126.403474,35.394098],[126.402255,35.397219],[126.405616,35.397782],[126.408014,35.400715],[126.404828,35.40277],[126.412154,35.405091],[126.403011,35.404067],[126.403301,35.406139],[126.414373,35.417387],[126.414813,35.421931],[126.423325,35.430646],[126.427448,35.426092],[126.437446,35.430599],[126.441659,35.428867],[126.444274,35.430904],[126.453474,35.426607],[126.468251,35.425173],[126.472466,35.426476],[126.478711,35.424226],[126.492813,35.409143],[126.490468,35.395045],[126.477393,35.386191],[126.482414,35.385078],[126.483145,35.38073],[126.486038,35.377687],[126.497309,35.373405],[126.495994,35.358341],[126.49225,35.354172],[126.493686,35.350542],[126.496787,35.350026],[126.507763,35.361402],[126.512821,35.362016],[126.513828,35.356699],[126.520419,35.348364],[126.517041,35.338004],[126.517603,35.333835],[126.513508,35.329447],[126.513869,35.327403],[126.520752,35.325039],[126.524347,35.313868],[126.531381,35.307421],[126.543525,35.309853],[126.550542,35.31364],[126.563601,35.30973],[126.570495,35.310747],[126.577338,35.303958],[126.585048,35.300775],[126.589649,35.311975],[126.587017,35.316614],[126.583374,35.318015],[126.581343,35.322894],[126.583458,35.328857],[126.585976,35.330552],[126.595411,35.329232],[126.604251,35.33556],[126.625067,35.321337],[126.644734,35.319865],[126.647082,35.32424],[126.644216,35.327268],[126.646608,35.328712],[126.652608,35.327686],[126.656532,35.333228],[126.659394,35.334355],[126.660231,35.344198],[126.666735,35.351548],[126.685478,35.344586],[126.691471,35.35158],[126.699207,35.349649],[126.704582,35.365113],[126.710264,35.364018],[126.721453,35.366238],[126.731065,35.376461],[126.732086,35.383445],[126.729574,35.394586],[126.722045,35.398351],[126.722145,35.399998],[126.736083,35.403248],[126.737442,35.405721],[126.744433,35.409295],[126.74852,35.415244],[126.753965,35.416243],[126.751771,35.423162],[126.751679,35.43612],[126.748431,35.43996],[126.742762,35.442576],[126.738118,35.449034],[126.73913,35.450415],[126.741262,35.452513],[126.749501,35.451146],[126.761677,35.464865],[126.77252,35.468379],[126.782157,35.47034],[126.792852,35.467182],[126.813574,35.468847],[126.815028,35.473637],[126.812935,35.476627],[126.813852,35.482654],[126.819269,35.485878],[126.826127,35.486301],[126.831245,35.480073],[126.840269,35.482901],[126.843137,35.475987],[126.840576,35.466392],[126.838136,35.464571],[126.839636,35.462129],[126.850617,35.465979],[126.861563,35.461655],[126.868692,35.461389],[126.876259,35.456239],[126.880504,35.455466],[126.884001,35.45099],[126.894844,35.448481],[126.900026,35.4423],[126.904664,35.440901],[126.897488,35.435608],[126.897925,35.432677],[126.903724,35.429952],[126.902964,35.421087],[126.907371,35.420277],[126.90853,35.416666],[126.910985,35.415565],[126.915867,35.415863],[126.920667,35.410892],[126.916955,35.405193],[126.917463,35.402118],[126.93357,35.405804],[126.93007,35.400277],[126.932758,35.395148],[126.935526,35.394365],[126.954798,35.396711],[126.963372,35.394765],[126.976539,35.400103],[126.976236,35.407461],[126.970542,35.417645],[126.970394,35.42743],[126.981617,35.426462],[126.985203,35.436571],[126.994163,35.439775],[126.997917,35.446106],[127.000015,35.461575],[127.00298,35.463214],[127.01443,35.457454],[127.023705,35.463472],[127.034628,35.465802],[127.035911,35.458774],[127.03462,35.447527],[127.037098,35.441229],[127.036989,35.433619],[127.040421,35.431917],[127.04396,35.43379],[127.04907,35.431258],[127.052303,35.426858],[127.04911,35.421886],[127.045594,35.40806],[127.047861,35.405603],[127.047239,35.402789],[127.042219,35.398912],[127.032016,35.40116],[127.02727,35.399943],[127.027283,35.394925],[127.030214,35.390464],[127.038887,35.384597],[127.040336,35.382586],[127.039133,35.379958],[127.046435,35.376942],[127.051647,35.379237],[127.055902,35.384927],[127.064942,35.375629],[127.063666,35.369921],[127.070279,35.366122],[127.065336,35.357015],[127.069653,35.351694],[127.067264,35.345349],[127.070294,35.339727],[127.062515,35.336111],[127.056205,35.340079],[127.052301,35.340211],[127.051051,35.329542],[127.042976,35.323491],[127.043326,35.321764],[127.046551,35.318267],[127.051598,35.316639],[127.061795,35.317074],[127.065576,35.310563],[127.07208,35.312612],[127.078559,35.310861],[127.105504,35.299198],[127.11568,35.299553],[127.125965,35.303416],[127.129952,35.309305],[127.145398,35.309121],[127.146572,35.315415],[127.151386,35.31798],[127.159481,35.32663],[127.171333,35.332952],[127.172902,35.330331],[127.179625,35.332391],[127.179794,35.337372],[127.181632,35.338018],[127.186098,35.336194],[127.183134,35.330076],[127.186839,35.322553],[127.200878,35.315802],[127.215744,35.316578],[127.217424,35.320765],[127.216107,35.32958],[127.219676,35.335487],[127.224511,35.336635],[127.232388,35.334945],[127.235715,35.329147],[127.250374,35.318556],[127.25221,35.315174],[127.259542,35.311751],[127.265181,35.313716],[127.288417,35.314175],[127.301683,35.308353],[127.305241,35.303238],[127.30851,35.303123],[127.324112,35.306461],[127.323649,35.308997],[127.32942,35.311047],[127.330906,35.315077],[127.356361,35.321259],[127.367094,35.314516],[127.374576,35.312509],[127.380287,35.304534],[127.384451,35.303276],[127.394039,35.310489],[127.398487,35.311741],[127.401547,35.325102],[127.407369,35.328365],[127.409871,35.333235],[127.415496,35.337281],[127.416029,35.340947],[127.424082,35.352439],[127.437248,35.363192],[127.44134,35.364428],[127.442891,35.361277],[127.454214,35.360728],[127.458613,35.36362],[127.472837,35.36618],[127.477591,35.365012],[127.486105,35.358366],[127.495621,35.360814],[127.514222,35.351341],[127.517348,35.34708],[127.524745,35.344897],[127.530537,35.337283],[127.540656,35.334413],[127.543827,35.327653],[127.552069,35.325149],[127.555379,35.321982],[127.567486,35.318795],[127.57745,35.308959],[127.576107,35.306362],[127.577136,35.295478],[127.586521,35.286379],[127.59052,35.279308],[127.59071,35.275374],[127.595028,35.271622],[127.5958,35.26816],[127.610022,35.261913],[127.614936,35.250275],[127.612605,35.247438],[127.613055,35.241207],[127.618673,35.236774],[127.620868,35.222965],[127.620946,35.213463],[127.617069,35.209633],[127.621366,35.188514],[127.632465,35.1753],[127.640641,35.171139],[127.645301,35.161304],[127.649779,35.158871],[127.659718,35.158152],[127.672871,35.149746],[127.684788,35.137399],[127.693775,35.132011],[127.695319,35.125966],[127.692911,35.109787],[127.6946,35.103081],[127.70652,35.095229],[127.718247,35.08197],[127.737467,35.078085],[127.739603,35.06376],[127.742206,35.06028],[127.754141,35.056444],[127.760539,35.058014],[127.764718,35.056661],[127.768693,35.050443],[127.768985,35.036086],[127.771962,35.029482],[127.782746,35.022527],[127.787154,35.017248],[127.7865,35.008782],[127.778302,34.988861],[127.764573,34.978096],[127.760296,34.966544],[127.75439,34.962219],[127.73745,34.95523],[127.733348,34.955437],[127.728779,34.963204],[127.731136,34.95477],[127.709999,34.935456],[127.700309,34.931107],[127.696408,34.923041],[127.698748,34.922021],[127.696475,34.918237],[127.687768,34.924286],[127.693215,34.91702],[127.673172,34.904442],[127.668792,34.908439],[127.66805,34.906437],[127.67098,34.903106],[127.650749,34.890775],[127.649511,34.89215],[127.63998,34.886359],[127.6245,34.901899],[127.619309,34.913816],[127.617507,34.916053],[127.614907,34.913316],[127.613036,34.920965],[127.607641,34.922578],[127.604522,34.928057],[127.604526,34.938284],[127.600046,34.938351],[127.59835,34.925977],[127.579849,34.921793],[127.578812,34.918815],[127.590722,34.919072],[127.614241,34.892347],[127.594592,34.879572],[127.591734,34.88071],[127.589682,34.874905],[127.60028,34.862048],[127.604392,34.860821],[127.602454,34.857855],[127.607553,34.850776],[127.610752,34.849481],[127.612074,34.852822],[127.614161,34.853063],[127.623834,34.844245],[127.636372,34.846619],[127.635118,34.838598],[127.626874,34.840495],[127.626723,34.829797],[127.631869,34.828682],[127.638994,34.819899],[127.638746,34.831118],[127.64294,34.830459],[127.661597,34.844499],[127.670112,34.837027],[127.673754,34.839759],[127.673353,34.84043],[127.675465,34.844514],[127.674026,34.839949],[127.679688,34.84462],[127.695051,34.864886],[127.698645,34.859376],[127.720397,34.858875],[127.728694,34.863393],[127.735912,34.86405],[127.729001,34.863089],[127.72874,34.859773],[127.73352,34.857707],[127.733909,34.854757],[127.743247,34.850935],[127.742511,34.857302],[127.739383,34.862115],[127.74858,34.862123],[127.748639,34.860581],[127.761975,34.86483],[127.765103,34.864412],[127.76232,34.863728],[127.774146,34.860804],[127.775173,34.856891],[127.777879,34.856842],[127.779854,34.853078],[127.776273,34.854694],[127.771783,34.852058],[127.775355,34.847429],[127.774888,34.837469],[127.76778,34.831325],[127.768748,34.82757],[127.767345,34.824963],[127.769277,34.821903],[127.773657,34.822685],[127.774519,34.821329],[127.769069,34.820493],[127.767251,34.818228],[127.768397,34.812146],[127.766083,34.808716],[127.769641,34.804467],[127.768345,34.800247],[127.759277,34.800224],[127.75675,34.796962],[127.758281,34.795471],[127.756186,34.791852],[127.756897,34.786911],[127.747387,34.780663],[127.745194,34.777192],[127.75436,34.763581],[127.751784,34.754659],[127.756963,34.752241],[127.752757,34.753584],[127.749492,34.75061],[127.751886,34.746619],[127.748207,34.747181],[127.755895,34.741402],[127.766584,34.746663],[127.768904,34.745778],[127.76867,34.743995],[127.765487,34.74292],[127.762644,34.744234],[127.750048,34.735936],[127.745646,34.738245],[127.742338,34.736995],[127.743087,34.735302],[127.738041,34.733828],[127.736781,34.732266],[127.73438,34.72433],[127.735583,34.722452],[127.724751,34.726327],[127.709456,34.723884],[127.702912,34.720395],[127.698269,34.720997],[127.700069,34.723734],[127.695813,34.727411],[127.678134,34.735691],[127.681763,34.738776],[127.680474,34.741596],[127.677825,34.741469],[127.666433,34.748461],[127.665736,34.742301],[127.663084,34.740607],[127.662933,34.743892],[127.665891,34.748177],[127.661981,34.751728],[127.662573,34.756683],[127.657318,34.754993],[127.656235,34.751015],[127.658508,34.746153],[127.652808,34.744489],[127.650403,34.739939],[127.651108,34.737212],[127.641257,34.726823],[127.639262,34.715117],[127.642943,34.706639],[127.638657,34.706142],[127.635468,34.710142],[127.626246,34.711865],[127.628465,34.71713],[127.625198,34.718221],[127.621019,34.712846],[127.622519,34.712328],[127.622154,34.708115],[127.616752,34.709523],[127.613769,34.706629],[127.61847,34.701512],[127.625287,34.700084],[127.627867,34.696386],[127.622403,34.690758],[127.623411,34.687315],[127.631709,34.683259],[127.634478,34.685655],[127.639449,34.683537],[127.631475,34.679983],[127.624968,34.680482],[127.618899,34.684526],[127.617438,34.682991],[127.629389,34.675006],[127.633162,34.670191],[127.631686,34.665334],[127.635395,34.661454],[127.629813,34.650522],[127.6374,34.648809],[127.640682,34.652354],[127.642649,34.650386],[127.640192,34.645851],[127.6344,34.645937],[127.640379,34.643859],[127.634998,34.640259],[127.633313,34.636219],[127.638232,34.63664],[127.643194,34.633838],[127.646193,34.628947],[127.644389,34.627291],[127.635835,34.626119],[127.634253,34.628052],[127.636309,34.630025],[127.634003,34.632644],[127.624838,34.629885],[127.625195,34.634451],[127.615146,34.643165],[127.604365,34.645294],[127.589419,34.65184],[127.581735,34.651748],[127.574854,34.647814],[127.576259,34.640406],[127.582814,34.630849],[127.58017,34.630713],[127.57463,34.635572],[127.574277,34.639952],[127.570131,34.64359],[127.567733,34.650076],[127.560116,34.657627],[127.555246,34.657046],[127.553435,34.658525],[127.550995,34.664702],[127.552382,34.669295],[127.557454,34.671705],[127.560343,34.670943],[127.563462,34.675173],[127.557808,34.678874],[127.555494,34.677247],[127.550345,34.681829],[127.552743,34.693651],[127.558314,34.693811],[127.556218,34.696094],[127.559504,34.700429],[127.563301,34.698665],[127.573693,34.698995],[127.581187,34.693736],[127.577054,34.700601],[127.572127,34.70372],[127.568005,34.703125],[127.565964,34.70052],[127.564109,34.701269],[127.561715,34.708086],[127.55916,34.707443],[127.557872,34.701766],[127.553123,34.700582],[127.555679,34.712286],[127.548384,34.711125],[127.550852,34.717652],[127.563756,34.724201],[127.563392,34.727844],[127.559416,34.727951],[127.56112,34.73199],[127.567106,34.728103],[127.57859,34.73301],[127.579713,34.73574],[127.5775,34.736989],[127.577757,34.738892],[127.582771,34.739793],[127.582606,34.745627],[127.603864,34.743357],[127.592206,34.750398],[127.584097,34.750308],[127.59019,34.756517],[127.583141,34.768778],[127.581636,34.768982],[127.579178,34.760863],[127.572665,34.760068],[127.571817,34.761644],[127.575141,34.769631],[127.571658,34.77442],[127.567787,34.776949],[127.559444,34.777329],[127.563448,34.780607],[127.570542,34.778824],[127.572742,34.782898],[127.569514,34.782575],[127.566556,34.791149],[127.558572,34.796261],[127.560651,34.802464],[127.557225,34.806821],[127.546253,34.810188],[127.543581,34.805944],[127.538238,34.805318],[127.531767,34.806176],[127.526984,34.810958],[127.526141,34.809194],[127.522863,34.809822],[127.525679,34.822496],[127.538361,34.831795],[127.539395,34.835717],[127.542769,34.837967],[127.543384,34.842143],[127.542202,34.843294],[127.532876,34.841295],[127.532261,34.83587],[127.532253,34.841707],[127.525633,34.845289],[127.522685,34.849957],[127.522244,34.858868],[127.519878,34.858973],[127.514778,34.869675],[127.518093,34.880665],[127.512115,34.881195],[127.514433,34.878136],[127.504354,34.874389],[127.500772,34.877055],[127.49575,34.874451],[127.490901,34.876736],[127.490454,34.869732],[127.488169,34.869526],[127.490145,34.867329],[127.494396,34.867129],[127.495028,34.860879],[127.493988,34.858101],[127.489904,34.857291],[127.492746,34.851924],[127.492361,34.846647],[127.485848,34.841686],[127.466895,34.844727],[127.460923,34.840578],[127.451939,34.840331],[127.447187,34.836717],[127.4399,34.836387],[127.438963,34.838692],[127.434187,34.839844],[127.432449,34.835695],[127.426085,34.835264],[127.419685,34.830866],[127.416444,34.832465],[127.417032,34.830353],[127.400851,34.825055],[127.39602,34.825264],[127.389257,34.828795],[127.382385,34.836148],[127.367699,34.835094],[127.355618,34.839991],[127.353549,34.839065],[127.354166,34.836805],[127.365949,34.831359],[127.382988,34.826737],[127.391966,34.814548],[127.395614,34.813983],[127.398411,34.816782],[127.406179,34.814803],[127.410423,34.815592],[127.411108,34.813912],[127.420003,34.811345],[127.424437,34.815237],[127.427476,34.813862],[127.422311,34.809665],[127.417952,34.809355],[127.412731,34.802531],[127.406744,34.802251],[127.395025,34.796314],[127.389914,34.786422],[127.393432,34.783464],[127.388668,34.785285],[127.386419,34.782801],[127.386672,34.779046],[127.369563,34.778733],[127.368838,34.776996],[127.374066,34.777986],[127.387781,34.77475],[127.392983,34.776693],[127.402288,34.766621],[127.397288,34.756755],[127.38917,34.751702],[127.38063,34.750568],[127.373286,34.741521],[127.375377,34.736828],[127.379498,34.733985],[127.380444,34.729121],[127.379028,34.727384],[127.383435,34.722602],[127.39242,34.719296],[127.387169,34.715285],[127.396426,34.707135],[127.401582,34.708509],[127.406608,34.704567],[127.414746,34.706953],[127.422706,34.701431],[127.425978,34.703468],[127.432633,34.701725],[127.440264,34.69761],[127.44484,34.69057],[127.445139,34.696925],[127.452047,34.694993],[127.453258,34.690023],[127.447801,34.687571],[127.44868,34.682787],[127.44358,34.682258],[127.43452,34.689321],[127.430184,34.690327],[127.425086,34.698018],[127.420172,34.701432],[127.402136,34.702857],[127.41068,34.696507],[127.424253,34.691437],[127.428752,34.682616],[127.433462,34.679714],[127.428919,34.676495],[127.429853,34.675122],[127.440155,34.679699],[127.442979,34.67555],[127.446973,34.674315],[127.449474,34.67149],[127.44592,34.667872],[127.448175,34.666046],[127.445591,34.662367],[127.448409,34.662224],[127.453319,34.665837],[127.453194,34.66773],[127.45763,34.66916],[127.457279,34.666371],[127.466818,34.662239],[127.46692,34.66494],[127.47182,34.664263],[127.471602,34.665659],[127.464926,34.665639],[127.462509,34.670832],[127.472374,34.673676],[127.477601,34.671899],[127.477168,34.66624],[127.472734,34.66383],[127.47555,34.662495],[127.475325,34.65678],[127.481327,34.65172],[127.488103,34.651473],[127.490394,34.649602],[127.492083,34.64344],[127.487464,34.64213],[127.476863,34.646389],[127.473358,34.643018],[127.475197,34.641803],[127.472274,34.640897],[127.467519,34.642461],[127.463631,34.649202],[127.459702,34.648175],[127.459158,34.645767],[127.461992,34.640679],[127.472106,34.638061],[127.474552,34.635586],[127.48382,34.636903],[127.491592,34.63261],[127.492539,34.636396],[127.496771,34.632095],[127.494622,34.626629],[127.498846,34.619036],[127.497158,34.615515],[127.503009,34.610665],[127.506264,34.603729],[127.506012,34.594676],[127.508459,34.592633],[127.502255,34.593281],[127.497135,34.59017],[127.495579,34.587458],[127.49663,34.585707],[127.489221,34.582265],[127.48665,34.578375],[127.488689,34.574848],[127.487718,34.573644],[127.482078,34.575713],[127.480855,34.578373],[127.475869,34.578071],[127.475985,34.573377],[127.469051,34.577856],[127.464898,34.578239],[127.460512,34.581067],[127.459328,34.588798],[127.461679,34.590802],[127.458082,34.591426],[127.456419,34.590376],[127.457855,34.584518],[127.444622,34.576637],[127.433008,34.582533],[127.434518,34.58525],[127.43344,34.588403],[127.418824,34.582321],[127.414092,34.584902],[127.41077,34.589921],[127.400986,34.589569],[127.395545,34.58695],[127.39406,34.581303],[127.399134,34.576216],[127.405548,34.580512],[127.408735,34.579932],[127.403662,34.572592],[127.404266,34.569149],[127.414893,34.568928],[127.419938,34.573126],[127.426626,34.570853],[127.429658,34.565666],[127.427864,34.564631],[127.420593,34.567179],[127.421024,34.563757],[127.413396,34.563452],[127.406215,34.560745],[127.402647,34.563082],[127.406695,34.566306],[127.404122,34.568746],[127.396301,34.563805],[127.396526,34.559663],[127.410148,34.555496],[127.412389,34.555691],[127.41099,34.557375],[127.413789,34.558719],[127.417682,34.558471],[127.414999,34.556507],[127.417139,34.555107],[127.423424,34.556667],[127.418476,34.554691],[127.417198,34.552162],[127.426259,34.552858],[127.427226,34.555084],[127.430541,34.55521],[127.429583,34.55256],[127.426243,34.550955],[127.42702,34.547535],[127.432807,34.552321],[127.438246,34.548684],[127.432663,34.543235],[127.426576,34.543092],[127.427902,34.540073],[127.43067,34.541543],[127.435345,34.540005],[127.435952,34.536305],[127.43478,34.534802],[127.43234,34.537129],[127.428503,34.536892],[127.426963,34.530911],[127.423414,34.529297],[127.426535,34.521107],[127.431277,34.519529],[127.42528,34.517298],[127.430796,34.513205],[127.42537,34.511387],[127.425088,34.513942],[127.417873,34.515131],[127.418314,34.518114],[127.413379,34.521407],[127.413139,34.519619],[127.405689,34.518096],[127.404014,34.515201],[127.407327,34.512231],[127.404004,34.504989],[127.393582,34.504891],[127.391817,34.506318],[127.39258,34.509019],[127.388937,34.509707],[127.385672,34.505015],[127.380058,34.503773],[127.379413,34.502317],[127.384978,34.497954],[127.391494,34.48854],[127.386763,34.483285],[127.383351,34.485672],[127.381052,34.482507],[127.382423,34.478628],[127.378075,34.487235],[127.373884,34.480802],[127.370796,34.479934],[127.365486,34.483367],[127.366176,34.4868],[127.3584,34.491519],[127.354049,34.489672],[127.353965,34.483759],[127.351157,34.480928],[127.344016,34.483388],[127.343429,34.487584],[127.340552,34.489439],[127.341376,34.48482],[127.338311,34.483136],[127.341306,34.480947],[127.334005,34.478961],[127.331475,34.475665],[127.325225,34.476525],[127.32739,34.473555],[127.336114,34.470911],[127.337597,34.467839],[127.332723,34.463447],[127.330914,34.467511],[127.323427,34.470167],[127.319106,34.467733],[127.320825,34.464827],[127.319859,34.463057],[127.316964,34.46355],[127.319102,34.461605],[127.322291,34.463234],[127.326904,34.462077],[127.337338,34.4573],[127.339402,34.454646],[127.338204,34.450404],[127.340738,34.448965],[127.338937,34.44553],[127.327643,34.441337],[127.318873,34.442124],[127.318177,34.444925],[127.314298,34.445389],[127.314038,34.447791],[127.310678,34.449876],[127.309256,34.448338],[127.304644,34.449681],[127.30416,34.453331],[127.305691,34.454517],[127.316139,34.453862],[127.311921,34.458288],[127.308762,34.457968],[127.310883,34.460577],[127.310037,34.461933],[127.308406,34.462115],[127.305944,34.45835],[127.301945,34.457563],[127.304542,34.462435],[127.303571,34.4643],[127.297387,34.463335],[127.301322,34.46748],[127.300677,34.470266],[127.292874,34.470611],[127.287576,34.476724],[127.280201,34.478637],[127.28079,34.480544],[127.277711,34.480332],[127.276657,34.478212],[127.267594,34.482189],[127.269028,34.488079],[127.273567,34.492534],[127.280262,34.49008],[127.282685,34.491231],[127.277984,34.49526],[127.282923,34.497521],[127.280885,34.501979],[127.276071,34.502731],[127.267982,34.511015],[127.259334,34.513177],[127.255354,34.520478],[127.245533,34.521912],[127.245256,34.51447],[127.239181,34.517471],[127.230405,34.517849],[127.233365,34.524804],[127.225725,34.525781],[127.220244,34.533956],[127.215905,34.529195],[127.217343,34.528752],[127.214661,34.524072],[127.212537,34.526985],[127.209392,34.526726],[127.209484,34.520512],[127.211081,34.5202],[127.211765,34.516409],[127.208089,34.51668],[127.20714,34.521044],[127.194367,34.532373],[127.1787,34.53091],[127.173749,34.526357],[127.176236,34.524161],[127.172936,34.52022],[127.166479,34.525885],[127.153418,34.523885],[127.151937,34.526079],[127.148382,34.524242],[127.148061,34.521047],[127.145819,34.521016],[127.142865,34.523302],[127.136823,34.522984],[127.134061,34.526639],[127.12113,34.530129],[127.121252,34.540914],[127.112138,34.546167],[127.11475,34.556393],[127.113216,34.559332],[127.128364,34.573255],[127.135685,34.573554],[127.132732,34.578257],[127.137773,34.579172],[127.144307,34.583988],[127.145106,34.586267],[127.142301,34.589922],[127.148474,34.600657],[127.150646,34.598506],[127.15032,34.594209],[127.159551,34.591229],[127.164563,34.590958],[127.17081,34.594519],[127.167306,34.602495],[127.172434,34.606366],[127.170905,34.614931],[127.173387,34.621022],[127.171045,34.623537],[127.172439,34.627061],[127.178526,34.630098],[127.189599,34.643657],[127.195244,34.645243],[127.196248,34.651723],[127.202939,34.638304],[127.201841,34.617497],[127.197962,34.596711],[127.204125,34.592734],[127.216198,34.591077],[127.226144,34.584626],[127.213207,34.593566],[127.205165,34.594244],[127.201812,34.59702],[127.207554,34.628729],[127.222074,34.633529],[127.224141,34.635867],[127.227596,34.643524],[127.227455,34.657582],[127.232644,34.678552],[127.234289,34.680553],[127.241012,34.681463],[127.243665,34.685045],[127.241065,34.688962],[127.238615,34.688676],[127.236541,34.692852],[127.241467,34.693412],[127.239362,34.698109],[127.240774,34.700571],[127.247644,34.7022],[127.24608,34.705668],[127.24874,34.706657],[127.251633,34.703982],[127.253398,34.704927],[127.253888,34.707507],[127.251235,34.708619],[127.251286,34.711972],[127.258644,34.712423],[127.262386,34.715858],[127.268895,34.712335],[127.273946,34.715974],[127.274981,34.719743],[127.280902,34.718667],[127.27716,34.711684],[127.280426,34.710764],[127.282127,34.706017],[127.28187,34.700809],[127.280173,34.699676],[127.285176,34.699159],[127.287028,34.695998],[127.285383,34.694498],[127.286426,34.691088],[127.280559,34.686823],[127.281185,34.677534],[127.278136,34.677777],[127.279483,34.672992],[127.286222,34.670493],[127.286631,34.667514],[127.297388,34.669142],[127.314649,34.665206],[127.319626,34.67197],[127.318466,34.673056],[127.320161,34.678645],[127.317264,34.681705],[127.326974,34.689466],[127.325985,34.692451],[127.330777,34.700896],[127.331909,34.707057],[127.343984,34.709498],[127.343095,34.716013],[127.338593,34.713155],[127.332551,34.714799],[127.328444,34.727885],[127.326911,34.751575],[127.315339,34.752948],[127.303571,34.74959],[127.301681,34.744157],[127.29724,34.742397],[127.292691,34.730639],[127.289203,34.731025],[127.28585,34.735932],[127.277534,34.733967],[127.278837,34.73796],[127.272001,34.741592],[127.264264,34.73186],[127.260304,34.732532],[127.252412,34.74176],[127.251962,34.748066],[127.245352,34.757688],[127.246282,34.76077],[127.237452,34.759225],[127.24349,34.760998],[127.244954,34.766722],[127.243549,34.77518],[127.239218,34.773899],[127.238408,34.767517],[127.23466,34.763282],[127.228782,34.763537],[127.229906,34.75842],[127.235363,34.758583],[127.229601,34.757652],[127.209386,34.737561],[127.211575,34.730868],[127.20617,34.721917],[127.206305,34.718882],[127.199556,34.712492],[127.197239,34.705975],[127.190837,34.703236],[127.187204,34.69592],[127.177983,34.691334],[127.157943,34.691541],[127.151257,34.693619],[127.143917,34.692629],[127.135748,34.700091],[127.127969,34.702443],[127.114718,34.693445],[127.110579,34.684467],[127.111315,34.680779],[127.107233,34.676833],[127.099578,34.674915],[127.095644,34.669613],[127.087574,34.669171],[127.073536,34.663245],[127.072292,34.661091],[127.067426,34.66271],[127.064647,34.660518],[127.061776,34.655042],[127.062885,34.651068],[127.05738,34.648046],[127.046629,34.634706],[127.039665,34.636189],[127.032393,34.632749],[127.032078,34.630191],[127.02843,34.627892],[127.012001,34.624616],[126.984633,34.627874],[126.967437,34.625153],[126.963816,34.626127],[126.966691,34.623365],[126.978672,34.624857],[126.990018,34.622669],[126.993728,34.623808],[126.995849,34.618203],[126.994471,34.614612],[127.008465,34.609619],[127.009313,34.607692],[127.008253,34.60489],[126.999878,34.604189],[126.999879,34.597708],[126.993307,34.594029],[126.994262,34.586496],[126.992604,34.582292],[126.979282,34.574031],[126.985473,34.568878],[126.99714,34.566532],[127.004686,34.569866],[127.004353,34.555766],[127.002924,34.55472],[126.997694,34.562281],[126.988983,34.561828],[126.986578,34.555768],[126.990122,34.552935],[126.986181,34.546287],[126.989031,34.540313],[126.981859,34.539617],[126.977441,34.543382],[126.972203,34.542958],[126.959754,34.530891],[126.9637,34.528027],[126.964958,34.523131],[126.971573,34.525658],[126.973771,34.523761],[126.972124,34.521245],[126.973027,34.517054],[126.978262,34.511421],[126.976709,34.509422],[126.968001,34.509731],[126.968856,34.504818],[126.965068,34.504506],[126.962239,34.501364],[126.964468,34.498374],[126.963459,34.495993],[126.966824,34.491806],[126.976614,34.487312],[126.978827,34.48075],[126.976222,34.475075],[126.978512,34.470825],[126.976133,34.470122],[126.975154,34.474717],[126.968132,34.47831],[126.962097,34.469262],[126.95695,34.468524],[126.945004,34.483232],[126.941331,34.482406],[126.937804,34.475858],[126.940944,34.469958],[126.941462,34.462438],[126.94475,34.461127],[126.947336,34.456727],[126.937914,34.44768],[126.932868,34.446811],[126.927272,34.448145],[126.925553,34.452657],[126.873062,34.456097],[126.873044,34.452557],[126.879513,34.447983],[126.882575,34.439144],[126.887007,34.433553],[126.88499,34.421848],[126.882059,34.423136],[126.88003,34.430022],[126.874937,34.435556],[126.867872,34.439228],[126.865161,34.433901],[126.861002,34.441215],[126.846864,34.447716],[126.845116,34.451339],[126.842529,34.448052],[126.838763,34.449866],[126.839111,34.45306],[126.829404,34.447623],[126.817971,34.449022],[126.810628,34.454784],[126.806698,34.450441],[126.807274,34.454076],[126.804318,34.458764],[126.808699,34.468109],[126.801162,34.468804],[126.791312,34.466402],[126.785017,34.469201],[126.787275,34.477423],[126.796929,34.480391],[126.795037,34.488372],[126.791818,34.488856],[126.791519,34.509954],[126.786563,34.512477],[126.791316,34.528591],[126.79028,34.54075],[126.795231,34.54713],[126.791329,34.5475],[126.788794,34.553725],[126.791328,34.557551],[126.788675,34.558396],[126.789508,34.560826],[126.793716,34.564861],[126.793854,34.56761],[126.785653,34.577057],[126.789835,34.581599],[126.788545,34.586438],[126.780385,34.590181],[126.777624,34.594956],[126.781838,34.597851],[126.779141,34.603908],[126.778347,34.617578],[126.780641,34.621652],[126.781778,34.63287],[126.778963,34.623722],[126.770037,34.616029],[126.771635,34.596731],[126.769419,34.592542],[126.765756,34.56305],[126.768484,34.554884],[126.76464,34.545409],[126.768409,34.541689],[126.764275,34.540259],[126.765733,34.537176],[126.764238,34.533146],[126.76552,34.530495],[126.773006,34.528813],[126.773296,34.525374],[126.759052,34.526044],[126.761677,34.502861],[126.766071,34.500924],[126.766078,34.498353],[126.758635,34.495473],[126.758064,34.493762],[126.760668,34.491188],[126.751542,34.491777],[126.73846,34.486],[126.741194,34.48036],[126.747201,34.478092],[126.749444,34.472987],[126.753982,34.475066],[126.75358,34.471574],[126.748192,34.471887],[126.725106,34.442242],[126.718947,34.444752],[126.71358,34.442969],[126.71248,34.440554],[126.713793,34.439123],[126.697839,34.439854],[126.688962,34.434065],[126.690465,34.432136],[126.68398,34.429534],[126.681238,34.426187],[126.67464,34.427523],[126.678378,34.422178],[126.677597,34.416084],[126.673748,34.415623],[126.673361,34.418648],[126.666774,34.423293],[126.665625,34.426128],[126.663078,34.426049],[126.660919,34.425496],[126.660047,34.422128],[126.663381,34.420894],[126.652081,34.421468],[126.651714,34.417545],[126.647078,34.417569],[126.648474,34.412046],[126.64486,34.412103],[126.646787,34.410122],[126.64611,34.408281],[126.634884,34.411539],[126.632973,34.409111],[126.634863,34.406745],[126.631766,34.406644],[126.628406,34.4018],[126.626188,34.402353],[126.624336,34.407653],[126.619087,34.403454],[126.617898,34.401976],[126.622192,34.397253],[126.621455,34.393205],[126.61271,34.386258],[126.614632,34.380014],[126.623122,34.377651],[126.619404,34.373736],[126.620865,34.370038],[126.618832,34.365246],[126.621428,34.359306],[126.615751,34.356141],[126.615161,34.353808],[126.602568,34.348682],[126.603387,34.346666],[126.609621,34.345259],[126.611057,34.34187],[126.604156,34.338342],[126.605551,34.336079],[126.601636,34.319921],[126.606542,34.316374],[126.605965,34.314729],[126.596763,34.312413],[126.586245,34.319707],[126.559113,34.321845],[126.552284,34.316402],[126.549689,34.309072],[126.544708,34.303069],[126.5357,34.303356],[126.529161,34.300591],[126.528462,34.293616],[126.525017,34.292142],[126.521519,34.292784],[126.521743,34.295354],[126.518836,34.295781],[126.515006,34.306501],[126.516002,34.308977],[126.519537,34.310402],[126.519169,34.313427],[126.512123,34.319082],[126.520902,34.324171],[126.526894,34.334076],[126.520163,34.344808],[126.522064,34.34777],[126.519728,34.351391],[126.521513,34.356186],[126.519854,34.360765],[126.51062,34.36505],[126.50267,34.364828],[126.501228,34.35925],[126.498879,34.357702],[126.490403,34.359217],[126.488743,34.356453],[126.479414,34.352138],[126.476309,34.348078],[126.477186,34.35007],[126.474552,34.350632],[126.471409,34.348652],[126.470249,34.354623],[126.465612,34.357773],[126.464731,34.362297],[126.468017,34.363678],[126.476369,34.35565],[126.481104,34.358556],[126.476045,34.364945],[126.481779,34.362045],[126.483873,34.364469],[126.486826,34.364514],[126.475403,34.372765],[126.480951,34.373845],[126.48077,34.37649],[126.473364,34.378203],[126.480978,34.382838],[126.474722,34.381761],[126.470988,34.382885],[126.471046,34.384401],[126.473458,34.383298],[126.477244,34.386123],[126.481786,34.385333],[126.483879,34.386539],[126.48335,34.389468],[126.488475,34.386367],[126.496789,34.385917],[126.49704,34.388982],[126.48886,34.396027],[126.490171,34.398754],[126.487964,34.402463],[126.489319,34.404714],[126.486894,34.408405],[126.505096,34.405425],[126.51673,34.41435],[126.508041,34.426746],[126.510306,34.431458],[126.513786,34.433543],[126.508377,34.439465],[126.50641,34.4402],[126.500143,34.436437],[126.497245,34.431234],[126.490849,34.434404],[126.484426,34.433652],[126.481671,34.430392],[126.483544,34.426677],[126.482425,34.425394],[126.47648,34.426625],[126.466275,34.44098],[126.454209,34.448665],[126.454115,34.450278],[126.459023,34.449833],[126.464473,34.454368],[126.470672,34.447968],[126.476784,34.450181],[126.467376,34.456749],[126.467363,34.46207],[126.471038,34.469251],[126.467804,34.470831],[126.46252,34.467819],[126.455123,34.477514],[126.455632,34.482062],[126.463797,34.482021],[126.465005,34.484266],[126.460777,34.48927],[126.455947,34.488887],[126.461463,34.492322],[126.462226,34.495866],[126.458605,34.496681],[126.455838,34.501318],[126.471389,34.506974],[126.462338,34.519942],[126.455695,34.519622],[126.457871,34.522237],[126.456792,34.52333],[126.445289,34.521294],[126.441745,34.521596],[126.439936,34.523932],[126.444653,34.528608],[126.451051,34.527932],[126.460116,34.532078],[126.456856,34.534749],[126.442997,34.539071],[126.433535,34.534608],[126.43793,34.537918],[126.438132,34.540112],[126.433743,34.53934],[126.43603,34.549864],[126.430151,34.55527],[126.419871,34.554192],[126.41693,34.546756],[126.409577,34.548132],[126.404881,34.546768],[126.401596,34.544055],[126.404224,34.54023],[126.402515,34.537802],[126.386882,34.532089],[126.378196,34.538976],[126.387646,34.547164],[126.389226,34.551022],[126.384296,34.553103],[126.385395,34.559092],[126.38326,34.561702],[126.377035,34.561975],[126.375083,34.558529],[126.372147,34.560829],[126.362486,34.56078],[126.354871,34.56697],[126.345968,34.568172],[126.334077,34.573077],[126.327802,34.569],[126.321543,34.569656],[126.31384,34.566635],[126.307339,34.57233],[126.30915,34.576487],[126.306667,34.576973],[126.304803,34.575087],[126.303616,34.577474],[126.312072,34.584331],[126.312579,34.587719],[126.299236,34.590051],[126.296966,34.592737],[126.298823,34.598373],[126.295433,34.600579],[126.292094,34.591823],[126.280005,34.595354],[126.280153,34.5996],[126.283152,34.6007],[126.282589,34.604065],[126.287607,34.605234],[126.280468,34.610891],[126.262614,34.608754],[126.258915,34.612085],[126.264705,34.611375],[126.269456,34.615302],[126.279467,34.612274],[126.283163,34.61706],[126.28045,34.622117],[126.287163,34.623788],[126.289858,34.628374],[126.293266,34.629496],[126.288835,34.635602],[126.286498,34.634132],[126.287579,34.632639],[126.285253,34.629846],[126.277292,34.630329],[126.259572,34.64125],[126.259695,34.645353],[126.267097,34.64335],[126.268036,34.646772],[126.259332,34.65339]],[[126.50677,34.713497],[126.501381,34.711357],[126.493259,34.71129],[126.489999,34.715036],[126.477078,34.719958],[126.470323,34.718784],[126.476875,34.727239],[126.475772,34.734722],[126.47178,34.737671],[126.463907,34.735951],[126.457084,34.727846],[126.450429,34.730911],[126.448452,34.734161],[126.452772,34.736429],[126.449582,34.737142],[126.441993,34.732317],[126.443237,34.730528],[126.440628,34.728025],[126.42638,34.725282],[126.423615,34.726457],[126.427155,34.733586],[126.431227,34.733927],[126.436177,34.730811],[126.436542,34.733014],[126.440195,34.733298],[126.441698,34.737713],[126.449968,34.741753],[126.448847,34.743423],[126.439433,34.737341],[126.429423,34.739117],[126.430085,34.742688],[126.427943,34.743952],[126.418855,34.737624],[126.40117,34.738842],[126.398566,34.73753],[126.39772,34.733727],[126.390815,34.730185],[126.388186,34.720341],[126.421882,34.713388],[126.418797,34.709297],[126.421008,34.708022],[126.41917,34.704877],[126.425564,34.70265],[126.43979,34.710117],[126.452687,34.706319],[126.457123,34.701604],[126.457552,34.697343],[126.451214,34.686366],[126.471434,34.65915],[126.491746,34.651118],[126.498146,34.654373],[126.502337,34.653514],[126.510684,34.648474],[126.52561,34.634511],[126.525316,34.637139],[126.50388,34.656795],[126.497511,34.65783],[126.488646,34.656087],[126.479515,34.661306],[126.476178,34.668118],[126.479231,34.679847],[126.494238,34.665624],[126.506122,34.659983],[126.54271,34.654937],[126.562003,34.645092],[126.569502,34.643947],[126.578758,34.63557],[126.620803,34.629352],[126.622613,34.632483],[126.580553,34.638548],[126.571921,34.645976],[126.561819,34.648349],[126.538087,34.665478],[126.543121,34.671117],[126.553245,34.672267],[126.559435,34.678528],[126.561419,34.682704],[126.555871,34.684055],[126.551376,34.67886],[126.553823,34.67552],[126.552932,34.674394],[126.541671,34.671694],[126.535997,34.667669],[126.52435,34.672303],[126.512932,34.682908],[126.509859,34.688107],[126.527319,34.688745],[126.525034,34.690966],[126.510104,34.692836],[126.495322,34.708652],[126.507803,34.711968],[126.50677,34.713497]]],[[[126.241035,34.700603],[126.24398,34.700339],[126.244184,34.698113],[126.241568,34.697557],[126.241035,34.700603]]],[[[126.295638,34.78403],[126.301588,34.780573],[126.300186,34.776808],[126.29624,34.775972],[126.29039,34.77799],[126.295638,34.78403]]],[[[126.173878,34.824225],[126.174654,34.822536],[126.173346,34.82241],[126.171679,34.82421],[126.173878,34.824225]]],[[[126.307103,34.843317],[126.309611,34.842427],[126.30573,34.837739],[126.303121,34.841016],[126.307103,34.843317]]],[[[126.294833,34.84918],[126.291899,34.844757],[126.291472,34.846752],[126.294833,34.84918]]],[[[126.214623,34.850657],[126.216689,34.851961],[126.223523,34.850353],[126.220709,34.847532],[126.214623,34.850657]]],[[[126.157696,34.856341],[126.157196,34.855292],[126.154799,34.85756],[126.155945,34.858579],[126.157696,34.856341]]],[[[126.305754,34.913407],[126.311497,34.908911],[126.3176,34.906519],[126.321184,34.907828],[126.3192,34.913163],[126.337172,34.908569],[126.340599,34.901648],[126.351657,34.89842],[126.351597,34.891154],[126.349539,34.887155],[126.348275,34.892463],[126.345272,34.894366],[126.337107,34.893408],[126.334942,34.886632],[126.332827,34.886797],[126.333279,34.889249],[126.331286,34.89057],[126.32638,34.891672],[126.326463,34.882331],[126.329916,34.879307],[126.326606,34.878818],[126.319517,34.883672],[126.313041,34.878993],[126.325662,34.873084],[126.3208,34.871363],[126.321132,34.868039],[126.31562,34.866628],[126.321036,34.862194],[126.330523,34.861776],[126.338539,34.864455],[126.350372,34.863139],[126.354321,34.864728],[126.358299,34.862647],[126.362727,34.856522],[126.367861,34.857521],[126.369096,34.855407],[126.367486,34.851759],[126.37148,34.847388],[126.371626,34.84326],[126.365634,34.839966],[126.365549,34.836232],[126.371392,34.838961],[126.373379,34.833054],[126.365776,34.831446],[126.365269,34.828118],[126.367369,34.827281],[126.367622,34.824042],[126.361237,34.822659],[126.360348,34.819423],[126.356942,34.816896],[126.357568,34.814609],[126.349979,34.813533],[126.343087,34.818453],[126.338156,34.816199],[126.327484,34.821577],[126.327038,34.8249],[126.333588,34.824972],[126.335989,34.82679],[126.334652,34.830122],[126.336854,34.83371],[126.343579,34.832981],[126.345791,34.835405],[126.343854,34.842067],[126.341784,34.84236],[126.339329,34.838602],[126.336454,34.839632],[126.336948,34.844408],[126.334296,34.848367],[126.328643,34.851119],[126.320579,34.850473],[126.316414,34.846147],[126.312551,34.853281],[126.302229,34.853985],[126.295562,34.851424],[126.291534,34.854964],[126.276572,34.855748],[126.27242,34.847845],[126.262219,34.840137],[126.255067,34.840153],[126.240858,34.847744],[126.226587,34.847468],[126.232895,34.864761],[126.24339,34.858743],[126.264174,34.859313],[126.269401,34.872948],[126.273949,34.864096],[126.275199,34.865431],[126.279329,34.863402],[126.281602,34.8676],[126.280991,34.871103],[126.278206,34.87324],[126.281054,34.8823],[126.280425,34.886547],[126.286456,34.88707],[126.288914,34.885404],[126.289371,34.882375],[126.292599,34.881295],[126.303678,34.887218],[126.29517,34.901497],[126.291058,34.901331],[126.280508,34.910442],[126.283855,34.914456],[126.296413,34.921999],[126.305371,34.91946],[126.305754,34.913407]]],[[[126.181619,34.878277],[126.180706,34.87756],[126.180225,34.878383],[126.180823,34.881451],[126.181619,34.878277]]],[[[126.164886,34.884739],[126.168987,34.88429],[126.168854,34.875106],[126.167359,34.874977],[126.164886,34.884739]]],[[[126.167964,34.892249],[126.170083,34.890918],[126.167591,34.888904],[126.166366,34.890546],[126.167964,34.892249]]],[[[126.162572,34.892477],[126.16442,34.890337],[126.163913,34.889677],[126.162572,34.892477]]],[[[126.180743,34.898789],[126.18969,34.895542],[126.189011,34.889768],[126.175824,34.880429],[126.175295,34.885577],[126.172601,34.88784],[126.177904,34.889078],[126.180259,34.892222],[126.174989,34.900846],[126.178422,34.9033],[126.181309,34.901209],[126.180743,34.898789]]],[[[126.21947,34.893213],[126.222505,34.892647],[126.219588,34.891323],[126.21947,34.893213]]],[[[126.1684,34.897635],[126.168262,34.900025],[126.171168,34.899303],[126.17323,34.896284],[126.1684,34.897635]]],[[[126.200753,34.898093],[126.19713,34.899624],[126.198677,34.900835],[126.202618,34.900149],[126.200753,34.898093]]],[[[126.261393,34.902427],[126.258276,34.903219],[126.262467,34.903553],[126.263956,34.902802],[126.261393,34.902427]]],[[[126.277186,34.913983],[126.276352,34.912066],[126.275942,34.912131],[126.274689,34.914342],[126.277186,34.913983]]],[[[126.166051,34.918921],[126.165623,34.92362],[126.172972,34.918812],[126.169188,34.91633],[126.166051,34.918921]]],[[[126.288787,34.922392],[126.29159,34.922985],[126.289591,34.920609],[126.287415,34.920874],[126.288787,34.922392]]],[[[126.251419,34.92038],[126.252271,34.915922],[126.254966,34.913351],[126.24989,34.914785],[126.24853,34.917571],[126.245788,34.917098],[126.239655,34.914879],[126.238038,34.910215],[126.234138,34.90937],[126.22008,34.918653],[126.219471,34.924079],[126.2275,34.937559],[126.234143,34.936525],[126.238718,34.932963],[126.243213,34.935114],[126.249978,34.935175],[126.253868,34.932963],[126.251419,34.92038]]],[[[126.171793,34.922408],[126.170643,34.923132],[126.171938,34.926902],[126.177069,34.928034],[126.176589,34.925262],[126.171793,34.922408]]],[[[126.152221,34.926157],[126.150059,34.926789],[126.151326,34.928847],[126.154799,34.927458],[126.152221,34.926157]]],[[[126.275742,34.9307],[126.278198,34.930196],[126.275996,34.926459],[126.274365,34.928924],[126.275742,34.9307]]],[[[126.17658,34.932471],[126.176617,34.928815],[126.171758,34.932125],[126.17658,34.932471]]],[[[126.276911,34.931444],[126.273619,34.932628],[126.275109,34.934108],[126.277036,34.933792],[126.276911,34.931444]]],[[[126.181961,34.939816],[126.178643,34.936367],[126.178391,34.938727],[126.181961,34.939816]]],[[[126.269978,34.93902],[126.268735,34.940783],[126.269758,34.941064],[126.272625,34.938398],[126.269978,34.93902]]],[[[126.275309,34.944013],[126.27266,34.944922],[126.274081,34.946702],[126.276845,34.945871],[126.275309,34.944013]]],[[[126.256018,34.945194],[126.253504,34.942531],[126.250755,34.94314],[126.252191,34.951528],[126.256018,34.945194]]],[[[126.216407,34.95201],[126.212745,34.936565],[126.214452,34.933367],[126.20373,34.923392],[126.199383,34.915966],[126.194672,34.914806],[126.190231,34.917159],[126.187745,34.922032],[126.192924,34.922192],[126.187965,34.946107],[126.204064,34.983275],[126.207087,34.986053],[126.219145,34.984752],[126.226908,34.986056],[126.229208,34.984691],[126.230625,34.979936],[126.227329,34.973771],[126.227538,34.967754],[126.216407,34.95201]]],[[[126.248889,34.951796],[126.247789,34.947197],[126.243427,34.944412],[126.23462,34.945528],[126.23289,34.946906],[126.23366,34.949938],[126.230024,34.951061],[126.232698,34.955122],[126.23704,34.954265],[126.238669,34.957985],[126.241708,34.955167],[126.247027,34.954562],[126.248889,34.951796]]],[[[126.288803,34.962631],[126.296432,34.943396],[126.300553,34.938291],[126.29763,34.93558],[126.298188,34.933429],[126.293076,34.933729],[126.287928,34.936972],[126.285233,34.933853],[126.280953,34.934658],[126.287004,34.942441],[126.2796,34.948694],[126.276537,34.947868],[126.271832,34.956825],[126.267029,34.95696],[126.262801,34.951819],[126.258428,34.957236],[126.257889,34.962423],[126.263725,34.962021],[126.264719,34.963834],[126.263582,34.968769],[126.273589,34.970052],[126.288803,34.962631]]],[[[126.23048,34.954846],[126.227257,34.954242],[126.227458,34.956055],[126.230101,34.956829],[126.23048,34.954846]]],[[[126.233479,34.979547],[126.234611,34.982394],[126.236704,34.97847],[126.234344,34.972148],[126.233479,34.979547]]],[[[126.265533,35.000834],[126.265327,34.994583],[126.270228,34.9939],[126.270731,34.990706],[126.267608,34.986191],[126.271041,34.98118],[126.270748,34.976166],[126.248853,34.972934],[126.244317,34.975673],[126.24546,34.978685],[126.250643,34.982339],[126.251802,35.000434],[126.24655,35.006339],[126.261847,35.005739],[126.265533,35.000834]]],[[[126.187771,35.002173],[126.188438,35.003399],[126.190764,35.003007],[126.195991,34.99625],[126.192936,34.993606],[126.190057,34.994095],[126.187771,35.002173]]],[[[126.230586,35.002385],[126.233905,34.99859],[126.232364,34.995613],[126.226361,34.996227],[126.225946,34.998515],[126.230586,35.002385]]],[[[126.198515,35.011623],[126.199562,35.011319],[126.201391,35.006123],[126.195322,35.006726],[126.198515,35.011623]]],[[[126.213659,35.032063],[126.215296,35.028066],[126.214402,35.028027],[126.210549,35.031427],[126.213659,35.032063]]],[[[126.169727,35.055791],[126.175585,35.052049],[126.180375,35.052035],[126.180627,35.047613],[126.18574,35.042444],[126.188661,35.041794],[126.192418,35.04486],[126.200851,35.039137],[126.199824,35.031285],[126.196481,35.030567],[126.195183,35.028011],[126.197108,35.019336],[126.195711,35.010179],[126.190112,35.007386],[126.190086,35.014119],[126.193583,35.014457],[126.193345,35.016941],[126.192241,35.019118],[126.183838,35.0214],[126.18521,35.02354],[126.182501,35.027236],[126.170544,35.027039],[126.16956,35.0246],[126.165594,35.029132],[126.167051,35.033795],[126.163271,35.035429],[126.16286,35.033126],[126.160525,35.032361],[126.148623,35.033612],[126.146132,35.03815],[126.140039,35.041955],[126.133576,35.041936],[126.137812,35.045274],[126.136707,35.047253],[126.126538,35.047754],[126.129891,35.052118],[126.133535,35.051725],[126.137329,35.057748],[126.140472,35.055182],[126.145679,35.059142],[126.157255,35.05497],[126.169727,35.055791]]],[[[126.214186,35.036383],[126.215325,35.035196],[126.214448,35.034094],[126.212313,35.035022],[126.214186,35.036383]]],[[[126.217387,35.037604],[126.220681,35.038133],[126.221442,35.033495],[126.217387,35.037604]]],[[[126.150737,35.065375],[126.154836,35.061002],[126.153128,35.060199],[126.148508,35.064969],[126.150737,35.065375]]],[[[126.15561,35.075077],[126.157058,35.074763],[126.155229,35.069173],[126.15561,35.075077]]],[[[126.156098,35.080819],[126.157887,35.077806],[126.154976,35.075175],[126.153469,35.077804],[126.156098,35.080819]]],[[[126.154459,35.084813],[126.156151,35.084602],[126.15538,35.082655],[126.154459,35.084813]]],[[[126.205539,35.121663],[126.210295,35.115385],[126.207632,35.111158],[126.202998,35.111008],[126.199625,35.114808],[126.202307,35.119808],[126.205539,35.121663]]],[[[126.193452,35.119449],[126.194436,35.117739],[126.18992,35.11893],[126.190828,35.120688],[126.193452,35.119449]]],[[[126.203491,35.129323],[126.209488,35.126687],[126.208293,35.122482],[126.203867,35.123366],[126.199816,35.12822],[126.203491,35.129323]]],[[[126.150025,35.127994],[126.148761,35.128076],[126.148623,35.130432],[126.151476,35.129736],[126.150025,35.127994]]],[[[126.170408,35.131702],[126.173114,35.129686],[126.170332,35.128102],[126.16564,35.129113],[126.170408,35.131702]]],[[[126.218946,35.133223],[126.22014,35.134281],[126.22033,35.127728],[126.219093,35.126226],[126.218946,35.133223]]],[[[126.196009,35.138565],[126.192576,35.136053],[126.192023,35.131996],[126.18148,35.130187],[126.182011,35.134263],[126.18536,35.135592],[126.183133,35.142694],[126.201106,35.147978],[126.203974,35.144617],[126.202479,35.138674],[126.200291,35.136722],[126.196009,35.138565]]],[[[126.208428,35.187789],[126.214269,35.186373],[126.214262,35.184035],[126.211746,35.183035],[126.205357,35.183346],[126.208428,35.187789]]],[[[126.220809,35.194992],[126.22332,35.194729],[126.223368,35.191039],[126.219195,35.19156],[126.220809,35.194992]]],[[[126.24573,35.20318],[126.249743,35.203096],[126.247042,35.200764],[126.243892,35.201214],[126.24573,35.20318]]],[[[126.212646,35.283638],[126.212257,35.281778],[126.211269,35.28211],[126.209014,35.285436],[126.212646,35.283638]]],[[[126.202539,35.295759],[126.203879,35.292874],[126.203384,35.292439],[126.198781,35.294933],[126.202539,35.295759]]],[[[126.221578,35.308791],[126.227054,35.309709],[126.225765,35.308713],[126.221578,35.308791]]],[[[126.410418,34.228135],[126.403692,34.224308],[126.406567,34.228791],[126.410418,34.228135]]],[[[126.417451,34.237004],[126.419108,34.238501],[126.422959,34.225326],[126.417723,34.222428],[126.421272,34.228297],[126.417451,34.237004]]],[[[126.454076,34.26463],[126.456665,34.262477],[126.450625,34.259613],[126.447018,34.261599],[126.447627,34.263328],[126.454076,34.26463]]],[[[126.428161,34.264989],[126.423653,34.263833],[126.425798,34.267163],[126.428118,34.267474],[126.428161,34.264989]]],[[[126.430085,34.270397],[126.428517,34.269618],[126.422157,34.271345],[126.430085,34.270397]]],[[[126.450605,34.274616],[126.454962,34.272257],[126.452169,34.269952],[126.44928,34.271075],[126.450605,34.274616]]],[[[126.472562,34.283922],[126.469187,34.277583],[126.464905,34.276379],[126.467592,34.278498],[126.470231,34.288392],[126.480145,34.291003],[126.480471,34.289621],[126.477302,34.288224],[126.479295,34.287047],[126.477659,34.281902],[126.472562,34.283922]]],[[[126.478051,34.342373],[126.47344,34.337407],[126.475583,34.33294],[126.473886,34.331069],[126.463683,34.345414],[126.474021,34.342703],[126.476189,34.344643],[126.478051,34.342373]]],[[[126.473281,34.372823],[126.475152,34.371332],[126.474567,34.370543],[126.471844,34.371104],[126.473281,34.372823]]],[[[126.469991,34.382634],[126.471121,34.382404],[126.47062,34.38055],[126.468375,34.3807],[126.469991,34.382634]]],[[[126.330398,34.386182],[126.32728,34.383163],[126.327928,34.386448],[126.32935,34.38789],[126.330398,34.386182]]],[[[126.346305,34.387159],[126.347027,34.38636],[126.344881,34.384922],[126.344223,34.386563],[126.346305,34.387159]]],[[[126.327327,34.391553],[126.325821,34.389929],[126.324576,34.390519],[126.325027,34.392801],[126.327327,34.391553]]],[[[126.327836,34.395953],[126.329312,34.394485],[126.327227,34.393965],[126.325949,34.39505],[126.327836,34.395953]]],[[[126.314997,34.396241],[126.314132,34.394473],[126.31252,34.394711],[126.312728,34.39652],[126.314997,34.396241]]],[[[126.349997,34.400605],[126.351796,34.398132],[126.350763,34.397913],[126.348889,34.399782],[126.349997,34.400605]]],[[[126.3541,34.407833],[126.354299,34.410627],[126.358394,34.412014],[126.356273,34.405839],[126.352379,34.40284],[126.350862,34.404805],[126.3541,34.407833]]],[[[126.364779,34.410122],[126.363668,34.413734],[126.365131,34.417303],[126.370317,34.416601],[126.372874,34.414258],[126.372106,34.408337],[126.364779,34.410122]]],[[[126.461869,34.425824],[126.460144,34.426362],[126.463052,34.430106],[126.465267,34.427734],[126.461869,34.425824]]],[[[126.433068,34.432302],[126.437691,34.434529],[126.441065,34.433689],[126.434454,34.429922],[126.433068,34.432302]]],[[[126.430977,34.434021],[126.428142,34.434067],[126.432431,34.43591],[126.430977,34.434021]]],[[[126.434955,34.437565],[126.432926,34.436254],[126.430121,34.439704],[126.434955,34.437565]]],[[[126.428064,34.443316],[126.423868,34.445202],[126.423295,34.446924],[126.428064,34.443316]]],[[[126.418325,34.451887],[126.413625,34.455796],[126.418404,34.457733],[126.420121,34.455855],[126.418325,34.451887]]],[[[126.412282,34.466937],[126.41692,34.459668],[126.411741,34.460996],[126.413857,34.464027],[126.412282,34.466937]]],[[[126.424672,34.538225],[126.425586,34.537617],[126.423765,34.535168],[126.424672,34.538225]]],[[[126.354402,34.53594],[126.350517,34.537228],[126.352207,34.539201],[126.356244,34.538659],[126.354402,34.53594]]],[[[126.315954,34.557604],[126.316943,34.555701],[126.313562,34.556428],[126.315954,34.557604]]],[[[126.318902,34.563465],[126.319575,34.562608],[126.318013,34.561885],[126.318902,34.563465]]],[[[126.319685,34.559576],[126.320314,34.564405],[126.322919,34.566782],[126.33103,34.568352],[126.331473,34.563662],[126.319685,34.559576]]],[[[126.372796,34.76496],[126.372207,34.758315],[126.368742,34.756885],[126.364348,34.759758],[126.362015,34.751581],[126.35839,34.752493],[126.360369,34.744834],[126.355088,34.750269],[126.353219,34.750857],[126.351255,34.748331],[126.348869,34.750181],[126.348837,34.759624],[126.362687,34.759819],[126.364943,34.763736],[126.360796,34.769646],[126.359783,34.77494],[126.355466,34.778418],[126.355103,34.785279],[126.361012,34.777246],[126.373001,34.772728],[126.375583,34.769669],[126.372796,34.76496]]],[[[126.327902,34.774828],[126.32191,34.768292],[126.319816,34.759203],[126.306566,34.76434],[126.304967,34.772027],[126.308603,34.782423],[126.314384,34.780929],[126.315705,34.783803],[126.323857,34.789213],[126.326899,34.784969],[126.331445,34.784556],[126.327902,34.774828]]],[[[126.339358,34.783466],[126.338719,34.781905],[126.33728,34.786541],[126.333346,34.787178],[126.338105,34.794078],[126.340532,34.794836],[126.339358,34.783466]]],[[[126.316111,34.788381],[126.315656,34.789237],[126.317572,34.790935],[126.316111,34.788381]]],[[[126.333078,34.790814],[126.332584,34.789775],[126.331253,34.79489],[126.333337,34.793576],[126.333078,34.790814]]],[[[126.313352,34.793067],[126.314071,34.805069],[126.317245,34.813292],[126.32755,34.81601],[126.3308,34.813091],[126.333144,34.803569],[126.337149,34.798796],[126.329982,34.794437],[126.324205,34.795282],[126.313352,34.793067]]],[[[126.347389,34.81048],[126.350712,34.808317],[126.350394,34.806363],[126.346619,34.807136],[126.347389,34.81048]]],[[[126.337121,34.814915],[126.341781,34.811017],[126.338391,34.809823],[126.333485,34.813887],[126.337121,34.814915]]],[[[126.310246,34.843146],[126.312509,34.843783],[126.311673,34.841361],[126.310246,34.843146]]],[[[126.397802,34.859614],[126.398995,34.857315],[126.397982,34.857208],[126.396588,34.859624],[126.397802,34.859614]]],[[[126.379584,34.863119],[126.382071,34.858213],[126.38002,34.8587],[126.37793,34.862925],[126.379584,34.863119]]],[[[126.37255,34.867148],[126.370519,34.862515],[126.369155,34.862867],[126.369315,34.867855],[126.37255,34.867148]]],[[[126.366639,34.8658],[126.357292,34.865628],[126.359292,34.872407],[126.362238,34.875143],[126.378796,34.878723],[126.37809,34.875501],[126.366639,34.8658]]],[[[126.34855,34.883816],[126.348306,34.875802],[126.347799,34.876344],[126.346793,34.881521],[126.34855,34.883816]]],[[[126.387425,34.887089],[126.388054,34.886076],[126.385171,34.885218],[126.387425,34.887089]]],[[[126.351116,34.900519],[126.343667,34.907127],[126.345059,34.909668],[126.350796,34.910498],[126.351931,34.912683],[126.352911,34.908672],[126.355881,34.90691],[126.351116,34.900519]]],[[[126.384661,34.920797],[126.381283,34.920454],[126.381483,34.920709],[126.384223,34.922437],[126.384661,34.920797]]],[[[126.322345,34.922372],[126.321822,34.924494],[126.324963,34.92535],[126.326149,34.923526],[126.322345,34.922372]]],[[[126.311248,35.007389],[126.313581,35.008758],[126.313734,35.011185],[126.310372,35.01352],[126.316216,35.01548],[126.319358,35.013393],[126.314307,34.999736],[126.311248,35.007389]]],[[[126.374801,35.023894],[126.37411,35.022073],[126.372194,35.02485],[126.374394,35.02851],[126.374801,35.023894]]],[[[126.313722,35.042],[126.309016,35.042033],[126.310881,35.043154],[126.313722,35.042]]],[[[126.336045,35.167051],[126.337749,35.166574],[126.337105,35.162638],[126.334819,35.163855],[126.336045,35.167051]]],[[[126.354332,35.171173],[126.357445,35.169575],[126.355879,35.169305],[126.354332,35.171173]]],[[[126.398163,35.376273],[126.39878,35.376056],[126.397319,35.372127],[126.393259,35.372339],[126.39355,35.374738],[126.398163,35.376273]]],[[[126.407854,35.41492],[126.407173,35.416708],[126.407542,35.416859],[126.409704,35.41607],[126.407854,35.41492]]],[[[126.583562,34.100674],[126.590333,34.105319],[126.591192,34.109922],[126.586199,34.112921],[126.592048,34.11431],[126.595766,34.111591],[126.593822,34.109305],[126.594956,34.107963],[126.601911,34.104595],[126.605544,34.09978],[126.601755,34.096846],[126.588752,34.100526],[126.583562,34.100674]]],[[[126.519477,34.11672],[126.517583,34.116812],[126.518067,34.119314],[126.519477,34.11672]]],[[[126.572687,34.129434],[126.566317,34.128087],[126.566533,34.133844],[126.56928,34.136298],[126.572687,34.129434]]],[[[126.589033,34.144491],[126.589458,34.143777],[126.587941,34.143115],[126.585231,34.145536],[126.589033,34.144491]]],[[[126.570414,34.170377],[126.57205,34.16362],[126.574074,34.162528],[126.576409,34.16878],[126.584438,34.17031],[126.597744,34.168967],[126.604014,34.167831],[126.609609,34.16215],[126.620733,34.165018],[126.621661,34.159876],[126.624736,34.157111],[126.620502,34.154323],[126.61698,34.1483],[126.607959,34.157694],[126.603151,34.15895],[126.603537,34.1508],[126.605847,34.147975],[126.603143,34.145712],[126.596842,34.153785],[126.596755,34.157311],[126.591096,34.161743],[126.588819,34.157573],[126.579589,34.156875],[126.580749,34.151308],[126.574091,34.148881],[126.577386,34.144397],[126.56619,34.143417],[126.564563,34.141739],[126.564346,34.134943],[126.558939,34.134296],[126.555056,34.130937],[126.549276,34.129453],[126.547781,34.126625],[126.537847,34.125647],[126.529566,34.121434],[126.524663,34.120892],[126.518729,34.124528],[126.512458,34.121158],[126.510297,34.125017],[126.511398,34.130457],[126.5038,34.138685],[126.508676,34.144141],[126.506521,34.146912],[126.503505,34.146063],[126.503241,34.148257],[126.509139,34.151104],[126.508737,34.155283],[126.504696,34.157567],[126.504301,34.160597],[126.515974,34.166393],[126.515797,34.170479],[126.531917,34.175803],[126.530943,34.179498],[126.536374,34.179404],[126.539281,34.18242],[126.549253,34.179509],[126.555265,34.174734],[126.555738,34.168186],[126.570414,34.170377]]],[[[126.587536,34.156085],[126.58726,34.152766],[126.585086,34.153535],[126.586256,34.156731],[126.587536,34.156085]]],[[[126.682338,34.175716],[126.659604,34.172856],[126.656661,34.168824],[126.658779,34.163697],[126.66341,34.164718],[126.668715,34.162808],[126.667297,34.158588],[126.669732,34.156578],[126.670202,34.149376],[126.679241,34.151692],[126.683335,34.148861],[126.680833,34.139231],[126.675427,34.139308],[126.675415,34.142424],[126.671212,34.14498],[126.669232,34.143416],[126.672332,34.140583],[126.673795,34.133255],[126.672597,34.129219],[126.667534,34.126337],[126.67109,34.119747],[126.668003,34.119189],[126.664609,34.112801],[126.660096,34.110589],[126.656772,34.114246],[126.647507,34.114403],[126.647058,34.116143],[126.650141,34.117619],[126.649124,34.123482],[126.650651,34.127573],[126.647771,34.130498],[126.645129,34.129115],[126.645029,34.12664],[126.640074,34.124518],[126.637557,34.119744],[126.634438,34.126884],[126.635519,34.13202],[126.628877,34.137132],[126.632944,34.140719],[126.632272,34.142917],[126.627296,34.14556],[126.627177,34.147393],[126.630684,34.152811],[126.638837,34.155887],[126.640135,34.16194],[126.647504,34.168064],[126.650487,34.16734],[126.651469,34.169909],[126.64615,34.175026],[126.642072,34.173731],[126.638854,34.177663],[126.633547,34.179663],[126.637176,34.18279],[126.632627,34.188184],[126.640025,34.187748],[126.644651,34.190328],[126.646299,34.192166],[126.645064,34.197074],[126.650223,34.200461],[126.655072,34.199426],[126.6612,34.194896],[126.668784,34.194742],[126.670908,34.190376],[126.685263,34.182019],[126.682338,34.175716]]],[[[126.480828,34.164633],[126.477426,34.163736],[126.475135,34.166091],[126.475794,34.171413],[126.480628,34.171181],[126.480828,34.164633]]],[[[126.613202,34.171998],[126.61029,34.172446],[126.611226,34.173843],[126.613202,34.171998]]],[[[126.55737,34.174416],[126.559381,34.176042],[126.567431,34.172755],[126.565992,34.170835],[126.55855,34.171342],[126.55737,34.174416]]],[[[126.618758,34.178218],[126.618201,34.178468],[126.621724,34.181583],[126.623598,34.180582],[126.622697,34.178775],[126.618758,34.178218]]],[[[126.625197,34.184657],[126.618437,34.182077],[126.618318,34.186188],[126.625197,34.184657]]],[[[126.478198,34.17763],[126.476199,34.185469],[126.47213,34.18704],[126.471615,34.190994],[126.475319,34.190301],[126.482341,34.192927],[126.486604,34.190616],[126.486776,34.187203],[126.480261,34.177104],[126.478198,34.17763]]],[[[126.621744,34.189461],[126.621487,34.190341],[126.622548,34.19047],[126.623563,34.189341],[126.621744,34.189461]]],[[[126.510401,34.192314],[126.509897,34.186787],[126.505889,34.184731],[126.500116,34.186859],[126.49169,34.176864],[126.489167,34.17904],[126.48474,34.179215],[126.486814,34.182898],[126.493674,34.184764],[126.495601,34.193766],[126.504877,34.205106],[126.509043,34.203009],[126.510715,34.199716],[126.515533,34.200885],[126.518714,34.19908],[126.510401,34.192314]]],[[[126.622996,34.195301],[126.621105,34.19387],[126.616844,34.194985],[126.622105,34.196832],[126.622996,34.195301]]],[[[126.629934,34.196972],[126.629942,34.196012],[126.625776,34.198149],[126.629934,34.196972]]],[[[126.488945,34.198927],[126.495541,34.199452],[126.494916,34.197366],[126.49028,34.195886],[126.486977,34.197295],[126.488945,34.198927]]],[[[126.547167,34.19938],[126.539545,34.197913],[126.537838,34.20011],[126.539694,34.2044],[126.543522,34.205455],[126.547167,34.19938]]],[[[126.570912,34.227137],[126.572872,34.222812],[126.577317,34.228582],[126.589124,34.223486],[126.594698,34.227342],[126.607941,34.224229],[126.608489,34.2186],[126.615435,34.216084],[126.618152,34.208754],[126.623902,34.206668],[126.625328,34.204569],[126.62415,34.201223],[126.616187,34.198166],[126.615379,34.195627],[126.609861,34.196104],[126.606414,34.199992],[126.603434,34.199549],[126.605095,34.195007],[126.611517,34.19249],[126.61699,34.185576],[126.614862,34.178293],[126.604152,34.173556],[126.58687,34.172261],[126.560276,34.178913],[126.560316,34.185491],[126.562922,34.186058],[126.561789,34.188962],[126.547776,34.188973],[126.546859,34.193196],[126.553714,34.193778],[126.556014,34.195828],[126.553106,34.196003],[126.552975,34.206559],[126.55789,34.207691],[126.560404,34.211661],[126.563534,34.211795],[126.559125,34.213822],[126.557729,34.209794],[126.553991,34.211761],[126.556803,34.215917],[126.556416,34.218577],[126.565953,34.219849],[126.564581,34.225759],[126.561305,34.224634],[126.552832,34.233631],[126.566397,34.235042],[126.56819,34.234429],[126.566573,34.229844],[126.572615,34.229556],[126.570912,34.227137]]],[[[126.639089,34.205613],[126.638155,34.204398],[126.632678,34.203861],[126.630579,34.206497],[126.632292,34.208582],[126.636465,34.208941],[126.639089,34.205613]]],[[[126.6247,34.207712],[126.623695,34.207945],[126.62545,34.211001],[126.627445,34.210514],[126.6247,34.207712]]],[[[126.511847,34.212141],[126.514363,34.218377],[126.516806,34.217264],[126.514355,34.21216],[126.516203,34.207929],[126.50921,34.207953],[126.508288,34.210602],[126.511847,34.212141]]],[[[126.620469,34.223776],[126.621172,34.222734],[126.618805,34.22213],[126.61749,34.223193],[126.620469,34.223776]]],[[[126.58298,34.241441],[126.583162,34.238135],[126.581372,34.238209],[126.58298,34.241441]]],[[[126.611433,34.233335],[126.608937,34.237374],[126.602224,34.232791],[126.594324,34.233407],[126.592609,34.235843],[126.593817,34.242206],[126.604235,34.249628],[126.617549,34.250441],[126.626892,34.238779],[126.624576,34.237294],[126.618533,34.238368],[126.614376,34.233215],[126.611433,34.233335]]],[[[126.563658,34.248824],[126.569855,34.244511],[126.565078,34.241342],[126.560901,34.247596],[126.563658,34.248824]]],[[[126.572284,34.281044],[126.571436,34.276412],[126.568685,34.275075],[126.54076,34.27479],[126.538874,34.278458],[126.541508,34.282876],[126.550282,34.280786],[126.557999,34.281555],[126.562436,34.284121],[126.566426,34.282025],[126.572284,34.281044]]],[[[126.609304,34.281417],[126.606089,34.282099],[126.605792,34.286729],[126.608633,34.29203],[126.612445,34.293415],[126.61379,34.292008],[126.609304,34.281417]]],[[[126.58955,34.289106],[126.58994,34.292615],[126.586093,34.294364],[126.57671,34.288827],[126.574762,34.289853],[126.580719,34.298237],[126.594383,34.305236],[126.595178,34.304165],[126.591255,34.301483],[126.589793,34.296767],[126.594018,34.291225],[126.58955,34.289106]]],[[[126.573298,34.303593],[126.569663,34.297034],[126.568267,34.299491],[126.573298,34.303593]]],[[[126.509128,34.298439],[126.50781,34.297992],[126.507738,34.300241],[126.511826,34.303658],[126.509128,34.298439]]],[[[126.564728,34.311496],[126.568156,34.313321],[126.567588,34.308995],[126.564751,34.308758],[126.564728,34.311496]]],[[[126.504348,34.317707],[126.501941,34.314687],[126.500816,34.316996],[126.503094,34.319007],[126.504348,34.317707]]],[[[126.64135,34.322051],[126.642716,34.322066],[126.643325,34.320409],[126.640723,34.31984],[126.64135,34.322051]]],[[[126.729133,34.362241],[126.731968,34.359647],[126.731469,34.351886],[126.738382,34.348363],[126.735814,34.342925],[126.740824,34.336235],[126.743466,34.336475],[126.743984,34.333197],[126.750702,34.326149],[126.748514,34.321509],[126.755092,34.315343],[126.766033,34.318125],[126.772214,34.312343],[126.767577,34.30464],[126.762628,34.303732],[126.761593,34.300876],[126.763386,34.297873],[126.772038,34.294699],[126.772994,34.291453],[126.777758,34.287407],[126.768629,34.287358],[126.768358,34.290052],[126.760113,34.292302],[126.758696,34.290968],[126.747926,34.291295],[126.742366,34.295101],[126.743031,34.298268],[126.735933,34.30132],[126.734548,34.304658],[126.731998,34.301667],[126.734519,34.299383],[126.737942,34.286454],[126.731496,34.287065],[126.717541,34.296847],[126.703345,34.297192],[126.693807,34.293517],[126.688132,34.296952],[126.685424,34.302074],[126.678673,34.304593],[126.681572,34.307826],[126.677315,34.31459],[126.670034,34.315908],[126.668774,34.323666],[126.665009,34.323877],[126.653296,34.331201],[126.651006,34.330413],[126.652183,34.328701],[126.650724,34.327218],[126.642818,34.327491],[126.648983,34.333413],[126.646751,34.33912],[126.640982,34.341134],[126.645183,34.346338],[126.641362,34.363922],[126.645616,34.367429],[126.638677,34.382114],[126.645947,34.387725],[126.647933,34.392857],[126.643028,34.394164],[126.642426,34.391674],[126.637023,34.387397],[126.636874,34.389412],[126.640022,34.391325],[126.639068,34.393668],[126.627501,34.394784],[126.623943,34.40059],[126.633324,34.400774],[126.644694,34.394894],[126.65422,34.393324],[126.663371,34.396435],[126.665187,34.399236],[126.666926,34.395672],[126.671193,34.396296],[126.670575,34.401567],[126.67646,34.399627],[126.685338,34.403242],[126.692917,34.397324],[126.702171,34.39854],[126.703823,34.39597],[126.70957,34.394434],[126.714834,34.387343],[126.71985,34.387398],[126.72137,34.386151],[126.71972,34.384439],[126.726896,34.383167],[126.731231,34.376815],[126.733403,34.367688],[126.729133,34.362241]]],[[[126.619058,34.337185],[126.617165,34.337148],[126.615992,34.340472],[126.618836,34.339292],[126.619058,34.337185]]],[[[126.646549,34.405092],[126.648037,34.40357],[126.645038,34.403785],[126.646549,34.405092]]],[[[126.727407,34.408137],[126.726194,34.405893],[126.72227,34.406558],[126.715151,34.413248],[126.704906,34.411196],[126.700222,34.413512],[126.71093,34.418314],[126.725717,34.412431],[126.727407,34.408137]]],[[[126.694113,34.421395],[126.694601,34.420445],[126.684372,34.419848],[126.686097,34.424162],[126.694113,34.421395]]],[[[126.702589,34.435143],[126.714727,34.435079],[126.707493,34.43299],[126.702589,34.435143]]],[[[126.495359,34.675433],[126.502891,34.675835],[126.525427,34.661826],[126.509354,34.662999],[126.501353,34.666141],[126.496336,34.670614],[126.495359,34.675433]]],[[[126.906715,34.214374],[126.911928,34.212562],[126.911633,34.205835],[126.903766,34.202098],[126.911783,34.194653],[126.912524,34.191717],[126.910293,34.190702],[126.912002,34.187413],[126.914581,34.186208],[126.923391,34.190595],[126.930587,34.188453],[126.920402,34.186067],[126.924515,34.179732],[126.925203,34.174623],[126.920009,34.169537],[126.918056,34.158656],[126.915354,34.1541],[126.908562,34.15183],[126.902981,34.154087],[126.894736,34.154355],[126.881057,34.149656],[126.878367,34.151689],[126.881057,34.155287],[126.872976,34.159897],[126.870525,34.165724],[126.865413,34.165864],[126.859685,34.161827],[126.860582,34.156893],[126.856178,34.150559],[126.853058,34.157134],[126.85498,34.160954],[126.848211,34.162952],[126.850565,34.165735],[126.855613,34.166583],[126.859409,34.170767],[126.855551,34.173048],[126.850573,34.169082],[126.846933,34.174218],[126.850938,34.181858],[126.850255,34.179892],[126.855069,34.178092],[126.853988,34.176165],[126.857307,34.177299],[126.857446,34.180029],[126.853283,34.182513],[126.85282,34.185657],[126.856556,34.187405],[126.856777,34.191131],[126.861352,34.194481],[126.861073,34.198349],[126.857229,34.199366],[126.870342,34.203508],[126.873422,34.207002],[126.87202,34.210141],[126.876018,34.213059],[126.8839,34.212935],[126.884596,34.216883],[126.89144,34.217296],[126.892002,34.213644],[126.896527,34.212223],[126.906715,34.214374]]],[[[126.84973,34.191914],[126.850098,34.189125],[126.846607,34.188842],[126.843879,34.191686],[126.84973,34.191914]]],[[[126.766142,34.190045],[126.76344,34.187438],[126.761507,34.176951],[126.749594,34.187517],[126.752321,34.192595],[126.75153,34.201784],[126.753413,34.205986],[126.763484,34.211679],[126.769348,34.204124],[126.771019,34.19787],[126.769842,34.190379],[126.766142,34.190045]]],[[[126.848229,34.202674],[126.845049,34.203374],[126.848249,34.206293],[126.848214,34.2045],[126.859279,34.203082],[126.848229,34.202674]]],[[[126.77818,34.22724],[126.778049,34.223833],[126.773826,34.2217],[126.771287,34.222844],[126.768764,34.229521],[126.77818,34.22724]]],[[[126.862718,34.288833],[126.865265,34.290716],[126.868275,34.281731],[126.864329,34.282293],[126.862718,34.288833]]],[[[126.836175,34.302773],[126.838041,34.30061],[126.83696,34.297919],[126.834468,34.297488],[126.832517,34.300827],[126.836175,34.302773]]],[[[126.867562,34.301355],[126.863334,34.296082],[126.859558,34.302908],[126.863008,34.303497],[126.867562,34.301355]]],[[[126.889556,34.303519],[126.885404,34.306557],[126.890727,34.304555],[126.889556,34.303519]]],[[[126.852868,34.350682],[126.857707,34.351499],[126.858525,34.344291],[126.869175,34.350653],[126.87704,34.346842],[126.874969,34.344643],[126.879119,34.343072],[126.879473,34.337648],[126.896649,34.345161],[126.89965,34.341152],[126.897636,34.338907],[126.89753,34.331888],[126.892405,34.329926],[126.889001,34.333981],[126.881345,34.329581],[126.881003,34.326831],[126.883601,34.323205],[126.88648,34.324019],[126.887288,34.322397],[126.882646,34.311755],[126.883927,34.309252],[126.871961,34.308854],[126.870913,34.310105],[126.873465,34.312709],[126.871483,34.317619],[126.868804,34.321373],[126.864621,34.321368],[126.86346,34.3205],[126.867187,34.315399],[126.866959,34.312413],[126.857668,34.310187],[126.856514,34.305658],[126.850787,34.304727],[126.850445,34.301163],[126.845339,34.298267],[126.83976,34.299705],[126.836029,34.306442],[126.838456,34.313052],[126.835084,34.314204],[126.831696,34.323543],[126.829486,34.324406],[126.808681,34.326109],[126.80346,34.32273],[126.799463,34.32253],[126.798776,34.318291],[126.796452,34.318287],[126.795065,34.315106],[126.791346,34.315389],[126.788893,34.320779],[126.783541,34.323274],[126.779927,34.327505],[126.773537,34.326819],[126.768305,34.327966],[126.762015,34.332962],[126.756675,34.330833],[126.751088,34.333711],[126.751482,34.336016],[126.760517,34.339093],[126.776032,34.335146],[126.783767,34.341737],[126.781548,34.343263],[126.784867,34.344645],[126.785967,34.347554],[126.794467,34.34405],[126.802628,34.333642],[126.816505,34.337006],[126.819726,34.339493],[126.817242,34.34245],[126.820163,34.350695],[126.83363,34.358544],[126.838279,34.356059],[126.839495,34.353148],[126.844105,34.352867],[126.844225,34.348101],[126.849593,34.345235],[126.852868,34.350682]]],[[[126.79529,34.353981],[126.796307,34.352946],[126.792839,34.350411],[126.790722,34.351482],[126.79529,34.353981]]],[[[126.771056,34.356268],[126.769872,34.354085],[126.769029,34.354393],[126.769387,34.356538],[126.771056,34.356268]]],[[[126.735815,34.361025],[126.738296,34.361123],[126.738665,34.358022],[126.73446,34.358673],[126.735815,34.361025]]],[[[126.856155,34.388554],[126.85679,34.386613],[126.854994,34.386506],[126.854423,34.388041],[126.856155,34.388554]]],[[[126.743542,34.402057],[126.745379,34.399816],[126.744064,34.396501],[126.740232,34.397154],[126.743945,34.39159],[126.742519,34.389857],[126.73667,34.392665],[126.732186,34.401676],[126.735312,34.403447],[126.74007,34.399337],[126.743542,34.402057]]],[[[126.843488,34.425345],[126.843867,34.420495],[126.835057,34.419825],[126.827927,34.422364],[126.824899,34.420903],[126.825549,34.41912],[126.840458,34.410948],[126.845693,34.414008],[126.846348,34.417679],[126.850301,34.418639],[126.852942,34.412731],[126.848027,34.408274],[126.848953,34.406823],[126.85748,34.407167],[126.861522,34.399538],[126.859007,34.396517],[126.86468,34.396572],[126.86524,34.392699],[126.86772,34.390425],[126.863229,34.389719],[126.85523,34.392589],[126.850176,34.388271],[126.847253,34.390065],[126.832801,34.383494],[126.831033,34.377621],[126.823411,34.38679],[126.818991,34.381953],[126.808967,34.382901],[126.804258,34.385453],[126.793538,34.382238],[126.784766,34.370236],[126.780979,34.369569],[126.781917,34.362276],[126.776498,34.357299],[126.780979,34.353231],[126.779538,34.352037],[126.765414,34.359916],[126.772121,34.375222],[126.775588,34.375789],[126.779265,34.381781],[126.767972,34.381372],[126.757738,34.383335],[126.749148,34.379481],[126.750976,34.384569],[126.755271,34.386489],[126.75841,34.394313],[126.76801,34.399106],[126.768578,34.400739],[126.764095,34.405095],[126.764303,34.409611],[126.77179,34.414151],[126.774793,34.421757],[126.788375,34.433311],[126.801241,34.431724],[126.834659,34.444113],[126.834489,34.431554],[126.840214,34.434161],[126.845839,34.430125],[126.843488,34.425345]]],[[[126.86473,34.414772],[126.862092,34.412231],[126.861197,34.412613],[126.861777,34.415562],[126.86473,34.414772]]],[[[126.873078,34.413498],[126.870893,34.413841],[126.870951,34.414494],[126.872753,34.415515],[126.873078,34.413498]]],[[[126.869592,34.423673],[126.874426,34.427501],[126.877547,34.413457],[126.869297,34.421361],[126.869592,34.423673]]],[[[126.857401,34.418848],[126.85547,34.423866],[126.857367,34.424795],[126.86266,34.420698],[126.857401,34.418848]]],[[[126.85331,34.431738],[126.857601,34.425417],[126.854257,34.425673],[126.851325,34.429788],[126.85331,34.431738]]],[[[126.752804,34.451288],[126.753237,34.450295],[126.750138,34.449607],[126.752804,34.451288]]],[[[126.792917,34.463696],[126.788605,34.460856],[126.788624,34.461524],[126.792917,34.463696]]],[[[126.779284,34.538346],[126.784734,34.535156],[126.785138,34.532988],[126.781634,34.530541],[126.778633,34.532036],[126.776494,34.536597],[126.779284,34.538346]]],[[[126.924487,33.969004],[126.915241,33.97006],[126.90983,33.979656],[126.910855,33.984059],[126.917687,33.98882],[126.921066,33.986911],[126.923758,33.988958],[126.930766,33.987177],[126.936956,33.979398],[126.935456,33.976752],[126.936347,33.971643],[126.933462,33.96888],[126.927181,33.970666],[126.924487,33.969004]]],[[[127.011631,34.218244],[126.999432,34.217316],[126.997798,34.219022],[127.000673,34.223283],[127.008324,34.226131],[127.019391,34.224319],[127.01868,34.222453],[127.014947,34.222948],[127.011632,34.220882],[127.011631,34.218244]]],[[[127.007965,34.253682],[127.011111,34.258279],[127.016648,34.256781],[127.019331,34.253437],[127.020378,34.245358],[127.016183,34.239264],[127.012116,34.242155],[127.0135,34.245498],[127.007965,34.253682]]],[[[127.011028,34.269436],[127.011288,34.27389],[127.008603,34.280213],[127.011463,34.283949],[127.014668,34.28323],[127.022983,34.275541],[127.02125,34.27044],[127.017784,34.268788],[127.011028,34.269436]]],[[[126.90179,34.287186],[126.897911,34.281815],[126.893996,34.285522],[126.895383,34.289492],[126.90179,34.287186]]],[[[127.004147,34.289801],[127.006358,34.290603],[127.007057,34.289829],[127.00549,34.285605],[127.004147,34.289801]]],[[[127.004412,34.296808],[127.003336,34.298224],[127.005667,34.299146],[127.007494,34.296963],[127.004412,34.296808]]],[[[126.997429,34.305548],[126.996532,34.306029],[126.999275,34.308479],[127.000964,34.306861],[126.997429,34.305548]]],[[[127.018651,34.318741],[127.016972,34.319056],[127.01787,34.321137],[127.019214,34.320958],[127.018651,34.318741]]],[[[127.014054,34.320947],[127.014403,34.319456],[127.011032,34.319964],[127.012307,34.321851],[127.014054,34.320947]]],[[[127.015003,34.332117],[127.016382,34.323285],[127.005829,34.321234],[127.004213,34.314496],[126.993481,34.311688],[126.990531,34.309386],[126.992614,34.304783],[126.987061,34.30694],[126.978038,34.306076],[126.976304,34.302191],[126.971619,34.301039],[126.966239,34.303627],[126.967452,34.307943],[126.965542,34.310676],[126.963633,34.311107],[126.962246,34.308086],[126.95947,34.307797],[126.956864,34.312688],[126.957376,34.329376],[126.970738,34.339451],[126.983062,34.341467],[126.988792,34.337296],[127.001637,34.339311],[127.009795,34.331829],[127.015003,34.332117]]],[[[126.905371,34.331523],[126.908077,34.325807],[126.906231,34.325154],[126.902988,34.327746],[126.902785,34.332283],[126.905371,34.331523]]],[[[126.907121,34.338321],[126.905673,34.336278],[126.904379,34.337703],[126.907121,34.338321]]],[[[127.006087,34.369585],[127.003534,34.372881],[127.006207,34.377555],[127.009235,34.376423],[127.009651,34.37052],[127.006087,34.369585]]],[[[126.943519,34.39457],[126.942239,34.386681],[126.935486,34.383572],[126.947753,34.37758],[126.950185,34.372296],[126.948941,34.367263],[126.9387,34.365545],[126.933608,34.370547],[126.922094,34.367103],[126.924831,34.361376],[126.917595,34.355772],[126.913153,34.355581],[126.910294,34.359528],[126.906819,34.357398],[126.907644,34.354369],[126.892755,34.360735],[126.889015,34.358454],[126.886674,34.36197],[126.888578,34.365103],[126.869471,34.368326],[126.863779,34.374571],[126.865187,34.384125],[126.868239,34.390609],[126.872191,34.393964],[126.871466,34.400478],[126.862042,34.406507],[126.864677,34.411054],[126.872997,34.407871],[126.87327,34.405088],[126.871221,34.405164],[126.870688,34.40319],[126.872422,34.401074],[126.87918,34.399702],[126.882127,34.406972],[126.889859,34.401918],[126.890392,34.398595],[126.893846,34.395883],[126.896612,34.397041],[126.893979,34.401119],[126.895166,34.403493],[126.898656,34.402795],[126.897701,34.398865],[126.900373,34.397768],[126.902817,34.397977],[126.904148,34.402461],[126.90837,34.402555],[126.906269,34.399944],[126.91232,34.396504],[126.913791,34.394327],[126.912065,34.391796],[126.913863,34.391227],[126.920872,34.394766],[126.930834,34.390597],[126.935323,34.391713],[126.935325,34.39473],[126.939566,34.401003],[126.94312,34.402875],[126.941247,34.407378],[126.944142,34.408809],[126.943418,34.41297],[126.948219,34.410421],[126.951384,34.404195],[126.943519,34.39457]]],[[[126.913732,34.408255],[126.912837,34.406699],[126.911699,34.406831],[126.912091,34.408695],[126.913732,34.408255]]],[[[126.954003,34.416093],[126.954701,34.415553],[126.954979,34.41193],[126.952819,34.410061],[126.94989,34.413315],[126.954003,34.416093]]],[[[127.019928,34.426202],[127.020678,34.425938],[127.019858,34.423488],[127.019928,34.426202]]],[[[126.932093,34.430936],[126.931739,34.429173],[126.928655,34.431195],[126.932093,34.430936]]],[[[127.007813,34.440106],[127.012316,34.436066],[127.006144,34.433477],[127.007813,34.440106]]],[[[126.941285,34.437654],[126.941451,34.437262],[126.939854,34.437282],[126.941285,34.437654]]],[[[127.017634,34.444346],[127.017091,34.443621],[127.01534,34.444761],[127.016967,34.446279],[127.017634,34.444346]]],[[[127.023603,34.451289],[127.025212,34.447207],[127.020314,34.4468],[127.018574,34.449519],[127.023603,34.451289]]],[[[126.96738,34.459995],[126.965925,34.449595],[126.967169,34.446156],[126.965747,34.445158],[126.962441,34.448125],[126.964547,34.452414],[126.958534,34.4604],[126.962786,34.465562],[126.969499,34.461987],[126.96738,34.459995]]],[[[127.015177,34.611294],[127.011728,34.61056],[127.009044,34.618184],[127.012591,34.621193],[127.017048,34.618426],[127.015177,34.611294]]],[[[127.324646,34.021037],[127.322623,34.020498],[127.323397,34.022385],[127.325843,34.021893],[127.324646,34.021037]]],[[[127.309325,34.023838],[127.307363,34.028847],[127.316247,34.029345],[127.32186,34.027953],[127.324818,34.025025],[127.309325,34.023838]]],[[[127.292377,34.048194],[127.295034,34.044739],[127.294186,34.03999],[127.297419,34.038526],[127.296868,34.032233],[127.304046,34.029276],[127.305566,34.025085],[127.307516,34.025996],[127.308656,34.023533],[127.304437,34.020498],[127.304962,34.01899],[127.310927,34.018479],[127.315836,34.014345],[127.320319,34.016332],[127.324647,34.015315],[127.325487,34.012504],[127.323365,34.007301],[127.324575,34.004852],[127.320765,34.006669],[127.316437,34.012888],[127.31161,34.011257],[127.294463,34.01418],[127.29521,34.017756],[127.291054,34.022656],[127.288389,34.033177],[127.285291,34.035808],[127.281205,34.034456],[127.2792,34.043227],[127.281767,34.051254],[127.279751,34.052952],[127.274108,34.052184],[127.278644,34.055442],[127.278774,34.059471],[127.281955,34.059747],[127.283141,34.054658],[127.286114,34.055791],[127.284725,34.057527],[127.286174,34.058878],[127.292713,34.054944],[127.295054,34.056445],[127.291091,34.062766],[127.294108,34.063505],[127.297699,34.058271],[127.297328,34.054997],[127.292377,34.048194]]],[[[127.309326,34.058259],[127.313953,34.058899],[127.317761,34.056314],[127.321932,34.05962],[127.323519,34.059018],[127.326861,34.051853],[127.324034,34.04753],[127.324723,34.045493],[127.332723,34.041539],[127.33476,34.0341],[127.331196,34.033107],[127.327554,34.036735],[127.313376,34.040159],[127.30923,34.032284],[127.314004,34.04311],[127.30942,34.052931],[127.303047,34.058328],[127.305615,34.062943],[127.307771,34.062489],[127.307431,34.059881],[127.309326,34.058259]]],[[[127.071674,34.187075],[127.067686,34.192327],[127.080247,34.194945],[127.085481,34.190105],[127.084647,34.18755],[127.075831,34.185967],[127.071674,34.187075]]],[[[127.176192,34.209672],[127.180087,34.207817],[127.176086,34.203507],[127.169865,34.202822],[127.155848,34.202687],[127.151305,34.206006],[127.176192,34.209672]]],[[[127.262557,34.213039],[127.263689,34.211881],[127.262217,34.211458],[127.260702,34.212303],[127.262557,34.213039]]],[[[127.197952,34.224399],[127.201183,34.21994],[127.197129,34.215467],[127.193215,34.216894],[127.194022,34.221645],[127.197952,34.224399]]],[[[127.222295,34.220941],[127.217498,34.223217],[127.219698,34.22482],[127.224651,34.224001],[127.222295,34.220941]]],[[[127.259338,34.243499],[127.262046,34.238334],[127.257967,34.237109],[127.260243,34.230414],[127.258033,34.229477],[127.262311,34.228397],[127.261678,34.224458],[127.25671,34.22252],[127.2519,34.22409],[127.249898,34.221671],[127.258281,34.21924],[127.258967,34.211492],[127.256579,34.210876],[127.24814,34.21486],[127.244666,34.214073],[127.241206,34.219009],[127.237569,34.218165],[127.238636,34.216217],[127.236196,34.215031],[127.228905,34.215681],[127.225288,34.210311],[127.221424,34.210182],[127.225263,34.212943],[127.224849,34.216263],[127.231243,34.226263],[127.233112,34.236696],[127.235576,34.237961],[127.23788,34.235242],[127.2432,34.237986],[127.243048,34.247998],[127.247206,34.246641],[127.253299,34.251145],[127.25636,34.251256],[127.262619,34.244545],[127.259338,34.243499]]],[[[127.265583,34.233492],[127.267396,34.230789],[127.264193,34.231745],[127.26351,34.233377],[127.265583,34.233492]]],[[[127.266034,34.242059],[127.271578,34.237941],[127.269601,34.236613],[127.262551,34.241485],[127.266034,34.242059]]],[[[127.125368,34.299423],[127.118643,34.305468],[127.119656,34.309797],[127.122574,34.308089],[127.128653,34.310269],[127.125504,34.31517],[127.132272,34.314462],[127.141808,34.305995],[127.137195,34.301461],[127.125368,34.299423]]],[[[127.104209,34.303629],[127.100155,34.301799],[127.09403,34.303138],[127.094017,34.307289],[127.100727,34.314169],[127.103148,34.313179],[127.104209,34.303629]]],[[[127.065173,34.307701],[127.062715,34.307338],[127.061578,34.313597],[127.065528,34.312722],[127.065173,34.307701]]],[[[127.089456,34.32933],[127.088626,34.327534],[127.092,34.323728],[127.08951,34.319926],[127.08078,34.322098],[127.075941,34.327965],[127.082062,34.329969],[127.089456,34.32933]]],[[[127.05302,34.355494],[127.05442,34.360817],[127.058611,34.362667],[127.075653,34.363352],[127.082354,34.359644],[127.093805,34.35709],[127.09408,34.353618],[127.090723,34.348066],[127.102919,34.336946],[127.094286,34.334941],[127.089433,34.336397],[127.086742,34.342323],[127.072313,34.343561],[127.07191,34.34602],[127.068134,34.346469],[127.064084,34.339989],[127.076894,34.339312],[127.083228,34.334614],[127.075749,34.330689],[127.069242,34.333503],[127.055947,34.329013],[127.056628,34.322492],[127.050427,34.323836],[127.043951,34.316015],[127.043677,34.307968],[127.041655,34.307634],[127.037746,34.310094],[127.034921,34.323394],[127.036135,34.325853],[127.046103,34.330038],[127.0497,34.328863],[127.053183,34.334239],[127.05177,34.339372],[127.042864,34.341135],[127.035726,34.336982],[127.035901,34.332583],[127.030357,34.332095],[127.028765,34.334491],[127.031774,34.338548],[127.024877,34.336447],[127.01756,34.339088],[127.026502,34.339552],[127.031917,34.341927],[127.027565,34.344568],[127.025973,34.347911],[127.01525,34.352664],[127.012383,34.352489],[127.008666,34.348794],[126.999746,34.350905],[126.997166,34.354073],[126.989945,34.355392],[126.98511,34.360056],[126.989094,34.362783],[127.001095,34.358384],[127.006511,34.358208],[127.010653,34.363047],[127.007033,34.367218],[127.010524,34.370651],[127.011117,34.377146],[127.020108,34.377959],[127.027913,34.374196],[127.029559,34.375701],[127.029693,34.381015],[127.033475,34.380035],[127.034871,34.3761],[127.041015,34.37008],[127.045206,34.370079],[127.05079,34.364059],[127.050787,34.35943],[127.045479,34.35758],[127.046314,34.352951],[127.05302,34.355494]]],[[[127.279018,34.381147],[127.276516,34.379035],[127.276032,34.380845],[127.279018,34.381147]]],[[[127.088928,34.381673],[127.092232,34.380776],[127.092079,34.376802],[127.085914,34.376516],[127.082689,34.374313],[127.079189,34.376462],[127.077645,34.373562],[127.072672,34.374493],[127.072039,34.371592],[127.068396,34.370608],[127.068399,34.37438],[127.074812,34.381321],[127.07188,34.384346],[127.072937,34.386969],[127.088639,34.392511],[127.09407,34.392717],[127.096596,34.385459],[127.088928,34.381673]]],[[[127.024041,34.38482],[127.02766,34.384846],[127.029247,34.381909],[127.023639,34.381043],[127.024041,34.38482]]],[[[127.051234,34.385815],[127.047836,34.384849],[127.034229,34.386977],[127.032407,34.391252],[127.036742,34.395005],[127.045068,34.396044],[127.046034,34.394007],[127.051953,34.39289],[127.051234,34.385815]]],[[[127.257063,34.407179],[127.260328,34.40118],[127.258672,34.398212],[127.259321,34.395497],[127.265744,34.394089],[127.263935,34.396905],[127.25952,34.396689],[127.263893,34.397693],[127.267745,34.391392],[127.270842,34.391069],[127.270915,34.386482],[127.274759,34.385439],[127.270051,34.384588],[127.272388,34.380943],[127.26034,34.381569],[127.247706,34.387367],[127.247677,34.39038],[127.251255,34.389657],[127.246321,34.393565],[127.253326,34.395327],[127.253436,34.403111],[127.240338,34.40653],[127.24551,34.408452],[127.24488,34.410471],[127.235709,34.411374],[127.243628,34.412685],[127.240476,34.415166],[127.241239,34.416989],[127.245955,34.414074],[127.251234,34.414399],[127.247941,34.40976],[127.257063,34.407179]]],[[[127.042289,34.402434],[127.041221,34.401675],[127.041157,34.40496],[127.042289,34.402434]]],[[[127.040264,34.405193],[127.039353,34.402809],[127.038074,34.404246],[127.038405,34.405942],[127.040264,34.405193]]],[[[127.047786,34.403607],[127.052495,34.405912],[127.052205,34.404321],[127.047786,34.403607]]],[[[127.030895,34.403436],[127.033754,34.408954],[127.036165,34.405863],[127.036893,34.401205],[127.030895,34.403436]]],[[[127.119806,34.411557],[127.11842,34.407778],[127.115668,34.406483],[127.116294,34.415215],[127.119806,34.411557]]],[[[127.074613,34.410574],[127.075647,34.416244],[127.078814,34.420512],[127.077084,34.427187],[127.08251,34.427254],[127.084921,34.425059],[127.086859,34.417315],[127.08275,34.412451],[127.082937,34.408236],[127.085399,34.40567],[127.08156,34.405923],[127.074613,34.410574]]],[[[127.215488,34.418655],[127.213902,34.417149],[127.211717,34.418129],[127.21366,34.420839],[127.215488,34.418655]]],[[[127.036267,34.421939],[127.033448,34.421024],[127.033747,34.422574],[127.036267,34.421939]]],[[[127.124058,34.424776],[127.124087,34.420771],[127.122172,34.421263],[127.122287,34.424509],[127.124058,34.424776]]],[[[127.065884,34.451601],[127.075772,34.427577],[127.075131,34.421364],[127.067787,34.420374],[127.073151,34.417624],[127.072314,34.414332],[127.066734,34.404154],[127.061447,34.399622],[127.059623,34.400816],[127.061068,34.406463],[127.058767,34.413226],[127.046951,34.414106],[127.039652,34.418881],[127.036389,34.423703],[127.033483,34.448473],[127.024642,34.450941],[127.022048,34.454362],[127.022518,34.456176],[127.032689,34.455998],[127.042086,34.460263],[127.048161,34.460611],[127.052116,34.459207],[127.047664,34.457104],[127.051194,34.453479],[127.053809,34.455757],[127.05381,34.458388],[127.056636,34.45827],[127.065884,34.451601]]],[[[127.227663,34.429073],[127.226321,34.429308],[127.227075,34.430957],[127.229696,34.431589],[127.227663,34.429073]]],[[[127.315109,34.441636],[127.315421,34.438634],[127.308758,34.430398],[127.302648,34.432595],[127.303785,34.435917],[127.296958,34.437579],[127.301389,34.442807],[127.309756,34.442362],[127.308111,34.439228],[127.315109,34.441636]]],[[[127.29629,34.437109],[127.291576,34.436166],[127.291777,34.438164],[127.294724,34.439768],[127.29629,34.437109]]],[[[127.228481,34.44332],[127.226469,34.442171],[127.226689,34.439206],[127.223522,34.440956],[127.228481,34.44332]]],[[[127.094384,34.44367],[127.094788,34.442152],[127.092384,34.441144],[127.094384,34.44367]]],[[[127.306693,34.444888],[127.307066,34.44341],[127.303132,34.44454],[127.306693,34.444888]]],[[[127.288629,34.442637],[127.290249,34.447849],[127.295091,34.448877],[127.295833,34.446699],[127.290133,34.440897],[127.288629,34.442637]]],[[[127.284608,34.454525],[127.283586,34.453456],[127.282176,34.454582],[127.2839,34.455822],[127.284608,34.454525]]],[[[127.238931,34.473925],[127.232275,34.473585],[127.229601,34.471103],[127.230314,34.463478],[127.222244,34.455025],[127.220274,34.443008],[127.21168,34.431115],[127.208065,34.429423],[127.18843,34.430527],[127.166323,34.435246],[127.162088,34.432718],[127.162569,34.428371],[127.157803,34.428288],[127.154048,34.431138],[127.144916,34.42898],[127.142686,34.427277],[127.144092,34.42268],[127.141627,34.420627],[127.136918,34.428516],[127.12479,34.431453],[127.123735,34.436498],[127.11544,34.439423],[127.115308,34.443148],[127.117515,34.445485],[127.115148,34.448049],[127.10908,34.447727],[127.107465,34.442],[127.101968,34.44146],[127.099048,34.44341],[127.100769,34.449336],[127.105986,34.455044],[127.100208,34.46267],[127.097905,34.46238],[127.098203,34.466288],[127.0927,34.471012],[127.095929,34.474259],[127.103051,34.469899],[127.106845,34.47236],[127.106672,34.475659],[127.114068,34.477487],[127.11661,34.483115],[127.110385,34.485383],[127.114669,34.490359],[127.117444,34.487591],[127.12057,34.490377],[127.124437,34.490594],[127.123843,34.486145],[127.127933,34.479469],[127.132605,34.47796],[127.136521,34.480095],[127.136094,34.474484],[127.140439,34.473407],[127.146537,34.475884],[127.148201,34.481414],[127.157199,34.478822],[127.161908,34.479589],[127.164507,34.48303],[127.176083,34.489721],[127.176477,34.491762],[127.182269,34.490679],[127.189429,34.495079],[127.189372,34.493627],[127.195862,34.492677],[127.195891,34.489134],[127.199191,34.488163],[127.216187,34.496354],[127.221654,34.494879],[127.231379,34.48575],[127.234737,34.477964],[127.237415,34.477529],[127.238931,34.473925]]],[[[127.09208,34.453488],[127.090868,34.451624],[127.088593,34.452008],[127.089217,34.461518],[127.084731,34.463128],[127.082439,34.461189],[127.081446,34.463942],[127.084681,34.465608],[127.093223,34.463618],[127.09208,34.453488]]],[[[127.236471,34.494515],[127.235008,34.492102],[127.231473,34.494345],[127.23445,34.495945],[127.236471,34.494515]]],[[[127.145662,34.494645],[127.145641,34.498459],[127.149417,34.496945],[127.149168,34.495293],[127.145662,34.494645]]],[[[127.271515,34.496367],[127.268258,34.497635],[127.268216,34.49887],[127.270878,34.499193],[127.271515,34.496367]]],[[[127.150238,34.50302],[127.148953,34.500958],[127.147318,34.501733],[127.147625,34.505059],[127.150238,34.50302]]],[[[127.133961,34.514753],[127.131045,34.505793],[127.12047,34.50734],[127.11959,34.503872],[127.115694,34.502301],[127.112513,34.50267],[127.112498,34.505376],[127.109377,34.508825],[127.097209,34.509378],[127.099683,34.513854],[127.105939,34.518162],[127.107652,34.51504],[127.109962,34.515724],[127.110624,34.518884],[127.107312,34.519878],[127.111445,34.522429],[127.118912,34.519064],[127.118067,34.517104],[127.120774,34.51271],[127.125654,34.516163],[127.122941,34.519777],[127.127138,34.524123],[127.134775,34.521497],[127.137668,34.516829],[127.133961,34.514753]]],[[[127.159197,34.520419],[127.161657,34.51954],[127.164976,34.521396],[127.161871,34.517843],[127.159197,34.520419]]],[[[127.128478,34.583262],[127.126151,34.582839],[127.126459,34.584391],[127.128478,34.583262]]],[[[127.101397,34.598202],[127.09794,34.594848],[127.091273,34.595851],[127.088845,34.604528],[127.097008,34.612511],[127.107012,34.604725],[127.111182,34.596098],[127.101397,34.598202]]],[[[127.322199,34.688681],[127.319163,34.689253],[127.320881,34.690931],[127.322199,34.688681]]],[[[127.305874,34.720145],[127.306622,34.727238],[127.312608,34.727662],[127.315631,34.725517],[127.312961,34.718742],[127.305874,34.720145]]],[[[127.303135,34.728164],[127.304061,34.726664],[127.300118,34.725747],[127.303135,34.728164]]],[[[127.309507,34.733219],[127.308094,34.732076],[127.306688,34.732949],[127.308001,34.734581],[127.309507,34.733219]]],[[[127.307432,34.736585],[127.307503,34.73714],[127.30974,34.737364],[127.30955,34.735101],[127.307432,34.736585]]],[[[127.314168,34.738226],[127.314171,34.737089],[127.31175,34.737019],[127.312659,34.739196],[127.314168,34.738226]]],[[[127.374394,34.006162],[127.373005,34.006296],[127.373117,34.009541],[127.374394,34.006162]]],[[[127.37132,34.013013],[127.371014,34.01521],[127.37336,34.015581],[127.3741,34.011848],[127.37132,34.013013]]],[[[127.374268,34.020622],[127.370387,34.020347],[127.372678,34.023621],[127.374268,34.020622]]],[[[127.459275,34.233007],[127.46593,34.227576],[127.457684,34.227981],[127.456948,34.23192],[127.459275,34.233007]]],[[[127.461293,34.235279],[127.462429,34.234239],[127.461022,34.233884],[127.461293,34.235279]]],[[[127.449607,34.250457],[127.453842,34.248439],[127.456314,34.24258],[127.445148,34.241843],[127.44449,34.244663],[127.449607,34.250457]]],[[[127.536004,34.253897],[127.534833,34.253127],[127.533621,34.255293],[127.536004,34.253897]]],[[[127.451509,34.256898],[127.450143,34.252598],[127.447628,34.254692],[127.446908,34.256184],[127.451509,34.256898]]],[[[127.542542,34.259386],[127.542358,34.25795],[127.540566,34.258111],[127.542542,34.259386]]],[[[127.539706,34.260402],[127.537568,34.259011],[127.534031,34.261647],[127.529937,34.26096],[127.526971,34.267377],[127.529831,34.269472],[127.533459,34.267834],[127.539396,34.268441],[127.541301,34.266866],[127.539706,34.260402]]],[[[127.36955,34.292758],[127.369568,34.287133],[127.351837,34.273548],[127.347647,34.274706],[127.348972,34.278773],[127.347652,34.284684],[127.350555,34.295109],[127.353355,34.296096],[127.352509,34.290164],[127.359982,34.287946],[127.361554,34.289056],[127.361305,34.292685],[127.364259,34.295048],[127.36955,34.292758]]],[[[127.394214,34.283251],[127.389884,34.279347],[127.388029,34.280705],[127.385518,34.290189],[127.390757,34.295949],[127.394553,34.296383],[127.40055,34.294191],[127.401301,34.292223],[127.401675,34.286789],[127.3986,34.284012],[127.398785,34.279586],[127.395766,34.278895],[127.394214,34.283251]]],[[[127.373,34.293129],[127.371145,34.295772],[127.379606,34.295411],[127.380354,34.293801],[127.373,34.293129]]],[[[127.492512,34.399304],[127.492416,34.399734],[127.497131,34.398544],[127.492512,34.399304]]],[[[127.321875,34.433197],[127.320535,34.431056],[127.319844,34.436783],[127.327749,34.434578],[127.328856,34.43169],[127.321875,34.433197]]],[[[127.331651,34.434405],[127.328396,34.43507],[127.329082,34.436218],[127.330913,34.436579],[127.331651,34.434405]]],[[[127.54035,34.440924],[127.539508,34.44146],[127.542244,34.444346],[127.546864,34.442727],[127.54035,34.440924]]],[[[127.468278,34.469968],[127.472881,34.464741],[127.481531,34.464441],[127.485002,34.467275],[127.490717,34.46574],[127.489991,34.462587],[127.48318,34.460063],[127.49267,34.458633],[127.497928,34.467612],[127.500403,34.466278],[127.499808,34.462857],[127.504047,34.463628],[127.50669,34.468105],[127.504974,34.469649],[127.504946,34.474097],[127.514505,34.462232],[127.521956,34.457705],[127.520853,34.453586],[127.537168,34.448079],[127.537532,34.445803],[127.534532,34.443862],[127.538463,34.431054],[127.534485,34.428603],[127.530224,34.422192],[127.520404,34.426465],[127.515847,34.4222],[127.5046,34.418218],[127.501715,34.415262],[127.492144,34.411751],[127.487532,34.41331],[127.485755,34.415508],[127.48682,34.418028],[127.490523,34.423794],[127.49423,34.425927],[127.493013,34.431218],[127.491153,34.433],[127.486438,34.432909],[127.485004,34.436405],[127.482094,34.436988],[127.47928,34.432399],[127.474675,34.432797],[127.465258,34.439862],[127.466317,34.442303],[127.461223,34.444308],[127.464816,34.447034],[127.473905,34.442561],[127.479612,34.442082],[127.482262,34.442489],[127.484622,34.445648],[127.483688,34.447207],[127.472593,34.452459],[127.466915,34.450252],[127.464649,34.452652],[127.451891,34.446298],[127.449617,34.448936],[127.452453,34.451996],[127.453487,34.450057],[127.45812,34.452283],[127.454326,34.455949],[127.451951,34.468789],[127.454377,34.475557],[127.45727,34.476493],[127.463416,34.471776],[127.469307,34.472515],[127.468278,34.469968]]],[[[127.44889,34.457484],[127.449112,34.461594],[127.442632,34.466299],[127.450193,34.464179],[127.451819,34.456568],[127.44889,34.457484]]],[[[127.442228,34.481739],[127.446922,34.483238],[127.44599,34.470932],[127.440924,34.469045],[127.437277,34.471862],[127.436717,34.474788],[127.442228,34.481739]]],[[[127.40273,34.481926],[127.407507,34.477522],[127.405209,34.474705],[127.402604,34.474551],[127.397038,34.47929],[127.40273,34.481926]]],[[[127.350375,34.479941],[127.349413,34.477444],[127.346426,34.478728],[127.348391,34.480961],[127.350375,34.479941]]],[[[127.396772,34.493607],[127.399611,34.490253],[127.39759,34.489538],[127.394212,34.493674],[127.396772,34.493607]]],[[[127.475604,34.542304],[127.478444,34.535263],[127.472048,34.529052],[127.459876,34.529084],[127.459134,34.525634],[127.470454,34.523445],[127.475715,34.5149],[127.472754,34.513891],[127.466886,34.517587],[127.457877,34.513702],[127.46208,34.512793],[127.461566,34.510067],[127.464861,34.508154],[127.465257,34.512958],[127.467245,34.510072],[127.479367,34.509949],[127.48452,34.505145],[127.486276,34.50926],[127.490345,34.508738],[127.495971,34.502543],[127.502157,34.504822],[127.500712,34.497483],[127.50676,34.492131],[127.496302,34.484679],[127.489134,34.484519],[127.488803,34.486965],[127.491314,34.487634],[127.488759,34.489842],[127.485384,34.484214],[127.469024,34.486352],[127.461317,34.484184],[127.462988,34.48249],[127.46241,34.479399],[127.458212,34.478594],[127.456732,34.480845],[127.452394,34.478646],[127.448594,34.487658],[127.444791,34.487825],[127.440707,34.492412],[127.446776,34.498315],[127.458045,34.502162],[127.458143,34.50521],[127.451755,34.506452],[127.454753,34.511232],[127.448771,34.516605],[127.439158,34.516111],[127.434127,34.519932],[127.436421,34.523179],[127.4396,34.524035],[127.441609,34.530272],[127.453613,34.543933],[127.458313,34.545732],[127.465773,34.543763],[127.472273,34.544377],[127.475604,34.542304]]],[[[127.452783,34.546919],[127.450661,34.542304],[127.445862,34.538298],[127.442438,34.538638],[127.441413,34.542109],[127.448347,34.547905],[127.452783,34.546919]]],[[[127.438419,34.552425],[127.437546,34.550873],[127.436625,34.552892],[127.437451,34.554249],[127.438419,34.552425]]],[[[127.44383,34.554526],[127.445682,34.553386],[127.444016,34.552651],[127.442283,34.554266],[127.44383,34.554526]]],[[[127.461903,34.556067],[127.458324,34.554044],[127.457549,34.55635],[127.461903,34.556067]]],[[[127.470213,34.569889],[127.469452,34.567684],[127.471303,34.564735],[127.465913,34.563625],[127.466523,34.569137],[127.470213,34.569889]]],[[[127.457322,34.563108],[127.455037,34.56511],[127.45341,34.571167],[127.457169,34.570468],[127.459404,34.564694],[127.457322,34.563108]]],[[[127.448761,34.562754],[127.447801,34.568361],[127.446039,34.56641],[127.443849,34.56809],[127.443151,34.572209],[127.445677,34.575992],[127.449504,34.574845],[127.453082,34.561619],[127.448761,34.562754]]],[[[127.473739,34.573173],[127.476477,34.57196],[127.473146,34.571011],[127.473739,34.573173]]],[[[127.454566,34.573223],[127.452796,34.572159],[127.451266,34.574067],[127.454566,34.573223]]],[[[127.416679,34.579149],[127.414673,34.578246],[127.414979,34.580864],[127.416818,34.58255],[127.425082,34.580981],[127.423729,34.575351],[127.416679,34.579149]]],[[[127.55944,34.588437],[127.554538,34.589631],[127.553639,34.592712],[127.557762,34.593785],[127.556516,34.590837],[127.561586,34.586857],[127.559569,34.586363],[127.55944,34.588437]]],[[[127.557645,34.616735],[127.561768,34.615649],[127.564822,34.613286],[127.564833,34.608049],[127.566907,34.605461],[127.561689,34.602824],[127.55143,34.602073],[127.55082,34.597405],[127.548773,34.595729],[127.534179,34.597374],[127.533876,34.598966],[127.539767,34.599062],[127.539022,34.606163],[127.540482,34.607935],[127.536734,34.609578],[127.535031,34.604709],[127.53021,34.603336],[127.527595,34.605737],[127.525295,34.603964],[127.522064,34.61447],[127.528991,34.617644],[127.532551,34.616422],[127.534102,34.611632],[127.537959,34.613958],[127.540615,34.611767],[127.543815,34.612245],[127.544424,34.613681],[127.541074,34.615638],[127.545031,34.619185],[127.551305,34.617665],[127.551223,34.61505],[127.557645,34.616735]]],[[[127.551163,34.626629],[127.547615,34.62662],[127.542552,34.623014],[127.537325,34.626604],[127.535505,34.626569],[127.537638,34.623808],[127.532459,34.625429],[127.535888,34.632409],[127.537349,34.629428],[127.540601,34.629598],[127.543088,34.632677],[127.546509,34.629668],[127.551116,34.629401],[127.551163,34.626629]]],[[[127.51595,34.625541],[127.524626,34.621206],[127.521798,34.619392],[127.514765,34.622711],[127.509372,34.633171],[127.515486,34.639568],[127.517082,34.639347],[127.51595,34.625541]]],[[[127.569136,34.626751],[127.552826,34.63634],[127.547272,34.637359],[127.5475,34.641003],[127.550141,34.642626],[127.554813,34.63912],[127.568061,34.635088],[127.569136,34.626751]]],[[[127.55036,34.659573],[127.551543,34.659154],[127.550966,34.657561],[127.548852,34.657884],[127.55036,34.659573]]],[[[127.471822,34.675132],[127.468997,34.673511],[127.468714,34.674832],[127.471822,34.675132]]],[[[127.450412,34.680871],[127.451237,34.678013],[127.448385,34.678935],[127.447293,34.68068],[127.450412,34.680871]]],[[[127.453087,34.683031],[127.45028,34.686005],[127.453178,34.686339],[127.454735,34.684387],[127.453087,34.683031]]],[[[127.46376,34.690071],[127.457667,34.682754],[127.454564,34.687236],[127.461479,34.692935],[127.46376,34.690071]]],[[[127.431702,34.705224],[127.43355,34.703847],[127.428129,34.705065],[127.431702,34.705224]]],[[[127.421229,34.703527],[127.42145,34.707747],[127.426002,34.707623],[127.427723,34.705785],[127.424398,34.702938],[127.421229,34.703527]]],[[[127.450658,34.704626],[127.448224,34.70602],[127.449704,34.706879],[127.450658,34.704626]]],[[[127.41282,34.712011],[127.416348,34.714339],[127.421918,34.712305],[127.4128,34.709033],[127.41282,34.712011]]],[[[127.436124,34.707475],[127.435716,34.71101],[127.436986,34.712325],[127.437656,34.710204],[127.441908,34.711052],[127.441615,34.720792],[127.447464,34.721656],[127.445769,34.709401],[127.43913,34.705575],[127.436124,34.707475]]],[[[127.395072,34.720765],[127.394575,34.723917],[127.399131,34.723598],[127.399279,34.720921],[127.395072,34.720765]]],[[[127.516144,34.754534],[127.508766,34.758662],[127.510607,34.761531],[127.514557,34.75855],[127.516144,34.754534]]],[[[127.495753,34.761097],[127.503375,34.757532],[127.503625,34.755059],[127.500308,34.752813],[127.49719,34.758999],[127.489847,34.766243],[127.491475,34.76736],[127.494769,34.76594],[127.495753,34.761097]]],[[[127.558349,34.7826],[127.557452,34.780539],[127.555882,34.781937],[127.558349,34.7826]]],[[[127.430685,34.779395],[127.424132,34.779199],[127.417919,34.78156],[127.415192,34.786549],[127.429331,34.784077],[127.430685,34.779395]]],[[[127.560107,34.791864],[127.564334,34.79032],[127.560651,34.788054],[127.560107,34.791864]]],[[[127.469363,34.7934],[127.464604,34.793325],[127.465912,34.789251],[127.468757,34.789762],[127.470029,34.786948],[127.465908,34.785815],[127.462215,34.791053],[127.459662,34.791389],[127.458552,34.790176],[127.461266,34.786057],[127.460945,34.78373],[127.458432,34.790066],[127.454827,34.790349],[127.452537,34.788732],[127.454901,34.785098],[127.452885,34.778858],[127.447388,34.780711],[127.440089,34.77892],[127.438995,34.780076],[127.442425,34.781138],[127.444986,34.78578],[127.448958,34.787546],[127.449358,34.790626],[127.446479,34.794604],[127.451139,34.795306],[127.453494,34.792006],[127.460905,34.793313],[127.459722,34.798852],[127.461203,34.803178],[127.465236,34.803153],[127.469162,34.797275],[127.469363,34.7934]]],[[[127.474442,34.793052],[127.474833,34.792072],[127.472864,34.791978],[127.471669,34.793695],[127.474442,34.793052]]],[[[127.436745,34.810267],[127.443685,34.810697],[127.444812,34.808106],[127.439515,34.808016],[127.436745,34.810267]]],[[[127.801762,34.454081],[127.802467,34.450952],[127.809361,34.44987],[127.814796,34.453308],[127.817251,34.45167],[127.809918,34.443617],[127.810024,34.434433],[127.805121,34.429461],[127.80957,34.424815],[127.807734,34.416285],[127.804346,34.416363],[127.803303,34.414289],[127.805593,34.408249],[127.798782,34.409657],[127.796087,34.416496],[127.788752,34.412602],[127.786292,34.414622],[127.788636,34.425611],[127.793299,34.426026],[127.794956,34.428964],[127.801456,34.429097],[127.80124,34.431917],[127.78509,34.430237],[127.786184,34.435084],[127.791224,34.435643],[127.798084,34.444157],[127.797194,34.452306],[127.793817,34.453689],[127.795039,34.457345],[127.804831,34.461314],[127.807566,34.45936],[127.801762,34.454081]]],[[[127.784783,34.45154],[127.781398,34.45307],[127.783939,34.453362],[127.786522,34.452784],[127.784783,34.45154]]],[[[127.790286,34.481177],[127.793496,34.480538],[127.792031,34.475351],[127.789186,34.477315],[127.790286,34.481177]]],[[[127.813018,34.491727],[127.814654,34.488955],[127.818658,34.488817],[127.825455,34.484987],[127.821449,34.475968],[127.819462,34.475461],[127.816487,34.479142],[127.813209,34.477635],[127.812871,34.475311],[127.810326,34.475169],[127.808883,34.476563],[127.810441,34.480572],[127.805127,34.482942],[127.800995,34.4765],[127.804037,34.471327],[127.7964,34.473918],[127.798053,34.480061],[127.796164,34.482509],[127.797406,34.48989],[127.806978,34.490412],[127.807839,34.494458],[127.811666,34.49785],[127.818254,34.497433],[127.823149,34.499978],[127.826065,34.49856],[127.826531,34.495501],[127.813018,34.491727]]],[[[127.80688,34.503475],[127.807757,34.502462],[127.806058,34.500877],[127.80424,34.502465],[127.80688,34.503475]]],[[[127.752288,34.550214],[127.757746,34.55234],[127.763997,34.540127],[127.762873,34.534223],[127.780203,34.519957],[127.78223,34.511542],[127.767501,34.511056],[127.767271,34.509539],[127.777587,34.505429],[127.780965,34.507676],[127.787781,34.506219],[127.792896,34.500619],[127.79174,34.497075],[127.795382,34.49473],[127.798541,34.496536],[127.790144,34.486989],[127.771239,34.487373],[127.769543,34.491389],[127.76677,34.489014],[127.763846,34.489809],[127.762598,34.491194],[127.769368,34.492742],[127.772652,34.496849],[127.772026,34.498459],[127.767529,34.496667],[127.762427,34.499092],[127.753806,34.499229],[127.754319,34.504534],[127.75116,34.504888],[127.747263,34.50152],[127.734781,34.502995],[127.733893,34.50598],[127.740028,34.507722],[127.740631,34.510473],[127.726635,34.513691],[127.72543,34.515951],[127.733221,34.525864],[127.732557,34.52728],[127.720028,34.52307],[127.713346,34.526996],[127.712811,34.529715],[127.700838,34.532322],[127.696667,34.537892],[127.696938,34.539303],[127.704875,34.539605],[127.711878,34.537958],[127.725571,34.548269],[127.74019,34.553058],[127.752288,34.550214]]],[[[127.774423,34.535473],[127.770063,34.534953],[127.771707,34.537361],[127.774423,34.535473]]],[[[127.768412,34.567004],[127.770406,34.566762],[127.766336,34.562806],[127.764295,34.56298],[127.768412,34.567004]]],[[[127.741427,34.563196],[127.736899,34.559428],[127.731255,34.56173],[127.724391,34.56071],[127.730015,34.571057],[127.73423,34.570692],[127.736021,34.56919],[127.735851,34.565207],[127.741427,34.563196]]],[[[127.748805,34.563449],[127.744391,34.565702],[127.74715,34.568025],[127.752554,34.567044],[127.748805,34.563449]]],[[[127.669359,34.580376],[127.670749,34.57235],[127.675372,34.574596],[127.680829,34.570059],[127.685387,34.572099],[127.683179,34.575017],[127.691106,34.576571],[127.696121,34.574996],[127.697466,34.569309],[127.70349,34.568306],[127.704929,34.564954],[127.703454,34.563471],[127.700615,34.565123],[127.697172,34.562747],[127.690451,34.564827],[127.686983,34.558714],[127.686626,34.564176],[127.690508,34.568479],[127.687848,34.571231],[127.685377,34.568575],[127.678487,34.566935],[127.674209,34.555639],[127.669974,34.555319],[127.669082,34.560891],[127.66412,34.557814],[127.663311,34.554728],[127.658541,34.552626],[127.649467,34.556337],[127.646893,34.562925],[127.647683,34.56727],[127.641663,34.569879],[127.638371,34.565889],[127.64085,34.561563],[127.64053,34.556433],[127.638898,34.555924],[127.636921,34.566551],[127.639093,34.574881],[127.647961,34.581478],[127.653545,34.57989],[127.657189,34.58566],[127.669359,34.580376]]],[[[127.723148,34.568786],[127.712925,34.565076],[127.710453,34.568822],[127.712437,34.571838],[127.709632,34.575458],[127.716584,34.579064],[127.725322,34.579919],[127.727614,34.577118],[127.723148,34.568786]]],[[[127.742327,34.571976],[127.741083,34.570051],[127.737634,34.571705],[127.739551,34.57511],[127.742327,34.571976]]],[[[127.755863,34.57873],[127.762738,34.582257],[127.762109,34.579592],[127.764482,34.575788],[127.761685,34.574232],[127.757124,34.575864],[127.755863,34.57873]]],[[[127.681992,34.58051],[127.682447,34.577694],[127.680884,34.577494],[127.678721,34.578952],[127.681992,34.58051]]],[[[127.744015,34.582576],[127.743655,34.579556],[127.732779,34.57498],[127.730111,34.581047],[127.724883,34.585819],[127.712112,34.59268],[127.717926,34.593724],[127.721988,34.589282],[127.732462,34.594831],[127.733958,34.593445],[127.732627,34.590755],[127.744015,34.582576]]],[[[127.562432,34.588582],[127.568087,34.586158],[127.566193,34.585735],[127.562432,34.588582]]],[[[127.603125,34.588335],[127.599336,34.58941],[127.601406,34.590611],[127.605452,34.589537],[127.603125,34.588335]]],[[[127.688954,34.590284],[127.685022,34.588404],[127.680348,34.594201],[127.681779,34.595831],[127.688526,34.594861],[127.692112,34.59143],[127.698136,34.590551],[127.688954,34.590284]]],[[[127.623025,34.590712],[127.608328,34.588308],[127.605954,34.589502],[127.622594,34.596861],[127.625798,34.595952],[127.62525,34.588582],[127.623025,34.590712]]],[[[127.569903,34.591463],[127.565702,34.5921],[127.565723,34.59288],[127.568329,34.594381],[127.569903,34.591463]]],[[[127.654169,34.597566],[127.658016,34.593429],[127.652152,34.587195],[127.645447,34.590866],[127.650762,34.59454],[127.649671,34.604012],[127.661848,34.602835],[127.654169,34.597566]]],[[[127.579522,34.599264],[127.579831,34.59681],[127.577495,34.596438],[127.577108,34.599868],[127.579522,34.599264]]],[[[127.606913,34.604257],[127.607213,34.601867],[127.60214,34.595038],[127.59803,34.594931],[127.594645,34.598336],[127.602653,34.604341],[127.606913,34.604257]]],[[[127.722501,34.606068],[127.709574,34.606408],[127.710405,34.604709],[127.707956,34.603231],[127.704842,34.603524],[127.703859,34.605579],[127.706019,34.610131],[127.71158,34.611406],[127.720305,34.611034],[127.725759,34.60853],[127.722501,34.606068]]],[[[127.79729,34.610097],[127.79983,34.608479],[127.797795,34.6078],[127.79729,34.610097]]],[[[127.587383,34.613685],[127.582866,34.610989],[127.583584,34.613519],[127.585271,34.615294],[127.587383,34.613685]]],[[[127.643039,34.61822],[127.646927,34.61898],[127.655206,34.608779],[127.646969,34.608352],[127.644549,34.611889],[127.641923,34.611868],[127.639763,34.609308],[127.641429,34.607408],[127.640544,34.60563],[127.637594,34.60797],[127.633274,34.607293],[127.626062,34.613596],[127.626045,34.619615],[127.629204,34.623284],[127.635654,34.624649],[127.643039,34.61822]]],[[[127.646792,34.635443],[127.647869,34.635971],[127.64743,34.633602],[127.645395,34.632414],[127.646792,34.635443]]],[[[127.711996,34.637461],[127.714365,34.636754],[127.712232,34.635752],[127.709933,34.636186],[127.711996,34.637461]]],[[[127.713502,34.64135],[127.711803,34.642483],[127.712684,34.643667],[127.715339,34.643483],[127.713502,34.64135]]],[[[127.79989,34.648795],[127.801026,34.648059],[127.800767,34.646211],[127.799105,34.647277],[127.79989,34.648795]]],[[[127.636667,34.659769],[127.640038,34.654883],[127.636885,34.655733],[127.635009,34.65718],[127.636667,34.659769]]],[[[127.771659,34.725218],[127.787097,34.716235],[127.787056,34.709631],[127.791181,34.703056],[127.789025,34.699346],[127.779778,34.696592],[127.779362,34.693354],[127.78249,34.689412],[127.777473,34.686046],[127.777089,34.679871],[127.783368,34.674333],[127.782969,34.671956],[127.785021,34.670088],[127.792478,34.67253],[127.794996,34.671328],[127.795255,34.667604],[127.800795,34.667552],[127.800957,34.666157],[127.793851,34.664794],[127.795032,34.660741],[127.806558,34.660892],[127.806468,34.657921],[127.797981,34.654874],[127.796414,34.648549],[127.798495,34.632844],[127.80039,34.630282],[127.796459,34.627989],[127.792402,34.630234],[127.792149,34.62603],[127.794081,34.623745],[127.791878,34.622329],[127.792219,34.610875],[127.791048,34.608176],[127.788105,34.607306],[127.79371,34.603558],[127.795855,34.605131],[127.802681,34.601531],[127.804196,34.599747],[127.801113,34.598515],[127.802298,34.596001],[127.807938,34.596603],[127.805912,34.590166],[127.800501,34.586344],[127.78956,34.584714],[127.780293,34.588332],[127.770666,34.587851],[127.764086,34.593346],[127.749444,34.592714],[127.744957,34.596237],[127.744555,34.599394],[127.738417,34.603148],[127.737519,34.61049],[127.719055,34.613471],[127.712163,34.621473],[127.715346,34.627906],[127.719725,34.628931],[127.723843,34.633519],[127.724541,34.637386],[127.717986,34.64302],[127.722072,34.654174],[127.729635,34.656369],[127.743406,34.665355],[127.747726,34.669217],[127.746986,34.674418],[127.749755,34.675511],[127.752147,34.680387],[127.761335,34.684677],[127.762859,34.687654],[127.756103,34.691314],[127.757897,34.692916],[127.754608,34.698738],[127.754406,34.708609],[127.757344,34.709997],[127.757823,34.712514],[127.74684,34.714434],[127.741586,34.721971],[127.74164,34.727164],[127.736942,34.729441],[127.736958,34.731696],[127.739573,34.733663],[127.748629,34.733788],[127.75618,34.731528],[127.764104,34.726216],[127.771659,34.725218]]],[[[127.731228,34.664018],[127.733148,34.664918],[127.734103,34.661432],[127.731228,34.664018]]],[[[127.710504,34.669257],[127.708114,34.67115],[127.710691,34.670692],[127.712711,34.671016],[127.710504,34.669257]]],[[[127.681833,34.675134],[127.68053,34.675685],[127.683243,34.676588],[127.684441,34.675549],[127.681833,34.675134]]],[[[127.699264,34.67908],[127.701271,34.67972],[127.705122,34.676781],[127.699961,34.676899],[127.699264,34.67908]]],[[[127.742031,34.682388],[127.744156,34.676943],[127.742659,34.676666],[127.739932,34.680772],[127.742031,34.682388]]],[[[127.705333,34.685416],[127.703582,34.687495],[127.705344,34.687477],[127.706689,34.686923],[127.705333,34.685416]]],[[[127.793614,34.694032],[127.795678,34.691476],[127.793023,34.691694],[127.793614,34.694032]]],[[[127.700982,34.708445],[127.700044,34.710748],[127.709278,34.709091],[127.712168,34.702386],[127.700982,34.708445]]],[[[127.732249,34.715148],[127.728092,34.715729],[127.725782,34.711291],[127.733944,34.707155],[127.739871,34.707283],[127.742633,34.704877],[127.741925,34.702648],[127.737111,34.702438],[127.736712,34.699239],[127.720508,34.704707],[127.720674,34.707947],[127.716795,34.713105],[127.721325,34.715041],[127.718436,34.718704],[127.72139,34.721865],[127.726225,34.721487],[127.723818,34.717988],[127.730191,34.719124],[127.732249,34.715148]]],[[[127.710002,34.716978],[127.711812,34.715636],[127.712342,34.712151],[127.709228,34.71533],[127.710002,34.716978]]],[[[127.709648,34.719269],[127.708713,34.720083],[127.711696,34.721465],[127.71453,34.720124],[127.709648,34.719269]]],[[[127.564671,34.732847],[127.561399,34.735548],[127.562366,34.737886],[127.565043,34.736581],[127.564671,34.732847]]],[[[127.558155,34.747822],[127.561707,34.749655],[127.567697,34.74282],[127.565395,34.739267],[127.557717,34.740995],[127.558155,34.747822]]],[[[127.561974,34.768038],[127.567155,34.767582],[127.569952,34.762924],[127.566261,34.761478],[127.55964,34.76324],[127.558893,34.770487],[127.5629,34.76996],[127.561974,34.768038]]],[[[127.647501,34.842962],[127.647636,34.84122],[127.644743,34.841172],[127.644066,34.844648],[127.647501,34.842962]]],[[[127.644744,34.849989],[127.646912,34.847849],[127.645603,34.847547],[127.644744,34.849989]]],[[[127.621579,34.848461],[127.613864,34.858107],[127.63368,34.870933],[127.647037,34.857428],[127.633511,34.84882],[127.633513,34.847292],[127.621579,34.848461]]],[[[127.718848,34.865158],[127.7203,34.863796],[127.718955,34.863485],[127.716645,34.864259],[127.718848,34.865158]]],[[[127.729243,34.868886],[127.731397,34.868444],[127.730413,34.867519],[127.726639,34.867335],[127.729243,34.868886]]],[[[127.620286,34.86933],[127.622699,34.870196],[127.622956,34.867222],[127.618654,34.866209],[127.620286,34.86933]]],[[[127.609646,34.871332],[127.611924,34.871527],[127.610726,34.867447],[127.608475,34.868677],[127.609646,34.871332]]],[[[127.629417,34.876928],[127.632099,34.875481],[127.629472,34.873895],[127.623435,34.879609],[127.611561,34.878184],[127.611186,34.881948],[127.623932,34.882843],[127.630784,34.880161],[127.629417,34.876928]]],[[[127.745633,34.890971],[127.751228,34.877754],[127.746399,34.872695],[127.727954,34.87377],[127.723252,34.870995],[127.722697,34.867688],[127.717876,34.867634],[127.715295,34.870508],[127.709288,34.871899],[127.7039,34.870025],[127.701841,34.872282],[127.697523,34.872723],[127.701079,34.875138],[127.700399,34.876647],[127.692809,34.880837],[127.691528,34.883749],[127.699842,34.893304],[127.715621,34.899416],[127.720708,34.898369],[127.729664,34.892518],[127.732078,34.892718],[127.733307,34.895205],[127.745633,34.890971]]],[[[127.704278,34.91256],[127.702957,34.93108],[127.714496,34.932577],[127.714826,34.937903],[127.724423,34.947997],[127.730064,34.951122],[127.739808,34.946128],[127.735618,34.935195],[127.737833,34.932114],[127.765282,34.93188],[127.78482,34.915488],[127.784392,34.886393],[127.776139,34.886421],[127.762009,34.891791],[127.759172,34.906069],[127.734582,34.907112],[127.704278,34.91256]]],[[[127.74048,34.94361],[127.740722,34.951298],[127.761063,34.960286],[127.767878,34.953703],[127.766314,34.941191],[127.768788,34.941062],[127.768764,34.933703],[127.746829,34.933205],[127.74048,34.94361]]]]}},{"type":"Feature","properties":{"code":"26","name":"부산광역시","full_name":"부산광역시","sido_code":"26","sgg_code":"26110","admin_level":"sido","source":"vuski/admdongkor","source_version":"ver20260701"},"geometry":{"type":"MultiPolygon","coordinates":[[[[128.973758,35.03359],[128.972661,35.029657],[128.96872,35.029855],[128.971406,35.034494],[128.973758,35.03359]]],[[[128.836775,35.067351],[128.837424,35.075054],[128.84028,35.074433],[128.842391,35.069552],[128.854941,35.069005],[128.85884,35.06423],[128.845795,35.059624],[128.850231,35.051789],[128.851246,35.041586],[128.849549,35.033533],[128.84342,35.030557],[128.838893,35.017909],[128.835733,35.016351],[128.835825,35.012883],[128.841405,35.006612],[128.838587,35.000227],[128.84109,34.997144],[128.82731,34.988048],[128.829614,34.994526],[128.821276,34.994228],[128.82173,35.000819],[128.818142,35.00138],[128.818322,35.004846],[128.823587,35.005697],[128.819339,35.008975],[128.824934,35.010752],[128.82603,35.01378],[128.8182,35.017958],[128.811118,35.01874],[128.810566,35.021709],[128.805809,35.020596],[128.804235,35.023918],[128.813297,35.024206],[128.815003,35.02897],[128.808297,35.031394],[128.807591,35.033727],[128.8118,35.03465],[128.812007,35.04016],[128.806914,35.043848],[128.805846,35.046995],[128.797468,35.048715],[128.79599,35.058903],[128.797974,35.059404],[128.798873,35.05745],[128.805615,35.059775],[128.803224,35.065645],[128.83078,35.072892],[128.830703,35.080446],[128.809493,35.082781],[128.818527,35.083001],[128.821538,35.085846],[128.826432,35.086214],[128.828376,35.089478],[128.832473,35.086313],[128.832979,35.088675],[128.824632,35.094604],[128.822763,35.098816],[128.824815,35.101994],[128.836656,35.101988],[128.842081,35.107032],[128.84294,35.11297],[128.83756,35.115967],[128.833568,35.129189],[128.827295,35.128175],[128.815447,35.132562],[128.802335,35.143152],[128.794023,35.157939],[128.80074,35.15796],[128.805959,35.160497],[128.80863,35.158994],[128.815864,35.160377],[128.828013,35.155758],[128.837435,35.159252],[128.843355,35.157986],[128.846664,35.165282],[128.86369,35.167434],[128.866112,35.166839],[128.865453,35.157921],[128.870455,35.152096],[128.875791,35.152309],[128.874484,35.1598],[128.879258,35.161993],[128.876022,35.165653],[128.875772,35.170509],[128.872354,35.172274],[128.873617,35.174364],[128.880199,35.17203],[128.881565,35.182938],[128.87602,35.188183],[128.876191,35.192908],[128.870389,35.201712],[128.879057,35.209763],[128.886422,35.214633],[128.896598,35.213106],[128.910229,35.215019],[128.905046,35.220074],[128.909531,35.223085],[128.908893,35.220559],[128.910295,35.222934],[128.912388,35.222563],[128.916633,35.216964],[128.923489,35.216054],[128.936855,35.224928],[128.944832,35.227922],[128.952464,35.224318],[128.959479,35.225078],[128.980025,35.228342],[128.997607,35.234387],[129.010979,35.261622],[129.012814,35.273451],[129.030094,35.278521],[129.039234,35.275885],[129.044106,35.280314],[129.050874,35.280242],[129.049913,35.283862],[129.051862,35.287957],[129.060134,35.295554],[129.065115,35.291506],[129.073173,35.289942],[129.089109,35.303142],[129.110424,35.305969],[129.11331,35.319495],[129.118476,35.322463],[129.120875,35.328918],[129.125839,35.331925],[129.125033,35.336303],[129.126042,35.341325],[129.128337,35.343213],[129.127315,35.345564],[129.134572,35.351411],[129.129564,35.359165],[129.131403,35.365648],[129.149876,35.363841],[129.157253,35.359004],[129.161787,35.358784],[129.162553,35.356364],[129.167459,35.354058],[129.178076,35.351442],[129.185584,35.358175],[129.193581,35.361005],[129.199373,35.375623],[129.193721,35.382046],[129.200526,35.388666],[129.208708,35.381171],[129.217721,35.378673],[129.231196,35.381615],[129.235636,35.380308],[129.241643,35.385698],[129.249202,35.383488],[129.252004,35.387215],[129.256631,35.38479],[129.265271,35.386472],[129.268269,35.379906],[129.276712,35.372401],[129.27971,35.365783],[129.283181,35.365225],[129.280571,35.356107],[129.284562,35.350756],[129.283768,35.345679],[129.279856,35.341514],[129.285498,35.339205],[129.289174,35.34021],[129.293179,35.335947],[129.300875,35.334244],[129.304531,35.329514],[129.302295,35.328307],[129.300421,35.32261],[129.302652,35.321372],[129.299039,35.318265],[129.289671,35.318154],[129.28651,35.320358],[129.28795,35.323218],[129.281851,35.326591],[129.26887,35.321557],[129.262954,35.315159],[129.261763,35.309391],[129.258551,35.30594],[129.261403,35.297503],[129.264131,35.298843],[129.261356,35.290577],[129.25753,35.287583],[129.260473,35.281391],[129.255736,35.27899],[129.255472,35.274204],[129.252906,35.271174],[129.24467,35.271612],[129.2431,35.263636],[129.236122,35.264727],[129.234092,35.26239],[129.23545,35.258383],[129.239502,35.257506],[129.244207,35.260225],[129.251967,35.260215],[129.253568,35.256791],[129.252024,35.255216],[129.253376,35.246668],[129.248285,35.243311],[129.24856,35.239955],[129.245108,35.234971],[129.245739,35.231137],[129.24168,35.228969],[129.242342,35.226239],[129.238923,35.220521],[129.228459,35.220714],[129.233233,35.214475],[129.230061,35.204265],[129.231825,35.201472],[129.230152,35.195725],[129.223817,35.189989],[129.22475,35.185733],[129.220263,35.183616],[129.217773,35.186339],[129.21467,35.186555],[129.212807,35.180883],[129.210326,35.182522],[129.205672,35.179114],[129.203911,35.18063],[129.199678,35.179077],[129.19739,35.175884],[129.197454,35.168744],[129.194122,35.161081],[129.186002,35.158956],[129.181188,35.154744],[129.169808,35.159165],[129.164445,35.159157],[129.155686,35.157009],[129.153042,35.151884],[129.150561,35.151753],[129.151124,35.156523],[129.152787,35.157352],[129.148388,35.156421],[129.146371,35.153368],[129.141405,35.15506],[129.134082,35.162168],[129.137334,35.156805],[129.136501,35.153756],[129.120983,35.137725],[129.118437,35.136547],[129.11181,35.135477],[129.116893,35.132863],[129.115211,35.130966],[129.116647,35.130142],[129.12061,35.13395],[129.127027,35.119814],[129.127827,35.109631],[129.123496,35.09886],[129.115718,35.100136],[129.112949,35.102986],[129.110529,35.101105],[129.108791,35.102331],[129.104233,35.098638],[129.094596,35.099126],[129.093735,35.107534],[129.091813,35.107794],[129.087379,35.107139],[129.087586,35.103588],[129.074914,35.103578],[129.067198,35.107694],[129.069893,35.113841],[129.073778,35.116746],[129.072266,35.118728],[129.069496,35.118295],[129.072998,35.122171],[129.065339,35.122893],[129.066782,35.12589],[129.065299,35.129623],[129.056038,35.117986],[129.05253,35.120693],[129.055328,35.125318],[129.050003,35.123531],[129.048573,35.12049],[129.052801,35.1159],[129.04786,35.119026],[129.046714,35.116625],[129.050872,35.114041],[129.04983,35.112978],[129.045098,35.115682],[129.04088,35.108111],[129.044553,35.105806],[129.039818,35.105842],[129.043676,35.103411],[129.04224,35.101914],[129.03798,35.103893],[129.039504,35.095225],[129.045365,35.097186],[129.048814,35.095307],[129.048049,35.096412],[129.051426,35.099764],[129.057942,35.101241],[129.070957,35.093947],[129.079029,35.084905],[129.077738,35.083637],[129.084288,35.074203],[129.083327,35.079519],[129.094271,35.080693],[129.094266,35.077421],[129.090944,35.074212],[129.07998,35.071385],[129.087703,35.062937],[129.096502,35.05972],[129.091502,35.051028],[129.08643,35.049261],[129.082824,35.05039],[129.077258,35.060388],[129.070844,35.058481],[129.066421,35.062514],[129.068614,35.06499],[129.065092,35.068391],[129.056874,35.069405],[129.039886,35.080732],[129.034714,35.085121],[129.031375,35.092243],[129.033131,35.09437],[129.037099,35.091872],[129.036051,35.096364],[129.028673,35.096369],[129.025255,35.093497],[129.026645,35.085301],[129.024592,35.076085],[129.022145,35.074921],[129.019533,35.077536],[129.015972,35.074553],[129.020922,35.068916],[129.022277,35.062341],[129.0159,35.056928],[129.015856,35.053086],[129.008365,35.050811],[129.010632,35.052449],[129.008376,35.062804],[129.011479,35.063146],[129.011979,35.064864],[129.005515,35.071102],[129.003932,35.08129],[129.005145,35.084398],[128.999159,35.083321],[129.001534,35.080411],[128.993119,35.08387],[128.995327,35.063494],[129.001296,35.048215],[128.990277,35.049085],[128.988157,35.057972],[128.984559,35.059693],[128.976786,35.055249],[128.972797,35.056632],[128.973494,35.053349],[128.982651,35.051936],[128.98214,35.047761],[128.973111,35.049097],[128.969582,35.047471],[128.969607,35.044983],[128.972915,35.043475],[128.96993,35.04042],[128.972608,35.0404],[128.965677,35.032637],[128.962648,35.038534],[128.964505,35.046211],[128.959223,35.047318],[128.955895,35.052428],[128.956887,35.054479],[128.950904,35.078017],[128.938516,35.078102],[128.925354,35.093412],[128.912173,35.089365],[128.912175,35.079463],[128.895321,35.079142],[128.900551,35.111145],[128.905463,35.118059],[128.900644,35.119256],[128.886878,35.07911],[128.884824,35.063535],[128.881966,35.060055],[128.873309,35.061554],[128.858796,35.069759],[128.859982,35.071316],[128.874548,35.069733],[128.875193,35.079357],[128.871951,35.080478],[128.834762,35.080245],[128.83357,35.066267],[128.836775,35.067351]],[[129.036315,35.096423],[129.038203,35.093588],[129.039302,35.0951],[129.036315,35.096423]],[[129.115111,35.147102],[129.117766,35.145982],[129.117744,35.139844],[129.111991,35.136375],[129.120753,35.138181],[129.135948,35.153958],[129.136664,35.156731],[129.132918,35.161915],[129.131139,35.161133],[129.135212,35.156641],[129.134368,35.154707],[129.124526,35.152334],[129.123742,35.154497],[129.121546,35.154459],[129.115111,35.147102]]],[[[128.974027,35.046027],[128.976492,35.043779],[128.975276,35.043287],[128.972559,35.044916],[128.974027,35.046027]]],[[[129.015139,35.050133],[129.016044,35.047088],[129.013716,35.047889],[129.015139,35.050133]]]]}},{"type":"Feature","properties":{"code":"27","name":"대구광역시","full_name":"대구광역시","sido_code":"27","sgg_code":"27110","admin_level":"sido","source":"vuski/admdongkor","source_version":"ver20260701"},"geometry":{"type":"Polygon","coordinates":[[[128.532408,35.705489],[128.531518,35.696734],[128.535136,35.69402],[128.531406,35.687947],[128.533488,35.682077],[128.523013,35.681588],[128.515819,35.675735],[128.507621,35.673469],[128.509262,35.668954],[128.506814,35.650148],[128.510711,35.645693],[128.506213,35.639593],[128.484815,35.635449],[128.478917,35.640349],[128.469811,35.636343],[128.465203,35.63713],[128.461126,35.640615],[128.454724,35.637216],[128.446503,35.638374],[128.43191,35.623579],[128.426603,35.623539],[128.422612,35.620126],[128.4163,35.621666],[128.410998,35.615341],[128.399395,35.615925],[128.384231,35.609793],[128.3818,35.606779],[128.371696,35.60961],[128.370765,35.611163],[128.381021,35.610993],[128.387965,35.613992],[128.392799,35.623487],[128.40168,35.632071],[128.402945,35.641924],[128.396307,35.648111],[128.380621,35.656031],[128.360731,35.674122],[128.354285,35.683076],[128.350373,35.695578],[128.351137,35.703119],[128.359654,35.707504],[128.416625,35.693051],[128.421899,35.694694],[128.433169,35.703019],[128.434837,35.71214],[128.431822,35.726268],[128.416558,35.73663],[128.405313,35.739259],[128.39264,35.745534],[128.385807,35.755544],[128.38567,35.761852],[128.399039,35.777934],[128.407794,35.797108],[128.420717,35.809627],[128.469127,35.808435],[128.477196,35.812677],[128.481007,35.820326],[128.477192,35.827507],[128.456312,35.842997],[128.422788,35.851257],[128.390087,35.850371],[128.385465,35.864935],[128.387266,35.871475],[128.393715,35.88304],[128.39826,35.884297],[128.403336,35.889098],[128.408199,35.902579],[128.417714,35.916174],[128.418102,35.921246],[128.423557,35.922795],[128.424916,35.927911],[128.427509,35.927339],[128.431448,35.930974],[128.437022,35.931609],[128.441172,35.934818],[128.452487,35.936013],[128.453765,35.943127],[128.461806,35.937993],[128.468747,35.938447],[128.475679,35.935995],[128.476327,35.929384],[128.473229,35.922984],[128.473939,35.916762],[128.466865,35.90716],[128.467952,35.899818],[128.475123,35.895164],[128.478288,35.897785],[128.484197,35.894757],[128.487875,35.897965],[128.490524,35.89772],[128.494604,35.891296],[128.501711,35.886093],[128.504552,35.889383],[128.50517,35.902997],[128.507173,35.906605],[128.521969,35.916401],[128.525865,35.922348],[128.529661,35.923585],[128.529554,35.928564],[128.534023,35.933607],[128.535063,35.938753],[128.53261,35.951016],[128.534632,35.958442],[128.53045,35.962493],[128.526961,35.97526],[128.529242,35.977378],[128.528786,35.98045],[128.542226,35.974864],[128.547218,35.964498],[128.553322,35.960765],[128.556864,35.971005],[128.56417,35.972873],[128.572071,35.977741],[128.590703,35.979],[128.593644,35.982765],[128.603022,35.986164],[128.602941,35.989453],[128.615908,36.000824],[128.617239,36.00511],[128.640612,36.010555],[128.637231,36.017102],[128.625657,36.022036],[128.621287,36.025825],[128.623048,36.037084],[128.629349,36.051243],[128.627725,36.06377],[128.630447,36.076278],[128.629397,36.078174],[128.624113,36.081628],[128.622304,36.079212],[128.614374,36.079013],[128.609992,36.076163],[128.597852,36.075767],[128.589567,36.07075],[128.580055,36.067897],[128.577939,36.064778],[128.569826,36.060454],[128.563507,36.070561],[128.568741,36.08978],[128.567544,36.095864],[128.563525,36.102213],[128.564266,36.115],[128.561967,36.119299],[128.554951,36.121255],[128.552629,36.125099],[128.553019,36.128209],[128.548606,36.131023],[128.55257,36.138468],[128.548147,36.140959],[128.548328,36.147888],[128.550472,36.150735],[128.542496,36.154793],[128.54046,36.161522],[128.544458,36.16615],[128.547938,36.164371],[128.553408,36.165019],[128.554318,36.17349],[128.55745,36.178046],[128.54909,36.178147],[128.538946,36.193668],[128.52401,36.200768],[128.51657,36.200061],[128.512565,36.191203],[128.508065,36.186267],[128.504348,36.184989],[128.50361,36.192734],[128.494716,36.197712],[128.494486,36.205278],[128.488462,36.214095],[128.489138,36.219717],[128.486264,36.223926],[128.479535,36.224516],[128.485915,36.23078],[128.485183,36.234108],[128.47807,36.233977],[128.474037,36.230398],[128.4621,36.228498],[128.440782,36.218014],[128.437614,36.222272],[128.438272,36.226618],[128.433594,36.235164],[128.423823,36.236647],[128.423777,36.240364],[128.419333,36.245538],[128.421015,36.251741],[128.416545,36.257571],[128.420914,36.260432],[128.421515,36.268618],[128.426986,36.276156],[128.413585,36.283503],[128.411255,36.287511],[128.414154,36.290164],[128.413,36.293729],[128.417249,36.299139],[128.427762,36.299133],[128.433679,36.305437],[128.437625,36.304416],[128.438109,36.314021],[128.445256,36.318318],[128.45164,36.327022],[128.471161,36.32004],[128.47346,36.317068],[128.473775,36.311826],[128.487587,36.308213],[128.496307,36.303639],[128.506197,36.303421],[128.510892,36.30064],[128.517841,36.30201],[128.525587,36.29945],[128.529264,36.293872],[128.536132,36.294986],[128.545532,36.291624],[128.553361,36.273885],[128.55688,36.273641],[128.56293,36.276848],[128.566724,36.274213],[128.57121,36.274905],[128.576068,36.279647],[128.594451,36.277567],[128.598481,36.270766],[128.609538,36.27115],[128.636367,36.26118],[128.640667,36.257572],[128.638266,36.247143],[128.632864,36.244077],[128.631047,36.238776],[128.634535,36.237307],[128.636674,36.233076],[128.635664,36.221306],[128.631754,36.216234],[128.633965,36.209265],[128.639922,36.208091],[128.649356,36.217686],[128.652745,36.217171],[128.663387,36.221436],[128.667487,36.211859],[128.671246,36.208614],[128.672812,36.208403],[128.674857,36.212496],[128.681687,36.21491],[128.694393,36.2141],[128.699855,36.208762],[128.696681,36.202388],[128.704901,36.199162],[128.717164,36.200371],[128.721298,36.198029],[128.727583,36.20083],[128.729892,36.198449],[128.735153,36.200654],[128.741732,36.198614],[128.74604,36.19443],[128.749436,36.195907],[128.752703,36.202673],[128.758067,36.202546],[128.76994,36.193472],[128.773942,36.194977],[128.783521,36.193893],[128.786431,36.196311],[128.795973,36.1938],[128.803,36.20061],[128.804115,36.210155],[128.813412,36.210684],[128.822593,36.215834],[128.830037,36.21764],[128.834004,36.215362],[128.842227,36.217576],[128.851856,36.21488],[128.86058,36.206427],[128.870662,36.203699],[128.873147,36.199748],[128.882458,36.199],[128.881209,36.190127],[128.885243,36.183949],[128.890566,36.181775],[128.891127,36.176226],[128.896051,36.173443],[128.894176,36.169318],[128.900085,36.162546],[128.892503,36.155538],[128.890174,36.147135],[128.891145,36.143222],[128.876328,36.142351],[128.868386,36.145148],[128.858895,36.145211],[128.850573,36.137566],[128.853074,36.128403],[128.85017,36.118874],[128.837825,36.11288],[128.836244,36.10654],[128.830847,36.102619],[128.818823,36.098165],[128.816365,36.092279],[128.803108,36.086205],[128.798383,36.08497],[128.795637,36.086935],[128.791023,36.086727],[128.779557,36.093839],[128.770643,36.09524],[128.768441,36.099529],[128.764945,36.1006],[128.753727,36.091746],[128.752061,36.092889],[128.751724,36.10353],[128.745091,36.10915],[128.743937,36.10284],[128.7417,36.100519],[128.725203,36.090378],[128.724657,36.088457],[128.727654,36.086525],[128.729417,36.081138],[128.726849,36.076836],[128.722759,36.073276],[128.714092,36.075606],[128.711393,36.073653],[128.709214,36.064101],[128.702564,36.055662],[128.704696,36.045658],[128.696845,36.035368],[128.700085,36.031886],[128.701074,36.02751],[128.695246,36.016297],[128.70052,36.011205],[128.718758,36.008065],[128.725719,36.004698],[128.728978,36.001543],[128.728973,35.997753],[128.732002,35.99709],[128.735163,35.992904],[128.731385,35.987133],[128.73282,35.982901],[128.736386,35.981576],[128.73848,35.976544],[128.745703,35.973105],[128.745624,35.967907],[128.73903,35.955325],[128.741792,35.947966],[128.745566,35.944371],[128.737846,35.929485],[128.744461,35.921915],[128.758015,35.912625],[128.760445,35.906984],[128.75725,35.904816],[128.757103,35.899798],[128.761938,35.883218],[128.758225,35.878195],[128.76067,35.873944],[128.758578,35.87055],[128.760044,35.865457],[128.753935,35.864024],[128.75162,35.857548],[128.746389,35.856466],[128.73829,35.850756],[128.724959,35.857824],[128.721508,35.856282],[128.725291,35.853524],[128.725105,35.836126],[128.718194,35.835333],[128.708574,35.825622],[128.717688,35.806714],[128.710704,35.804871],[128.699989,35.79513],[128.696946,35.794151],[128.69297,35.796537],[128.68906,35.792333],[128.682581,35.789901],[128.681722,35.78367],[128.687076,35.776522],[128.686159,35.769489],[128.688713,35.769398],[128.691887,35.765184],[128.692474,35.759931],[128.696189,35.756586],[128.692615,35.748018],[128.694379,35.743881],[128.688668,35.737535],[128.691098,35.735648],[128.690982,35.730684],[128.683016,35.725511],[128.682865,35.721303],[128.673822,35.721157],[128.670758,35.718925],[128.661186,35.720071],[128.643611,35.707233],[128.637834,35.705845],[128.630969,35.707038],[128.623074,35.703399],[128.613984,35.710505],[128.614044,35.71427],[128.617188,35.717841],[128.610212,35.7255],[128.615403,35.730441],[128.614475,35.732997],[128.616662,35.737117],[128.608815,35.739075],[128.596175,35.737085],[128.589407,35.731849],[128.580031,35.739089],[128.570908,35.734264],[128.564332,35.736284],[128.560741,35.729471],[128.5485,35.723844],[128.543886,35.719143],[128.527144,35.713612],[128.532408,35.705489]]]}},{"type":"Feature","properties":{"code":"28","name":"인천광역시","full_name":"인천광역시","sido_code":"28","sgg_code":"28125","admin_level":"sido","source":"vuski/admdongkor","source_version":"ver20260701"},"geometry":{"type":"MultiPolygon","coordinates":[[[[125.994325,37.036719],[125.992348,37.032599],[125.995012,37.027041],[125.998355,37.027573],[126.002709,37.024632],[126.013061,37.026228],[126.014713,37.024723],[125.998871,37.018184],[125.994674,37.019065],[125.990413,37.023446],[125.984147,37.023262],[125.981776,37.028225],[125.983104,37.031393],[125.978985,37.033743],[125.980196,37.039543],[125.986841,37.040606],[125.994325,37.036719]]],[[[126.012797,37.060367],[126.014795,37.059798],[126.011783,37.059219],[126.012797,37.060367]]],[[[126.011209,37.067858],[126.00793,37.068047],[126.008623,37.069162],[126.011209,37.067858]]],[[[126.019556,37.07168],[126.020663,37.068094],[126.012308,37.063617],[126.014304,37.070636],[126.017171,37.073496],[126.012928,37.076283],[126.012774,37.078301],[126.020196,37.077583],[126.019556,37.07168]]],[[[125.964647,37.080892],[125.953126,37.085296],[125.951807,37.08163],[125.95595,37.073811],[125.952876,37.070846],[125.948767,37.0719],[125.948086,37.075435],[125.942344,37.077456],[125.945183,37.079385],[125.947939,37.087376],[125.952348,37.089762],[125.961985,37.089858],[125.967204,37.087423],[125.964647,37.080892]]],[[[126.009216,37.080282],[126.008643,37.079304],[126.006397,37.08031],[126.007828,37.081631],[126.009216,37.080282]]],[[[126.085635,37.103615],[126.089657,37.098911],[126.088881,37.094928],[126.074939,37.083495],[126.068174,37.083194],[126.063801,37.085325],[126.06222,37.089032],[126.065694,37.092882],[126.070192,37.091824],[126.073948,37.093775],[126.071805,37.09738],[126.06531,37.097651],[126.06022,37.095312],[126.066342,37.105585],[126.076668,37.106163],[126.079703,37.108495],[126.085488,37.107682],[126.085635,37.103615]]],[[[125.914595,37.102093],[125.914117,37.100246],[125.912817,37.102296],[125.914595,37.102093]]],[[[125.913596,37.118471],[125.916843,37.115318],[125.914631,37.108235],[125.910777,37.110455],[125.910764,37.11461],[125.913596,37.118471]]],[[[125.907463,37.116524],[125.907683,37.121387],[125.908607,37.119411],[125.907463,37.116524]]],[[[125.917193,37.118614],[125.91638,37.117073],[125.914524,37.120834],[125.914955,37.124331],[125.917193,37.118614]]],[[[125.903552,37.13135],[125.898574,37.138784],[125.902928,37.140263],[125.903552,37.13135]]],[[[125.89364,37.135717],[125.891532,37.136325],[125.892417,37.137814],[125.895064,37.138513],[125.89364,37.135717]]],[[[125.878374,37.171125],[125.870121,37.168495],[125.868011,37.174742],[125.875494,37.174578],[125.877873,37.178213],[125.880346,37.178073],[125.88256,37.170551],[125.878374,37.171125]]],[[[126.106147,37.179242],[126.110157,37.179549],[126.112589,37.183277],[126.11462,37.182229],[126.114574,37.179418],[126.107958,37.174752],[126.108228,37.17209],[126.112611,37.170518],[126.109933,37.165146],[126.094009,37.166964],[126.084629,37.17638],[126.084927,37.179107],[126.089248,37.181613],[126.09344,37.188282],[126.103557,37.183883],[126.106147,37.179242]]],[[[126.115721,37.186093],[126.116934,37.184802],[126.11476,37.185321],[126.115721,37.186093]]],[[[125.981427,37.187984],[125.976317,37.188657],[125.97532,37.18624],[125.969189,37.18419],[125.961367,37.182361],[125.96027,37.184147],[125.972709,37.189693],[125.972726,37.195078],[125.982219,37.193188],[125.986206,37.187988],[125.983338,37.185322],[125.981427,37.187984]]],[[[126.212417,37.193042],[126.215364,37.190719],[126.212163,37.190437],[126.212417,37.193042]]],[[[126.111792,37.196168],[126.10993,37.196903],[126.110224,37.198218],[126.111915,37.198564],[126.111792,37.196168]]],[[[126.105429,37.205974],[126.103242,37.206317],[126.103764,37.208146],[126.105429,37.205974]]],[[[126.182598,37.209404],[126.191922,37.209346],[126.184575,37.199929],[126.183452,37.193168],[126.179366,37.200386],[126.177484,37.211162],[126.174609,37.212205],[126.169552,37.208787],[126.168473,37.211326],[126.161123,37.210728],[126.162551,37.213073],[126.159637,37.218226],[126.161459,37.221764],[126.158457,37.224421],[126.164285,37.224071],[126.169923,37.229227],[126.173143,37.222102],[126.179864,37.217997],[126.182598,37.209404]]],[[[126.192342,37.218271],[126.193418,37.216219],[126.19116,37.216835],[126.189493,37.218839],[126.192342,37.218271]]],[[[126.18718,37.218908],[126.185894,37.219383],[126.186884,37.221101],[126.18718,37.218908]]],[[[126.109791,37.265981],[126.111782,37.258319],[126.118925,37.258012],[126.117087,37.25099],[126.118495,37.248281],[126.120667,37.247364],[126.124721,37.251819],[126.128653,37.251813],[126.131099,37.248096],[126.137273,37.246885],[126.139546,37.242993],[126.142707,37.241585],[126.145313,37.24293],[126.145689,37.240559],[126.1429,37.240016],[126.143394,37.238833],[126.151864,37.239208],[126.166176,37.232582],[126.162744,37.228732],[126.155563,37.22694],[126.154068,37.222128],[126.149129,37.22303],[126.146587,37.219524],[126.14812,37.216796],[126.152898,37.217656],[126.157281,37.216037],[126.158001,37.214579],[126.154456,37.210812],[126.157622,37.209575],[126.152488,37.207391],[126.152014,37.204953],[126.140018,37.203223],[126.143255,37.198894],[126.140777,37.196299],[126.136917,37.195584],[126.136463,37.200821],[126.132555,37.201136],[126.137685,37.206717],[126.143173,37.209334],[126.142114,37.21428],[126.126784,37.212593],[126.117364,37.209287],[126.11061,37.21332],[126.115879,37.216222],[126.112618,37.222326],[126.104549,37.219454],[126.10017,37.22204],[126.104645,37.226846],[126.103018,37.229746],[126.096952,37.229944],[126.095017,37.225255],[126.089105,37.220291],[126.08376,37.221645],[126.089675,37.226364],[126.091255,37.229901],[126.091788,37.236561],[126.089424,37.239529],[126.089484,37.247297],[126.095363,37.253551],[126.098004,37.262155],[126.101672,37.265047],[126.102375,37.268683],[126.100411,37.272773],[126.104684,37.274525],[126.109874,37.273626],[126.111166,37.267563],[126.109791,37.265981]]],[[[126.091325,37.263201],[126.087605,37.26184],[126.086996,37.262905],[126.089399,37.265184],[126.091325,37.263201]]],[[[126.085693,37.280702],[126.075472,37.28456],[126.075221,37.289665],[126.084327,37.289338],[126.098461,37.279102],[126.097275,37.276808],[126.092436,37.275399],[126.086797,37.275679],[126.085693,37.280702]]],[[[125.720871,37.614394],[125.71881,37.603764],[125.711173,37.60685],[125.705781,37.611874],[125.715065,37.615559],[125.720871,37.614394]]],[[[125.683761,37.63888],[125.679444,37.631904],[125.678836,37.635244],[125.680349,37.63961],[125.683761,37.63888]]],[[[125.71843,37.646045],[125.719585,37.644644],[125.716092,37.644988],[125.715968,37.64647],[125.71843,37.646045]]],[[[125.712735,37.671721],[125.710421,37.666246],[125.701857,37.658766],[125.712816,37.654491],[125.713817,37.649491],[125.709501,37.651269],[125.710151,37.653922],[125.700381,37.658578],[125.692668,37.651799],[125.683755,37.652848],[125.681177,37.662687],[125.684927,37.664727],[125.684461,37.669402],[125.676114,37.676006],[125.676804,37.679619],[125.679168,37.680824],[125.683487,37.681229],[125.686323,37.678168],[125.692067,37.677381],[125.705163,37.681475],[125.710682,37.680133],[125.714643,37.682363],[125.717231,37.675308],[125.712735,37.671721]]],[[[126.205314,37.66979],[126.21141,37.666592],[126.205147,37.659242],[126.208076,37.654649],[126.1941,37.65839],[126.188492,37.657482],[126.191386,37.660511],[126.190912,37.662264],[126.181338,37.66873],[126.169214,37.668575],[126.167313,37.666181],[126.158996,37.671863],[126.154902,37.672464],[126.153478,37.677398],[126.158405,37.67644],[126.160758,37.678745],[126.166764,37.679906],[126.1722,37.67668],[126.194843,37.689113],[126.198469,37.678273],[126.205314,37.66979]]],[[[126.133664,37.688915],[126.135799,37.687633],[126.143732,37.686175],[126.14479,37.68178],[126.126571,37.681563],[126.124365,37.68605],[126.121397,37.68718],[126.122006,37.690282],[126.125957,37.693392],[126.134971,37.690966],[126.133664,37.688915]]],[[[126.201334,37.687941],[126.200132,37.687964],[126.200047,37.689993],[126.202026,37.689525],[126.201334,37.687941]]],[[[125.692647,37.709388],[125.695711,37.706015],[125.692731,37.706186],[125.691441,37.709135],[125.692647,37.709388]]],[[[125.652421,37.717285],[125.657252,37.71665],[125.65311,37.714754],[125.650882,37.715692],[125.652421,37.717285]]],[[[126.211792,37.718926],[126.209051,37.717945],[126.208664,37.723227],[126.211792,37.718926]]],[[[125.652134,37.739073],[125.652774,37.738214],[125.649935,37.73498],[125.647386,37.738577],[125.652134,37.739073]]],[[[125.646261,37.746052],[125.644189,37.747428],[125.644766,37.747702],[125.647925,37.747097],[125.646261,37.746052]]],[[[125.644684,37.749603],[125.64304,37.748928],[125.643412,37.750156],[125.644684,37.749603]]],[[[124.767501,37.769277],[124.769472,37.7678],[124.765546,37.765576],[124.752735,37.769759],[124.74072,37.765748],[124.738304,37.761559],[124.7321,37.760827],[124.730191,37.758443],[124.726999,37.761348],[124.733399,37.765899],[124.734306,37.77089],[124.741663,37.773052],[124.742002,37.77572],[124.739677,37.77688],[124.740607,37.778633],[124.746573,37.775705],[124.751101,37.7777],[124.77206,37.779413],[124.767501,37.769277]]],[[[124.660663,37.798443],[124.660973,37.797968],[124.656863,37.798582],[124.660663,37.798443]]],[[[124.727843,37.842299],[124.728634,37.839157],[124.718734,37.835973],[124.714201,37.830365],[124.714506,37.828191],[124.71819,37.826496],[124.720633,37.817046],[124.717183,37.81132],[124.711659,37.806994],[124.70189,37.804363],[124.697071,37.808537],[124.688832,37.805955],[124.684362,37.802265],[124.687673,37.799963],[124.682007,37.798234],[124.679137,37.801912],[124.684107,37.80591],[124.683752,37.812793],[124.680864,37.814682],[124.675372,37.813713],[124.671796,37.817293],[124.662187,37.821668],[124.665183,37.822791],[124.672193,37.820014],[124.677077,37.82048],[124.681798,37.825272],[124.680352,37.826756],[124.686316,37.832319],[124.687288,37.836011],[124.701776,37.84175],[124.703109,37.845615],[124.701308,37.848679],[124.702709,37.849374],[124.70504,37.849681],[124.708854,37.845184],[124.717956,37.846738],[124.727843,37.842299]]],[[[124.729826,37.978003],[124.732908,37.965695],[124.737378,37.962319],[124.745535,37.961641],[124.745907,37.95771],[124.741061,37.956846],[124.735568,37.961983],[124.733042,37.962188],[124.730015,37.958455],[124.737483,37.955892],[124.73491,37.95137],[124.729669,37.950108],[124.730917,37.953732],[124.725424,37.953877],[124.707995,37.944105],[124.70387,37.938171],[124.704427,37.930695],[124.698557,37.925147],[124.698935,37.918834],[124.689693,37.914494],[124.679852,37.921957],[124.671471,37.919269],[124.665115,37.92248],[124.655576,37.920666],[124.6549,37.923189],[124.637578,37.922898],[124.630336,37.937411],[124.622314,37.94709],[124.622333,37.951698],[124.624978,37.953283],[124.618888,37.958168],[124.612047,37.959974],[124.610363,37.963327],[124.60979,37.970061],[124.615603,37.978093],[124.623415,37.976722],[124.640471,37.96875],[124.64535,37.970233],[124.647428,37.97341],[124.655069,37.973043],[124.667777,37.977414],[124.670122,37.981054],[124.674177,37.981905],[124.678019,37.979391],[124.68512,37.982451],[124.693998,37.97976],[124.69651,37.983226],[124.705301,37.984308],[124.709552,37.982355],[124.721579,37.981994],[124.729826,37.978003]]],[[[126.273688,37.125421],[126.271866,37.126382],[126.272739,37.127316],[126.274407,37.126757],[126.273688,37.125421]]],[[[126.304022,37.129353],[126.299885,37.126047],[126.29767,37.127874],[126.301056,37.130065],[126.304022,37.129353]]],[[[126.268769,37.133255],[126.266778,37.133239],[126.266583,37.134564],[126.268769,37.133255]]],[[[126.308263,37.131359],[126.304575,37.131573],[126.304265,37.13586],[126.299507,37.140177],[126.306876,37.138547],[126.309616,37.133107],[126.308263,37.131359]]],[[[126.276047,37.145874],[126.278135,37.142238],[126.275943,37.140419],[126.271999,37.14428],[126.271148,37.14886],[126.276825,37.150851],[126.276047,37.145874]]],[[[126.324354,37.154315],[126.323665,37.151232],[126.317941,37.152077],[126.324354,37.154315]]],[[[126.312154,37.172273],[126.325905,37.161271],[126.320449,37.158143],[126.315923,37.160517],[126.312762,37.158322],[126.306846,37.157888],[126.304414,37.163267],[126.294629,37.16459],[126.294971,37.168104],[126.290208,37.170608],[126.289546,37.174678],[126.294736,37.176071],[126.296454,37.173616],[126.302775,37.173777],[126.306315,37.171196],[126.312154,37.172273]]],[[[126.266984,37.175526],[126.271496,37.176163],[126.271833,37.170086],[126.274648,37.164741],[126.284607,37.162828],[126.282483,37.157717],[126.272491,37.159568],[126.272556,37.16309],[126.265738,37.167628],[126.254443,37.170814],[126.249037,37.169844],[126.243384,37.174133],[126.246424,37.178633],[126.253514,37.17801],[126.252846,37.180967],[126.254789,37.182164],[126.264518,37.17922],[126.266984,37.175526]]],[[[126.288185,37.172083],[126.28582,37.172555],[126.287392,37.174431],[126.288185,37.172083]]],[[[126.218308,37.184244],[126.222295,37.18215],[126.226023,37.184005],[126.22697,37.188022],[126.240262,37.186632],[126.249304,37.183004],[126.240343,37.180461],[126.241403,37.176284],[126.232888,37.179157],[126.228352,37.177473],[126.223514,37.179599],[126.220461,37.178088],[126.213861,37.184248],[126.216008,37.189178],[126.219891,37.188955],[126.218308,37.184244]]],[[[126.297842,37.184148],[126.294997,37.184089],[126.294997,37.185207],[126.297081,37.186178],[126.297842,37.184148]]],[[[126.366743,37.187321],[126.366723,37.18859],[126.36865,37.188688],[126.369041,37.187427],[126.366743,37.187321]]],[[[126.370264,37.192805],[126.370051,37.192026],[126.368292,37.192797],[126.370264,37.192805]]],[[[126.361775,37.202714],[126.359922,37.203638],[126.361308,37.204703],[126.361775,37.202714]]],[[[126.367179,37.210392],[126.362846,37.209772],[126.362453,37.213408],[126.367179,37.210392]]],[[[126.313702,37.221485],[126.316164,37.222981],[126.319663,37.218694],[126.321055,37.213114],[126.309207,37.212105],[126.313702,37.221485]]],[[[126.39442,37.219792],[126.395026,37.219014],[126.391775,37.218538],[126.390665,37.219929],[126.39442,37.219792]]],[[[126.387651,37.220235],[126.387466,37.219433],[126.384368,37.220254],[126.385954,37.223087],[126.387651,37.220235]]],[[[126.385154,37.241529],[126.390622,37.242246],[126.393469,37.245084],[126.400026,37.24223],[126.385154,37.241529]]],[[[126.307183,37.262971],[126.315358,37.262536],[126.325486,37.257238],[126.328057,37.257488],[126.328515,37.260691],[126.331433,37.255441],[126.334849,37.256718],[126.333722,37.261432],[126.335056,37.263086],[126.340483,37.263338],[126.348986,37.259302],[126.342905,37.25],[126.331342,37.245381],[126.323167,37.247091],[126.318402,37.244026],[126.315662,37.248543],[126.310657,37.24885],[126.311559,37.246166],[126.309781,37.246129],[126.305472,37.252654],[126.296939,37.251914],[126.294263,37.256153],[126.29145,37.256032],[126.286653,37.259993],[126.280855,37.258615],[126.277933,37.263059],[126.282179,37.263958],[126.283397,37.270939],[126.286658,37.272311],[126.288823,37.271313],[126.289223,37.267577],[126.303762,37.265524],[126.307183,37.262971]]],[[[126.273599,37.319176],[126.276612,37.313839],[126.271113,37.316273],[126.271844,37.319434],[126.273599,37.319176]]],[[[126.270255,37.331093],[126.264289,37.325867],[126.26402,37.327041],[126.266726,37.330658],[126.270255,37.331093]]],[[[126.389493,37.402666],[126.396765,37.404947],[126.397254,37.402412],[126.391142,37.396209],[126.388835,37.397153],[126.389493,37.402666]]],[[[126.419607,37.4215],[126.415584,37.432465],[126.409315,37.43796],[126.40621,37.438024],[126.401606,37.433103],[126.399678,37.434078],[126.403999,37.43974],[126.395288,37.446085],[126.390605,37.443528],[126.389687,37.440756],[126.380548,37.439069],[126.382162,37.43578],[126.380957,37.43462],[126.376459,37.441199],[126.364086,37.441654],[126.367774,37.44434],[126.371862,37.444358],[126.372215,37.446877],[126.36849,37.456277],[126.361063,37.457256],[126.35658,37.462602],[126.356252,37.469571],[126.358958,37.470655],[126.359289,37.473205],[126.364721,37.474692],[126.373419,37.472133],[126.432173,37.50392],[126.464542,37.499474],[126.4701,37.50287],[126.482987,37.504199],[126.490455,37.509902],[126.49407,37.5162],[126.495348,37.526472],[126.498393,37.531848],[126.513777,37.534978],[126.520908,37.533934],[126.526342,37.527367],[126.543886,37.523606],[126.564332,37.514461],[126.56911,37.507801],[126.576678,37.503725],[126.579489,37.492245],[126.582852,37.491578],[126.582335,37.48975],[126.576476,37.488348],[126.564836,37.479621],[126.55037,37.476388],[126.537307,37.475826],[126.521146,37.469139],[126.507346,37.465809],[126.496164,37.448207],[126.477907,37.440836],[126.442623,37.421135],[126.427697,37.422946],[126.419607,37.4215]]],[[[126.326063,37.50111],[126.327431,37.502621],[126.333218,37.503076],[126.328487,37.499616],[126.326063,37.50111]]],[[[126.302709,37.50127],[126.30479,37.503503],[126.308234,37.502828],[126.303852,37.500169],[126.302709,37.50127]]],[[[126.324627,37.511201],[126.322313,37.509277],[126.32077,37.512829],[126.3231,37.513913],[126.324627,37.511201]]],[[[126.344438,37.539009],[126.35382,37.535376],[126.36485,37.534888],[126.384042,37.539258],[126.384,37.530763],[126.38205,37.527362],[126.360675,37.530669],[126.343653,37.527926],[126.341669,37.525582],[126.339912,37.526212],[126.339959,37.529463],[126.33584,37.530339],[126.334342,37.529031],[126.33531,37.526755],[126.329803,37.525509],[126.326626,37.521687],[126.325079,37.525063],[126.328228,37.527782],[126.32984,37.536138],[126.328807,37.541069],[126.308979,37.556088],[126.30736,37.560249],[126.319723,37.556148],[126.328555,37.550871],[126.336893,37.552182],[126.344438,37.539009]]],[[[126.264635,37.545686],[126.264762,37.546655],[126.27028,37.548735],[126.276246,37.546],[126.27634,37.544014],[126.264635,37.545686]]],[[[126.259252,37.557468],[126.266081,37.551992],[126.260715,37.550793],[126.258088,37.556944],[126.259252,37.557468]]],[[[126.271587,37.619339],[126.269903,37.61914],[126.269152,37.620738],[126.270931,37.621478],[126.271587,37.619339]]],[[[126.216903,37.632579],[126.218149,37.631893],[126.216748,37.628542],[126.213605,37.62858],[126.216903,37.632579]]],[[[126.257185,37.652684],[126.257459,37.650439],[126.25145,37.6431],[126.251412,37.637584],[126.254274,37.632378],[126.259541,37.630825],[126.263357,37.627065],[126.261033,37.622641],[126.259458,37.623241],[126.259833,37.627317],[126.24588,37.630988],[126.233814,37.637934],[126.221733,37.651788],[126.222346,37.654514],[126.227647,37.652399],[126.231862,37.656429],[126.239452,37.653075],[126.249332,37.654356],[126.257185,37.652684]]],[[[126.269845,37.65648],[126.276254,37.650723],[126.274448,37.644167],[126.275827,37.634559],[126.274315,37.631992],[126.267974,37.638889],[126.265864,37.648344],[126.269845,37.65648]]],[[[126.242296,37.662917],[126.240613,37.661068],[126.222849,37.657831],[126.221297,37.665001],[126.22384,37.666297],[126.234229,37.662206],[126.242296,37.662917]]],[[[126.300973,37.673949],[126.299503,37.673845],[126.298794,37.674977],[126.300899,37.676431],[126.300973,37.673949]]],[[[126.331954,37.714355],[126.331732,37.708998],[126.338224,37.707363],[126.339481,37.702656],[126.346393,37.69916],[126.371928,37.695228],[126.375326,37.692246],[126.37577,37.687642],[126.379592,37.682198],[126.376609,37.667934],[126.347106,37.64564],[126.330694,37.641477],[126.325032,37.641444],[126.322577,37.644537],[126.323388,37.659112],[126.327367,37.664379],[126.317304,37.681742],[126.285137,37.696232],[126.283346,37.700078],[126.267792,37.710397],[126.27156,37.712707],[126.279975,37.712699],[126.283821,37.714829],[126.285628,37.724049],[126.287889,37.725525],[126.287418,37.742994],[126.293986,37.746223],[126.303768,37.746523],[126.323949,37.754284],[126.330678,37.74843],[126.321463,37.725223],[126.320602,37.716112],[126.331954,37.714355]]],[[[126.258186,37.714309],[126.258469,37.711951],[126.256592,37.712453],[126.256686,37.715441],[126.258186,37.714309]]],[[[126.352373,37.70581],[126.343183,37.720598],[126.341483,37.748369],[126.353505,37.743588],[126.354807,37.756398],[126.35396,37.778788],[126.350601,37.778689],[126.349459,37.787602],[126.347024,37.788102],[126.348934,37.791968],[126.371962,37.805473],[126.393873,37.825492],[126.413659,37.824693],[126.418995,37.826519],[126.426887,37.833369],[126.436632,37.831231],[126.463024,37.806015],[126.49083,37.789531],[126.508038,37.783298],[126.514596,37.769961],[126.512501,37.767665],[126.512388,37.763537],[126.526902,37.747833],[126.526017,37.738092],[126.518457,37.721598],[126.518515,37.712728],[126.527281,37.703142],[126.522983,37.676517],[126.524113,37.673178],[126.535755,37.665023],[126.534462,37.659143],[126.528889,37.653909],[126.530528,37.638552],[126.542819,37.622577],[126.547282,37.604183],[126.518523,37.593441],[126.52159,37.589933],[126.526577,37.588999],[126.527699,37.586583],[126.516308,37.579496],[126.500465,37.590211],[126.480297,37.58358],[126.473344,37.597488],[126.465917,37.595506],[126.461657,37.58877],[126.455292,37.593351],[126.446642,37.594493],[126.437897,37.592124],[126.403723,37.594099],[126.386107,37.603957],[126.385519,37.607648],[126.374916,37.611826],[126.36999,37.6118],[126.368431,37.614858],[126.377208,37.61568],[126.377178,37.619264],[126.375132,37.62489],[126.372472,37.626095],[126.374317,37.627805],[126.373499,37.631125],[126.368965,37.634056],[126.364409,37.634106],[126.364161,37.635915],[126.395294,37.641873],[126.405001,37.650783],[126.386953,37.655723],[126.395696,37.664573],[126.393281,37.677841],[126.386771,37.690275],[126.377492,37.696392],[126.352373,37.70581]]],[[[126.248813,37.71813],[126.231884,37.715927],[126.216966,37.720644],[126.232189,37.73387],[126.236824,37.731086],[126.236208,37.72903],[126.240626,37.72254],[126.248813,37.71813]]],[[[126.257379,37.733436],[126.265488,37.738265],[126.269792,37.725686],[126.265528,37.723858],[126.258005,37.724729],[126.257379,37.733436]]],[[[126.28215,37.744421],[126.278684,37.745773],[126.282072,37.749637],[126.286072,37.748011],[126.28215,37.744421]]],[[[126.293875,37.803921],[126.294224,37.802106],[126.301368,37.804466],[126.30567,37.802619],[126.316769,37.803316],[126.321508,37.805003],[126.32389,37.809299],[126.334612,37.799179],[126.330233,37.793542],[126.330717,37.789603],[126.321345,37.781941],[126.322399,37.781125],[126.317952,37.775901],[126.291033,37.76264],[126.281318,37.768371],[126.272798,37.769749],[126.2705,37.767478],[126.259424,37.76462],[126.247675,37.765446],[126.242368,37.763094],[126.240198,37.757657],[126.232059,37.751144],[126.223207,37.755204],[126.207283,37.768331],[126.202767,37.769275],[126.203895,37.773221],[126.209186,37.774108],[126.215994,37.778379],[126.221585,37.788019],[126.222094,37.791464],[126.218539,37.793098],[126.218392,37.795702],[126.223492,37.800005],[126.223177,37.805412],[126.232922,37.811041],[126.237773,37.817067],[126.256814,37.814646],[126.264401,37.818377],[126.265916,37.815737],[126.273411,37.814035],[126.293875,37.803921]]],[[[126.438058,37.208513],[126.438523,37.206729],[126.436498,37.206987],[126.435853,37.208861],[126.438058,37.208513]]],[[[126.515164,37.234777],[126.519185,37.232203],[126.517427,37.229445],[126.512829,37.227726],[126.51147,37.233054],[126.515164,37.234777]]],[[[126.540612,37.233795],[126.539412,37.232034],[126.532243,37.231942],[126.523853,37.235461],[126.525666,37.238877],[126.525485,37.245481],[126.521363,37.249662],[126.51514,37.250502],[126.512342,37.254673],[126.514414,37.257193],[126.522022,37.259644],[126.521531,37.257989],[126.529593,37.252139],[126.5266,37.249104],[126.540612,37.233795]]],[[[126.486999,37.282601],[126.497404,37.277093],[126.494296,37.271434],[126.496825,37.263815],[126.501626,37.258261],[126.500483,37.25464],[126.495638,37.253166],[126.495411,37.256408],[126.488905,37.259653],[126.486626,37.257545],[126.489157,37.250299],[126.485822,37.250084],[126.482376,37.254865],[126.476779,37.253638],[126.482863,37.249205],[126.480727,37.244295],[126.483041,37.241948],[126.470402,37.238269],[126.468651,37.232247],[126.458975,37.226074],[126.459539,37.223864],[126.457016,37.224181],[126.452634,37.22901],[126.431563,37.23303],[126.431456,37.247226],[126.435588,37.247246],[126.435003,37.25445],[126.432765,37.259864],[126.4278,37.26225],[126.436224,37.265975],[126.433858,37.268826],[126.433766,37.274325],[126.447454,37.271926],[126.4537,37.277676],[126.450381,37.27963],[126.451557,37.282278],[126.466481,37.284066],[126.470627,37.28776],[126.470658,37.285675],[126.475063,37.28257],[126.48268,37.281263],[126.486999,37.282601]]],[[[126.510095,37.357057],[126.509933,37.359509],[126.513217,37.359391],[126.512665,37.357162],[126.510095,37.357057]]],[[[126.441459,37.362022],[126.442242,37.361302],[126.441039,37.360112],[126.439123,37.361529],[126.441459,37.362022]]],[[[126.44128,37.374191],[126.446336,37.375016],[126.445835,37.37073],[126.439877,37.371365],[126.44128,37.374191]]],[[[126.422479,37.401543],[126.423137,37.398076],[126.429885,37.391244],[126.441746,37.38437],[126.44123,37.381272],[126.435193,37.381707],[126.440486,37.378233],[126.439472,37.375741],[126.433519,37.37419],[126.434969,37.370326],[126.43352,37.368501],[126.417716,37.365274],[126.413219,37.366251],[126.407056,37.372719],[126.40912,37.376508],[126.407346,37.388118],[126.404273,37.391458],[126.396443,37.39122],[126.396704,37.394053],[126.400589,37.396569],[126.401114,37.402595],[126.404597,37.407085],[126.402377,37.409688],[126.407249,37.413212],[126.409615,37.412782],[126.414121,37.40909],[126.413624,37.405128],[126.422479,37.401543]]],[[[126.440601,37.403475],[126.432483,37.40452],[126.436322,37.406195],[126.44196,37.404996],[126.440601,37.403475]]],[[[126.412856,37.416042],[126.4121,37.420043],[126.416325,37.419714],[126.416783,37.416858],[126.412856,37.416042]]],[[[126.596816,37.415953],[126.590294,37.419136],[126.589814,37.433055],[126.610899,37.427049],[126.610203,37.430139],[126.614195,37.437733],[126.608138,37.440628],[126.6106,37.444309],[126.616596,37.441786],[126.618178,37.444369],[126.60983,37.44766],[126.612906,37.452684],[126.610641,37.453489],[126.600988,37.438373],[126.597115,37.438393],[126.596418,37.441342],[126.592935,37.441318],[126.592885,37.450604],[126.596338,37.451181],[126.593304,37.454934],[126.601801,37.457258],[126.599974,37.459158],[126.594714,37.456492],[126.59258,37.457721],[126.593168,37.463725],[126.59967,37.465499],[126.604832,37.464554],[126.603361,37.460157],[126.612132,37.462431],[126.623943,37.457862],[126.624999,37.45907],[126.614199,37.464094],[126.614187,37.467778],[126.616254,37.469917],[126.612344,37.477013],[126.609979,37.476364],[126.611115,37.473917],[126.607053,37.475615],[126.609933,37.469156],[126.603271,37.465522],[126.599995,37.466101],[126.595577,37.471848],[126.60054,37.481531],[126.606245,37.486304],[126.608079,37.486815],[126.609849,37.482938],[126.604565,37.481301],[126.605096,37.48017],[126.611996,37.482144],[126.613653,37.478893],[126.612739,37.482373],[126.618854,37.485475],[126.611649,37.483476],[126.609823,37.487398],[126.626277,37.49254],[126.632051,37.487704],[126.627448,37.493249],[126.640763,37.495874],[126.641113,37.504978],[126.629709,37.502378],[126.629694,37.499565],[126.626794,37.497217],[126.604387,37.496812],[126.604495,37.511992],[126.601867,37.51689],[126.602663,37.527045],[126.610998,37.527792],[126.602659,37.527849],[126.602471,37.533263],[126.599389,37.533422],[126.599146,37.539174],[126.605095,37.539321],[126.604811,37.552772],[126.606582,37.553685],[126.60451,37.555604],[126.593716,37.554257],[126.593342,37.559355],[126.581493,37.57144],[126.572579,37.587784],[126.592724,37.592976],[126.612463,37.60543],[126.623398,37.602797],[126.627695,37.605969],[126.632809,37.616919],[126.636574,37.62049],[126.636953,37.626033],[126.647579,37.628736],[126.652463,37.639577],[126.670935,37.63436],[126.67517,37.629954],[126.680074,37.62964],[126.681675,37.626525],[126.698633,37.617462],[126.705283,37.611538],[126.704507,37.602649],[126.711994,37.604786],[126.725126,37.592001],[126.729012,37.592943],[126.735019,37.590466],[126.737984,37.593504],[126.743624,37.59335],[126.751816,37.579572],[126.754736,37.580434],[126.757704,37.584792],[126.763079,37.584892],[126.767312,37.588026],[126.784113,37.582585],[126.787049,37.585552],[126.793674,37.581605],[126.792987,37.579742],[126.790522,37.580315],[126.787566,37.575598],[126.782702,37.573561],[126.780527,37.568328],[126.776956,37.566341],[126.774803,37.567532],[126.777925,37.560111],[126.775633,37.561803],[126.77201,37.558802],[126.773105,37.557497],[126.764691,37.55537],[126.766486,37.552875],[126.76417,37.550825],[126.760948,37.537859],[126.760284,37.515859],[126.745799,37.514762],[126.741575,37.508926],[126.743617,37.50148],[126.741634,37.495101],[126.742601,37.486647],[126.754517,37.483702],[126.75906,37.476821],[126.765192,37.475234],[126.767742,37.471762],[126.778227,37.471795],[126.779842,37.465791],[126.777448,37.457519],[126.779761,37.454397],[126.778316,37.450789],[126.771738,37.450272],[126.768838,37.442935],[126.771307,37.435232],[126.770352,37.429048],[126.767369,37.426594],[126.759675,37.426533],[126.75369,37.422539],[126.755037,37.417991],[126.745819,37.401171],[126.736045,37.395196],[126.720915,37.381138],[126.71608,37.380414],[126.661069,37.34325],[126.617307,37.342852],[126.617268,37.347321],[126.584615,37.347382],[126.584528,37.354664],[126.611908,37.35531],[126.624733,37.374145],[126.616075,37.379252],[126.609875,37.387162],[126.60972,37.416051],[126.596816,37.415953]]],[[[126.589273,37.498879],[126.592006,37.496793],[126.586447,37.496223],[126.585565,37.498231],[126.589273,37.498879]]],[[[126.48931,37.517465],[126.489753,37.516851],[126.487414,37.515474],[126.486516,37.517154],[126.48931,37.517465]]],[[[126.426314,37.518566],[126.426745,37.51634],[126.424397,37.516466],[126.426314,37.518566]]],[[[126.417709,37.518593],[126.421455,37.519842],[126.420721,37.518696],[126.417709,37.518593]]],[[[126.572301,37.528521],[126.571836,37.529305],[126.574835,37.530238],[126.580418,37.525628],[126.572301,37.528521]]],[[[126.467208,37.528391],[126.466894,37.524749],[126.470769,37.522294],[126.467764,37.515226],[126.470636,37.511783],[126.463467,37.511103],[126.459827,37.516347],[126.453068,37.51894],[126.450911,37.518906],[126.449933,37.51648],[126.43982,37.516058],[126.439432,37.513945],[126.43444,37.517547],[126.430376,37.51643],[126.429196,37.517895],[126.432455,37.524509],[126.438453,37.53071],[126.44364,37.534059],[126.449041,37.533525],[126.45469,37.537889],[126.456979,37.544535],[126.461395,37.544457],[126.466232,37.539069],[126.472511,37.537554],[126.473886,37.528696],[126.467208,37.528391]]],[[[126.413569,37.540704],[126.415089,37.535918],[126.412245,37.534469],[126.412417,37.526964],[126.408846,37.525809],[126.403488,37.528385],[126.401132,37.531373],[126.403474,37.535379],[126.413569,37.540704]]],[[[126.395768,37.532446],[126.394559,37.534715],[126.396602,37.534821],[126.397589,37.532824],[126.395768,37.532446]]],[[[126.441207,37.543964],[126.434779,37.542542],[126.43163,37.531012],[126.426688,37.525747],[126.428884,37.523486],[126.4258,37.521449],[126.415179,37.522212],[126.422026,37.533173],[126.420177,37.537799],[126.423977,37.546662],[126.427152,37.548604],[126.432876,37.544465],[126.440621,37.545669],[126.441207,37.543964]]],[[[126.575851,37.536094],[126.57529,37.534424],[126.57351,37.534725],[126.575851,37.536094]]],[[[126.577879,37.541382],[126.577363,37.537662],[126.57528,37.537177],[126.571819,37.539922],[126.57444,37.54244],[126.577879,37.541382]]],[[[126.580163,37.545561],[126.579895,37.544546],[126.577225,37.546497],[126.578018,37.547623],[126.580163,37.545561]]],[[[126.590347,37.547735],[126.587468,37.544566],[126.584028,37.548559],[126.590347,37.547735]]]]}},{"type":"Feature","properties":{"code":"30","name":"대전광역시","full_name":"대전광역시","sido_code":"30","sgg_code":"30110","admin_level":"sido","source":"vuski/admdongkor","source_version":"ver20260701"},"geometry":{"type":"Polygon","coordinates":[[[127.361368,36.25358],[127.363996,36.251649],[127.364629,36.247551],[127.361961,36.234038],[127.363046,36.232195],[127.360051,36.226794],[127.364718,36.219969],[127.360525,36.218499],[127.359455,36.213925],[127.353025,36.21182],[127.349712,36.208286],[127.346845,36.203302],[127.34748,36.197773],[127.343918,36.196729],[127.340658,36.189116],[127.333937,36.183271],[127.331426,36.184318],[127.330082,36.194439],[127.333452,36.200451],[127.328128,36.204054],[127.323192,36.203424],[127.320784,36.209664],[127.321505,36.213705],[127.314451,36.222418],[127.3038,36.228973],[127.303117,36.221715],[127.293763,36.223123],[127.291132,36.230268],[127.282993,36.236626],[127.279993,36.244081],[127.278078,36.244069],[127.281023,36.245827],[127.280028,36.252343],[127.282059,36.257794],[127.290882,36.262946],[127.29147,36.265335],[127.281007,36.265408],[127.256245,36.278005],[127.249459,36.28343],[127.247629,36.291647],[127.252017,36.296091],[127.25943,36.296854],[127.260201,36.301835],[127.257501,36.315393],[127.260376,36.321944],[127.259751,36.327211],[127.266002,36.328447],[127.268002,36.331523],[127.267163,36.338745],[127.275528,36.344724],[127.277866,36.348614],[127.272253,36.354233],[127.270837,36.360968],[127.277522,36.36521],[127.280989,36.374819],[127.278837,36.379891],[127.27859,36.397021],[127.282315,36.414537],[127.288998,36.415881],[127.289256,36.419363],[127.293213,36.419466],[127.295999,36.422752],[127.30146,36.421979],[127.304043,36.425095],[127.310607,36.424793],[127.317051,36.420016],[127.321502,36.423625],[127.326738,36.421913],[127.340718,36.430976],[127.339901,36.435979],[127.342555,36.43812],[127.344698,36.444464],[127.353089,36.447906],[127.358709,36.456033],[127.355954,36.464018],[127.36441,36.471697],[127.359153,36.485391],[127.360348,36.490223],[127.37133,36.490322],[127.381167,36.500022],[127.387967,36.498511],[127.404208,36.483324],[127.4006,36.470171],[127.400436,36.461317],[127.401264,36.457384],[127.404367,36.455121],[127.424652,36.45643],[127.42464,36.455163],[127.426647,36.455342],[127.426255,36.456921],[127.433171,36.457241],[127.436255,36.45665],[127.443367,36.450481],[127.45321,36.4501],[127.463958,36.456571],[127.464714,36.466071],[127.469055,36.472551],[127.479196,36.477463],[127.484131,36.477616],[127.47934,36.457841],[127.487173,36.454666],[127.501283,36.455337],[127.503039,36.453045],[127.502058,36.448407],[127.492221,36.44044],[127.489215,36.433275],[127.502563,36.408201],[127.510044,36.403116],[127.515688,36.422281],[127.519488,36.420175],[127.524145,36.423194],[127.529336,36.419337],[127.533994,36.418786],[127.542399,36.420747],[127.544358,36.419759],[127.543128,36.416868],[127.544625,36.411089],[127.552068,36.405283],[127.557251,36.397243],[127.554185,36.394728],[127.539159,36.397192],[127.525718,36.387309],[127.526857,36.369294],[127.52131,36.353205],[127.509766,36.350446],[127.507917,36.345736],[127.50931,36.343098],[127.501251,36.338706],[127.503584,36.325765],[127.49828,36.318954],[127.499262,36.314932],[127.494762,36.311687],[127.499452,36.305283],[127.493304,36.300026],[127.489,36.300837],[127.49826,36.282874],[127.496657,36.279473],[127.488578,36.273245],[127.489362,36.270025],[127.486251,36.261444],[127.486185,36.25924],[127.489814,36.257894],[127.490154,36.253388],[127.487687,36.250618],[127.489539,36.24552],[127.49259,36.244709],[127.492765,36.238092],[127.489969,36.23737],[127.488374,36.232824],[127.477829,36.229743],[127.476852,36.226127],[127.467521,36.223251],[127.469203,36.215476],[127.460117,36.212927],[127.459095,36.209777],[127.453253,36.206775],[127.45649,36.203747],[127.455727,36.200874],[127.442809,36.19406],[127.433489,36.199183],[127.429275,36.205343],[127.423852,36.206153],[127.42236,36.208295],[127.419501,36.207174],[127.408275,36.213056],[127.410872,36.217508],[127.404556,36.222719],[127.40057,36.231817],[127.387881,36.234473],[127.391117,36.242743],[127.387829,36.245945],[127.386394,36.250763],[127.390415,36.26079],[127.388809,36.265507],[127.377573,36.271461],[127.372409,36.272181],[127.371017,36.269936],[127.362712,36.269195],[127.35975,36.262908],[127.361368,36.25358]]]}},{"type":"Feature","properties":{"code":"31","name":"울산광역시","full_name":"울산광역시","sido_code":"31","sgg_code":"31110","admin_level":"sido","source":"vuski/admdongkor","source_version":"ver20260701"},"geometry":{"type":"Polygon","coordinates":[[[129.25612,35.384851],[129.252004,35.387215],[129.249202,35.383488],[129.241643,35.385698],[129.235636,35.380308],[129.231196,35.381615],[129.217721,35.378673],[129.208708,35.381171],[129.203396,35.385154],[129.202974,35.38787],[129.210729,35.400116],[129.219995,35.40877],[129.211188,35.419206],[129.20202,35.421604],[129.200183,35.424132],[129.202336,35.431953],[129.196592,35.439354],[129.178949,35.432633],[129.172242,35.433561],[129.165644,35.432079],[129.164699,35.434139],[129.142974,35.445911],[129.135717,35.456448],[129.128763,35.459252],[129.122661,35.465269],[129.117111,35.474856],[129.108588,35.481158],[129.109275,35.486399],[129.106641,35.48977],[129.105268,35.496465],[129.090781,35.498237],[129.086441,35.50184],[129.061649,35.509457],[129.051996,35.515733],[129.05314,35.525356],[129.056527,35.527036],[129.055763,35.532138],[129.011444,35.52317],[129.008738,35.523972],[129.009555,35.527989],[128.994499,35.528989],[128.998113,35.539445],[128.993045,35.547941],[128.980642,35.546025],[128.976785,35.551264],[128.973648,35.552232],[128.970903,35.560639],[128.995385,35.568905],[129.006242,35.578037],[129.02018,35.584974],[129.023184,35.590774],[129.026027,35.60069],[129.023458,35.603542],[129.021837,35.614005],[129.015543,35.616503],[129.007415,35.61596],[129.003346,35.620142],[129.007734,35.626807],[129.017572,35.630914],[129.020978,35.635561],[129.027135,35.63635],[129.037053,35.632217],[129.043922,35.641446],[129.047312,35.650147],[129.064328,35.646246],[129.074132,35.640085],[129.081206,35.643432],[129.07971,35.649489],[129.06805,35.658747],[129.069474,35.669109],[129.067569,35.671242],[129.073192,35.677735],[129.069485,35.680729],[129.077429,35.693025],[129.086119,35.700726],[129.101681,35.706229],[129.123276,35.70748],[129.126652,35.714455],[129.135245,35.71193],[129.140038,35.718079],[129.138534,35.720879],[129.14572,35.724698],[129.154372,35.721712],[129.16064,35.71488],[129.176857,35.715531],[129.181517,35.723139],[129.197646,35.715794],[129.200603,35.715796],[129.202077,35.718709],[129.207235,35.721508],[129.214052,35.715247],[129.226692,35.708323],[129.23254,35.708072],[129.234063,35.703583],[129.253997,35.701489],[129.259104,35.698215],[129.262666,35.69156],[129.262302,35.686006],[129.258604,35.683426],[129.260859,35.679394],[129.259814,35.673031],[129.254216,35.666196],[129.254871,35.660901],[129.260078,35.654505],[129.2695,35.651044],[129.275487,35.652867],[129.282261,35.649478],[129.284431,35.651494],[129.291896,35.645157],[129.295808,35.644303],[129.296721,35.646512],[129.302772,35.648319],[129.30357,35.656969],[129.310826,35.660254],[129.318789,35.658414],[129.323994,35.65921],[129.330201,35.665528],[129.341619,35.67083],[129.348792,35.677333],[129.35861,35.679726],[129.364551,35.678768],[129.373473,35.669836],[129.381218,35.671056],[129.399932,35.667544],[129.403426,35.662919],[129.412634,35.664019],[129.428388,35.655936],[129.432732,35.656644],[129.435177,35.652185],[129.437417,35.654516],[129.442843,35.654375],[129.450008,35.650948],[129.448394,35.64755],[129.441809,35.645068],[129.440813,35.632391],[129.443621,35.625126],[129.450616,35.618029],[129.449997,35.614817],[129.456949,35.613935],[129.457787,35.608127],[129.459072,35.606497],[129.461305,35.607322],[129.464375,35.599353],[129.46262,35.59316],[129.465171,35.586602],[129.460846,35.584198],[129.45757,35.584915],[129.452677,35.578515],[129.453402,35.570375],[129.458351,35.558839],[129.457962,35.554596],[129.453098,35.546703],[129.451043,35.529147],[129.447934,35.525437],[129.45036,35.524692],[129.445495,35.510992],[129.441805,35.509138],[129.441755,35.511038],[129.432959,35.510866],[129.432079,35.505385],[129.433718,35.504264],[129.441759,35.5077],[129.443449,35.50213],[129.439091,35.499898],[129.43305,35.499946],[129.431216,35.497218],[129.431982,35.493574],[129.434296,35.492194],[129.441566,35.495849],[129.446525,35.491051],[129.440724,35.490996],[129.43973,35.486088],[129.431233,35.478101],[129.427475,35.47805],[129.431092,35.478544],[129.43045,35.483539],[129.425273,35.484922],[129.424785,35.48149],[129.428676,35.479554],[129.419552,35.481752],[129.414867,35.478382],[129.416401,35.475893],[129.411649,35.471588],[129.406131,35.471642],[129.404025,35.477382],[129.403956,35.486668],[129.408018,35.49324],[129.403036,35.499712],[129.39569,35.50116],[129.39786,35.507864],[129.396732,35.514933],[129.38302,35.533276],[129.369313,35.543557],[129.364606,35.54316],[129.362599,35.540946],[129.370114,35.536402],[129.377833,35.528291],[129.374491,35.528813],[129.372497,35.523457],[129.375972,35.522463],[129.375523,35.517573],[129.384922,35.51586],[129.387425,35.502031],[129.369819,35.500974],[129.365698,35.505033],[129.362342,35.50531],[129.367589,35.498015],[129.37932,35.499978],[129.389326,35.487745],[129.384498,35.48372],[129.38413,35.474082],[129.380665,35.471178],[129.378385,35.472202],[129.362761,35.460451],[129.367733,35.458516],[129.364915,35.456662],[129.361309,35.459146],[129.354396,35.459736],[129.352671,35.465411],[129.339339,35.475267],[129.339052,35.480134],[129.336549,35.482351],[129.335704,35.482406],[129.338099,35.480017],[129.339657,35.472834],[129.347413,35.464288],[129.349967,35.448272],[129.353746,35.446824],[129.359557,35.447961],[129.359066,35.442783],[129.353951,35.440766],[129.35514,35.438538],[129.36464,35.441608],[129.369255,35.448786],[129.373352,35.447245],[129.365773,35.435702],[129.369449,35.433508],[129.369502,35.431506],[129.364912,35.429624],[129.363982,35.423107],[129.365572,35.417991],[129.363947,35.414549],[129.355796,35.414132],[129.355929,35.41109],[129.362951,35.410935],[129.362925,35.406183],[129.352296,35.402824],[129.356911,35.399908],[129.355858,35.396797],[129.357446,35.39496],[129.356072,35.392485],[129.346506,35.389418],[129.348461,35.385855],[129.351689,35.38716],[129.352967,35.38585],[129.351695,35.383886],[129.347446,35.38401],[129.345555,35.376423],[129.355962,35.3739],[129.356207,35.368401],[129.361412,35.366352],[129.363287,35.361219],[129.361592,35.358617],[129.35899,35.355573],[129.35185,35.355664],[129.347209,35.35251],[129.34455,35.352295],[129.340728,35.356536],[129.33575,35.355928],[129.332151,35.347585],[129.322706,35.345976],[129.32078,35.339009],[129.317292,35.337724],[129.313644,35.33046],[129.309039,35.331395],[129.304531,35.329514],[129.300875,35.334244],[129.293179,35.335947],[129.289362,35.340144],[129.285498,35.339205],[129.279856,35.341514],[129.283768,35.345679],[129.284562,35.350756],[129.280571,35.356107],[129.283181,35.365225],[129.27971,35.365783],[129.276712,35.372401],[129.268269,35.379906],[129.265271,35.386472],[129.25612,35.384851]]]}},{"type":"Feature","properties":{"code":"36","name":"세종특별자치시","full_name":"세종특별자치시","sido_code":"36","sgg_code":"36110","admin_level":"sido","source":"vuski/admdongkor","source_version":"ver20260701"},"geometry":{"type":"Polygon","coordinates":[[[127.199087,36.440045],[127.20111,36.44125],[127.201817,36.446317],[127.198399,36.452207],[127.204733,36.45929],[127.203277,36.464978],[127.201086,36.466803],[127.197908,36.465967],[127.192017,36.474667],[127.190482,36.479471],[127.194822,36.484386],[127.194675,36.489594],[127.185446,36.493209],[127.176877,36.49253],[127.17324,36.497441],[127.173508,36.499274],[127.178187,36.49968],[127.177539,36.502425],[127.175995,36.505413],[127.170018,36.509038],[127.170277,36.511732],[127.18223,36.521464],[127.173018,36.533457],[127.174241,36.542189],[127.178673,36.545358],[127.185035,36.543663],[127.187008,36.545798],[127.191829,36.546036],[127.186755,36.552942],[127.193788,36.564813],[127.199201,36.564945],[127.203107,36.567454],[127.203739,36.572666],[127.207915,36.578732],[127.200502,36.582846],[127.192755,36.58086],[127.189246,36.586604],[127.190548,36.594082],[127.184308,36.591091],[127.180935,36.595863],[127.17254,36.596515],[127.167624,36.601565],[127.155595,36.606141],[127.155721,36.615726],[127.149964,36.619067],[127.15411,36.624537],[127.160238,36.624598],[127.156282,36.628627],[127.157946,36.635171],[127.153036,36.64504],[127.154208,36.652707],[127.159941,36.657345],[127.158964,36.661561],[127.154768,36.664865],[127.158387,36.673099],[127.164401,36.678341],[127.1614,36.690574],[127.157075,36.695478],[127.156456,36.690778],[127.141557,36.689751],[127.142469,36.691133],[127.136194,36.704839],[127.127659,36.707995],[127.140597,36.716354],[127.145054,36.717133],[127.152875,36.72831],[127.15693,36.726396],[127.159246,36.731684],[127.163358,36.733641],[127.170449,36.732411],[127.173811,36.728608],[127.183437,36.73033],[127.187845,36.72776],[127.192802,36.728823],[127.202922,36.726175],[127.20508,36.720326],[127.218089,36.71532],[127.223698,36.71556],[127.225154,36.710125],[127.236385,36.707185],[127.245809,36.695819],[127.252241,36.696745],[127.259669,36.692534],[127.265193,36.692143],[127.273602,36.695261],[127.277301,36.691431],[127.285626,36.690934],[127.291901,36.686996],[127.304595,36.684876],[127.3076,36.681715],[127.307487,36.678042],[127.30498,36.667299],[127.301454,36.66409],[127.301624,36.660085],[127.295136,36.655176],[127.286956,36.654169],[127.280437,36.641659],[127.27728,36.641574],[127.276706,36.638516],[127.280846,36.634394],[127.288854,36.637131],[127.292368,36.63576],[127.291284,36.625543],[127.300865,36.615539],[127.301225,36.607524],[127.307149,36.601516],[127.303952,36.590126],[127.299349,36.586404],[127.301056,36.582197],[127.303742,36.585689],[127.308241,36.58346],[127.322386,36.582534],[127.326215,36.577094],[127.33613,36.570458],[127.335485,36.567615],[127.337944,36.562534],[127.343194,36.564541],[127.351143,36.562254],[127.360542,36.562268],[127.377073,36.567752],[127.376494,36.561022],[127.372673,36.559659],[127.379378,36.553691],[127.378687,36.54992],[127.3831,36.548173],[127.383488,36.542005],[127.392158,36.539951],[127.401515,36.541493],[127.405013,36.537311],[127.405622,36.531396],[127.408403,36.527194],[127.408815,36.524391],[127.39755,36.521049],[127.403852,36.517128],[127.40885,36.509601],[127.408807,36.495297],[127.395669,36.491612],[127.387967,36.498511],[127.382772,36.500448],[127.37133,36.490322],[127.360348,36.490223],[127.359153,36.485391],[127.364502,36.472432],[127.355954,36.464018],[127.358709,36.456033],[127.353089,36.447906],[127.344698,36.444464],[127.342555,36.43812],[127.339901,36.435979],[127.340718,36.430976],[127.326738,36.421913],[127.321502,36.423625],[127.317051,36.420016],[127.310607,36.424793],[127.304043,36.425095],[127.30146,36.421979],[127.295999,36.422752],[127.293213,36.419466],[127.289256,36.419363],[127.289248,36.416086],[127.286991,36.415324],[127.27657,36.413861],[127.266852,36.417063],[127.262413,36.416625],[127.258646,36.414243],[127.259116,36.409108],[127.250796,36.406758],[127.242259,36.418616],[127.231925,36.419909],[127.231709,36.421945],[127.22878,36.422796],[127.226933,36.421221],[127.225115,36.42665],[127.217707,36.433738],[127.199087,36.440045]]]}},{"type":"Feature","properties":{"code":"41","name":"경기도","full_name":"경기도","sido_code":"41","sgg_code":"41111","admin_level":"sido","source":"vuski/admdongkor","source_version":"ver20260701"},"geometry":{"type":"MultiPolygon","coordinates":[[[[126.559294,37.06179],[126.552885,37.059293],[126.557412,37.064485],[126.559294,37.06179]]],[[[126.735811,37.083],[126.735833,37.093139],[126.741949,37.083229],[126.74251,37.076762],[126.730319,37.072179],[126.735811,37.083]]],[[[126.469019,37.084148],[126.469275,37.082447],[126.466779,37.083472],[126.469019,37.084148]]],[[[126.462868,37.093692],[126.465062,37.089141],[126.461458,37.088779],[126.4586,37.092022],[126.462868,37.093692]]],[[[126.452926,37.102523],[126.457745,37.096266],[126.451635,37.094952],[126.448551,37.099228],[126.450839,37.10279],[126.452926,37.102523]]],[[[126.540564,37.11119],[126.541667,37.102762],[126.539098,37.099051],[126.537037,37.108938],[126.538401,37.112409],[126.540564,37.11119]]],[[[126.382024,37.102163],[126.379886,37.104483],[126.38201,37.114233],[126.389636,37.115251],[126.394856,37.112621],[126.397731,37.101629],[126.394893,37.09916],[126.382024,37.102163]]],[[[126.613769,37.119373],[126.615578,37.119594],[126.614088,37.117286],[126.613769,37.119373]]],[[[126.639188,37.142273],[126.638662,37.139346],[126.637418,37.140496],[126.637753,37.143536],[126.639188,37.142273]]],[[[126.737525,37.149735],[126.731137,37.149105],[126.732083,37.146419],[126.728067,37.138759],[126.721906,37.136586],[126.7173,37.130757],[126.713781,37.129427],[126.706394,37.13104],[126.704839,37.123137],[126.692376,37.119167],[126.686128,37.111924],[126.68255,37.111783],[126.677911,37.115031],[126.683181,37.116986],[126.6845,37.119588],[126.681929,37.128438],[126.67744,37.134974],[126.673696,37.134699],[126.673509,37.137992],[126.679013,37.140734],[126.683712,37.149736],[126.6945,37.152364],[126.690734,37.157184],[126.684167,37.159678],[126.689257,37.167844],[126.682611,37.160366],[126.670123,37.155705],[126.663927,37.156568],[126.659036,37.153823],[126.650662,37.153622],[126.649437,37.15657],[126.657854,37.15924],[126.660651,37.162111],[126.653276,37.180918],[126.66086,37.178027],[126.665046,37.183314],[126.664556,37.187422],[126.669733,37.189144],[126.664727,37.191466],[126.659893,37.190473],[126.65451,37.185861],[126.654775,37.182797],[126.649273,37.18376],[126.655152,37.189655],[126.651622,37.191646],[126.657275,37.190958],[126.662002,37.196769],[126.671209,37.194389],[126.669181,37.196461],[126.677964,37.197613],[126.691927,37.203141],[126.699159,37.213738],[126.691747,37.214298],[126.688436,37.207548],[126.684178,37.209452],[126.679214,37.207178],[126.676936,37.200918],[126.67272,37.200024],[126.666233,37.208644],[126.666105,37.216745],[126.677385,37.223595],[126.672959,37.229583],[126.668573,37.229163],[126.664768,37.233644],[126.664529,37.236786],[126.656703,37.237801],[126.657633,37.235948],[126.655573,37.234755],[126.651442,37.238795],[126.64808,37.249011],[126.650572,37.254175],[126.65615,37.248007],[126.654981,37.246814],[126.669939,37.242848],[126.676607,37.246475],[126.680285,37.256018],[126.675399,37.257428],[126.676906,37.260732],[126.679796,37.260589],[126.681125,37.257219],[126.686733,37.262706],[126.689173,37.262863],[126.717263,37.256112],[126.725461,37.258576],[126.727823,37.254234],[126.734031,37.250349],[126.740712,37.255151],[126.757008,37.255048],[126.763866,37.252812],[126.76754,37.248322],[126.775179,37.247931],[126.777612,37.237905],[126.781737,37.234391],[126.786411,37.232985],[126.778297,37.239245],[126.778063,37.245949],[126.789362,37.244375],[126.788092,37.255175],[126.79304,37.259452],[126.79011,37.267322],[126.796138,37.270918],[126.810474,37.267186],[126.803607,37.276552],[126.799196,37.279004],[126.804488,37.28366],[126.804644,37.293183],[126.811725,37.293395],[126.819323,37.290532],[126.823487,37.286438],[126.828064,37.277078],[126.835614,37.276575],[126.839485,37.269552],[126.84143,37.26765],[126.846469,37.265874],[126.840033,37.269969],[126.837806,37.275411],[126.833723,37.277737],[126.829305,37.278609],[126.827998,37.279802],[126.825736,37.28881],[126.828484,37.288899],[126.827753,37.291594],[126.821652,37.290803],[126.81392,37.295051],[126.81632,37.298006],[126.807153,37.29929],[126.804178,37.296253],[126.772584,37.289405],[126.725575,37.302323],[126.71716,37.307516],[126.706107,37.310444],[126.692396,37.318999],[126.67716,37.320094],[126.671064,37.329887],[126.691489,37.335934],[126.691148,37.339206],[126.685591,37.340877],[126.688447,37.34886],[126.692914,37.348293],[126.703197,37.351268],[126.700452,37.354658],[126.730602,37.386198],[126.742589,37.382636],[126.744975,37.388535],[126.742051,37.384554],[126.739832,37.385469],[126.740551,37.386904],[126.733724,37.38825],[126.736542,37.395427],[126.745819,37.401171],[126.750576,37.407606],[126.755051,37.418051],[126.75369,37.422539],[126.759675,37.426533],[126.767369,37.426594],[126.770609,37.429554],[126.771307,37.435232],[126.768838,37.442935],[126.770707,37.448506],[126.771738,37.450272],[126.778316,37.450789],[126.779769,37.454326],[126.777448,37.457519],[126.779842,37.465791],[126.778227,37.471795],[126.767742,37.471762],[126.765192,37.475234],[126.75906,37.476821],[126.754517,37.483702],[126.742601,37.486647],[126.741634,37.495101],[126.743617,37.50148],[126.741575,37.508926],[126.745511,37.514649],[126.752004,37.516409],[126.760284,37.515859],[126.760948,37.537859],[126.766203,37.554126],[126.771744,37.548307],[126.775351,37.549073],[126.777588,37.546581],[126.787382,37.545857],[126.791754,37.543749],[126.792043,37.541813],[126.79475,37.541516],[126.793316,37.539725],[126.794401,37.535831],[126.799493,37.537863],[126.798979,37.540268],[126.802849,37.543082],[126.822147,37.540679],[126.82182,37.534871],[126.828805,37.526511],[126.825205,37.523027],[126.825559,37.519846],[126.823238,37.516181],[126.824679,37.508328],[126.822237,37.507601],[126.821594,37.502061],[126.819757,37.499227],[126.814359,37.498314],[126.812977,37.49629],[126.814392,37.493199],[126.822741,37.489983],[126.823473,37.487745],[126.819434,37.48547],[126.819568,37.480276],[126.815293,37.47645],[126.815392,37.474008],[126.817838,37.473155],[126.819221,37.476158],[126.831794,37.477575],[126.845328,37.473804],[126.846484,37.481705],[126.852565,37.481941],[126.868908,37.4951],[126.87278,37.488804],[126.875286,37.488533],[126.873909,37.483334],[126.876657,37.477562],[126.889085,37.461533],[126.885274,37.460062],[126.886379,37.456199],[126.889623,37.452351],[126.894074,37.45264],[126.896123,37.445847],[126.898511,37.443866],[126.898883,37.438805],[126.904469,37.434058],[126.908734,37.433821],[126.914333,37.440039],[126.919429,37.440775],[126.928749,37.450193],[126.931026,37.447821],[126.930513,37.445293],[126.937846,37.440178],[126.938639,37.436049],[126.963021,37.440314],[126.964562,37.44569],[126.973983,37.447599],[126.982356,37.455158],[126.996832,37.462185],[126.996275,37.466717],[127.003422,37.467259],[127.01106,37.455389],[127.024692,37.457811],[127.029861,37.465445],[127.033142,37.465023],[127.034735,37.463848],[127.033429,37.461075],[127.035835,37.457546],[127.038359,37.445651],[127.035864,37.439156],[127.040975,37.438173],[127.047467,37.430871],[127.050893,37.429655],[127.065674,37.429011],[127.070456,37.430063],[127.073378,37.43934],[127.07192,37.442085],[127.081577,37.441004],[127.085427,37.444942],[127.08799,37.445062],[127.088324,37.448637],[127.096318,37.461432],[127.098214,37.458794],[127.100557,37.459051],[127.106307,37.462538],[127.116747,37.458594],[127.11746,37.462172],[127.125067,37.468901],[127.132676,37.468234],[127.132589,37.474847],[127.143445,37.474104],[127.144245,37.477325],[127.1474,37.477218],[127.14984,37.485271],[127.157639,37.489143],[127.161378,37.500251],[127.157617,37.503088],[127.156471,37.501901],[127.150123,37.50451],[127.145604,37.50343],[127.141135,37.505454],[127.140246,37.509832],[127.141125,37.512324],[127.143524,37.512689],[127.141132,37.515645],[127.145399,37.516096],[127.1458,37.52199],[127.147763,37.522169],[127.153112,37.529092],[127.153552,37.533997],[127.163193,37.545019],[127.183552,37.545826],[127.181389,37.552852],[127.181969,37.560941],[127.175359,37.577286],[127.177667,37.580835],[127.166624,37.57892],[127.149242,37.568487],[127.133825,37.568445],[127.121747,37.563994],[127.116683,37.560021],[127.113484,37.560251],[127.113769,37.558885],[127.101146,37.560023],[127.10419,37.571051],[127.10093,37.57356],[127.102769,37.581763],[127.09975,37.583052],[127.109328,37.584664],[127.1124,37.591864],[127.117824,37.594005],[127.113832,37.599964],[127.118375,37.607376],[127.116615,37.608822],[127.117587,37.611707],[127.115675,37.619295],[127.106138,37.620598],[127.103507,37.622904],[127.10537,37.62714],[127.112037,37.632618],[127.111155,37.642412],[127.106568,37.64549],[127.094452,37.645759],[127.092296,37.649923],[127.092818,37.654903],[127.086034,37.655913],[127.092445,37.658093],[127.09396,37.662571],[127.095739,37.672265],[127.091828,37.679187],[127.096285,37.685738],[127.095792,37.688861],[127.085833,37.690452],[127.083767,37.69466],[127.077341,37.696384],[127.068812,37.694058],[127.065112,37.689847],[127.054822,37.689348],[127.050777,37.687022],[127.04912,37.693522],[127.045085,37.692442],[127.041577,37.69536],[127.032468,37.691712],[127.028028,37.700589],[127.022154,37.699593],[127.019568,37.70108],[127.015846,37.701025],[127.014939,37.698545],[127.011948,37.698244],[127.009208,37.695235],[127.008625,37.684869],[126.997986,37.683824],[126.991736,37.679465],[126.994156,37.666277],[126.979448,37.655827],[126.984642,37.647459],[126.983249,37.643647],[126.986367,37.640651],[126.984625,37.636565],[126.975075,37.631386],[126.971786,37.632285],[126.968823,37.638682],[126.956765,37.652649],[126.947076,37.658988],[126.941031,37.657061],[126.934735,37.650642],[126.929742,37.650405],[126.921269,37.645558],[126.913887,37.644707],[126.905271,37.648915],[126.912227,37.644378],[126.912467,37.641685],[126.909817,37.635109],[126.906531,37.632524],[126.908811,37.629051],[126.907937,37.625393],[126.901031,37.612457],[126.902084,37.603821],[126.900261,37.603155],[126.90149,37.599368],[126.898989,37.592659],[126.899841,37.589867],[126.887262,37.588594],[126.885442,37.591088],[126.886581,37.593836],[126.884822,37.593392],[126.877632,37.586203],[126.877077,37.578903],[126.854117,37.573856],[126.853557,37.571805],[126.802891,37.60462],[126.8006,37.604104],[126.797022,37.598491],[126.800788,37.588004],[126.798339,37.587793],[126.793674,37.581605],[126.787049,37.585552],[126.784113,37.582585],[126.767312,37.588026],[126.763079,37.584892],[126.757704,37.584792],[126.754736,37.580434],[126.751816,37.579572],[126.743624,37.59335],[126.737984,37.593504],[126.735019,37.590466],[126.729012,37.592943],[126.725126,37.592001],[126.711994,37.604786],[126.704507,37.602649],[126.705283,37.611538],[126.698633,37.617462],[126.681675,37.626525],[126.680074,37.62964],[126.67517,37.629954],[126.670935,37.63436],[126.652463,37.639577],[126.647579,37.628736],[126.636953,37.626033],[126.636574,37.62049],[126.632809,37.616919],[126.627695,37.605969],[126.623398,37.602797],[126.612463,37.60543],[126.592724,37.592976],[126.56575,37.586077],[126.563056,37.589476],[126.566061,37.59417],[126.559397,37.600556],[126.554169,37.609301],[126.553158,37.61803],[126.549556,37.627085],[126.537931,37.636815],[126.528956,37.652974],[126.529702,37.65589],[126.534462,37.659143],[126.535755,37.665023],[126.52347,37.674432],[126.527281,37.703142],[126.518515,37.712728],[126.519658,37.726189],[126.526017,37.738092],[126.527845,37.748398],[126.51458,37.764655],[126.514564,37.766949],[126.536328,37.771899],[126.558842,37.767564],[126.561625,37.765049],[126.561355,37.761574],[126.568891,37.755088],[126.580429,37.753814],[126.592013,37.757735],[126.609468,37.752909],[126.622613,37.762279],[126.628822,37.772363],[126.638943,37.778433],[126.667004,37.784517],[126.66216,37.790153],[126.665064,37.798641],[126.666048,37.812066],[126.673963,37.831048],[126.671378,37.834717],[126.659349,37.840242],[126.660962,37.843602],[126.665007,37.843189],[126.671013,37.845774],[126.67621,37.843978],[126.6796,37.845969],[126.679904,37.851689],[126.69218,37.868428],[126.683446,37.873999],[126.68014,37.87034],[126.672614,37.870064],[126.675227,37.874427],[126.67207,37.87799],[126.675518,37.877175],[126.682065,37.879722],[126.678745,37.881518],[126.679738,37.884606],[126.676493,37.884608],[126.675646,37.881638],[126.672546,37.882153],[126.674476,37.885895],[126.670162,37.887964],[126.672201,37.888692],[126.677374,37.89773],[126.675855,37.906176],[126.68045,37.91111],[126.684571,37.912597],[126.681444,37.915583],[126.670099,37.914283],[126.665919,37.918342],[126.66577,37.922051],[126.669207,37.927966],[126.667558,37.932693],[126.671848,37.939707],[126.669057,37.941404],[126.672366,37.948452],[126.670384,37.9557],[126.676367,37.953509],[126.681298,37.958105],[126.687308,37.957197],[126.691561,37.966243],[126.70066,37.969125],[126.702485,37.974319],[126.707697,37.975643],[126.70948,37.970587],[126.712039,37.968398],[126.716654,37.968863],[126.719395,37.964952],[126.727778,37.968678],[126.736577,37.965818],[126.739964,37.9727],[126.744553,37.974218],[126.748061,37.979033],[126.762537,37.985014],[126.772802,37.978353],[126.775331,37.980413],[126.771819,37.982353],[126.773478,37.984],[126.783854,37.981032],[126.796401,37.993694],[126.800908,37.991997],[126.807398,37.99375],[126.829551,37.9931],[126.830456,37.998717],[126.825328,38.000219],[126.823069,38.011328],[126.828741,38.020188],[126.835079,38.018169],[126.833219,38.021859],[126.835656,38.024503],[126.830458,38.025423],[126.831042,38.032239],[126.835807,38.034175],[126.853594,38.031478],[126.852555,38.037343],[126.854623,38.040132],[126.852687,38.043614],[126.852828,38.053103],[126.858066,38.053116],[126.859445,38.064624],[126.866254,38.069452],[126.869561,38.077885],[126.860573,38.085873],[126.85607,38.099661],[126.867165,38.11118],[126.883658,38.11625],[126.889185,38.128819],[126.900477,38.133426],[126.904704,38.137893],[126.917058,38.136718],[126.930471,38.127405],[126.932349,38.131651],[126.96086,38.136074],[126.960859,38.139677],[126.965111,38.138025],[126.964833,38.135825],[126.969917,38.143538],[126.969428,38.145619],[126.95003,38.15911],[126.951728,38.164899],[126.954538,38.163257],[126.965717,38.171405],[126.969185,38.181931],[126.968262,38.186098],[126.962923,38.190534],[126.966691,38.194412],[126.966794,38.199105],[126.975077,38.199327],[126.97587,38.204876],[126.979303,38.205187],[126.983954,38.210913],[126.980103,38.217741],[126.981067,38.219835],[126.978161,38.22214],[126.982028,38.227461],[126.988157,38.225821],[126.991591,38.229472],[127.001505,38.223],[127.005239,38.222882],[127.014172,38.237061],[127.022184,38.24038],[127.020933,38.245881],[127.032856,38.248441],[127.041891,38.259018],[127.055059,38.259],[127.066859,38.265681],[127.075998,38.278076],[127.093308,38.28211],[127.109283,38.292038],[127.113987,38.265274],[127.109863,38.243809],[127.113005,38.237589],[127.12288,38.23251],[127.126273,38.233769],[127.130538,38.232559],[127.146968,38.239722],[127.148948,38.242683],[127.158361,38.238904],[127.162492,38.232218],[127.159591,38.226047],[127.161464,38.223038],[127.159435,38.219071],[127.16956,38.21385],[127.172189,38.210424],[127.172234,38.205958],[127.166248,38.198077],[127.179377,38.184653],[127.1904,38.188855],[127.186044,38.173387],[127.189586,38.161377],[127.202885,38.153407],[127.208196,38.147138],[127.211982,38.146722],[127.213416,38.143377],[127.218888,38.139236],[127.222521,38.138109],[127.223737,38.147266],[127.233887,38.147326],[127.239621,38.154544],[127.255863,38.163965],[127.258502,38.16865],[127.265048,38.17352],[127.265995,38.175858],[127.264425,38.178277],[127.266123,38.180498],[127.28312,38.182883],[127.289332,38.176898],[127.29586,38.17642],[127.297283,38.174784],[127.287245,38.168708],[127.287523,38.160884],[127.284643,38.157753],[127.287179,38.151353],[127.275551,38.136788],[127.277391,38.132494],[127.276741,38.125448],[127.281954,38.124744],[127.283204,38.11648],[127.285593,38.115109],[127.288192,38.116711],[127.292337,38.114082],[127.295864,38.116315],[127.302738,38.115675],[127.307225,38.119356],[127.311292,38.115974],[127.312478,38.107364],[127.321192,38.095225],[127.329929,38.094311],[127.33739,38.089816],[127.338945,38.101364],[127.346006,38.104264],[127.364453,38.107039],[127.370896,38.110036],[127.371972,38.113662],[127.378089,38.117737],[127.385763,38.114263],[127.403009,38.113195],[127.406003,38.106065],[127.412058,38.102723],[127.430759,38.115272],[127.440873,38.108377],[127.443908,38.099367],[127.446983,38.070788],[127.445992,38.062625],[127.443709,38.059013],[127.446676,38.054334],[127.445656,38.050982],[127.452225,38.047441],[127.450951,38.037613],[127.456266,38.027262],[127.456821,38.018865],[127.461393,38.012899],[127.472158,38.006064],[127.497273,38.003612],[127.501412,37.999558],[127.523506,38.001874],[127.539741,38.001181],[127.547095,37.979763],[127.544326,37.968121],[127.561251,37.962776],[127.573222,37.964055],[127.587851,37.961259],[127.594125,37.956879],[127.601394,37.956052],[127.60331,37.954234],[127.602668,37.947715],[127.604818,37.944163],[127.60904,37.943649],[127.613761,37.939386],[127.616602,37.929451],[127.612522,37.925161],[127.612072,37.920809],[127.616242,37.914981],[127.617722,37.906528],[127.6076,37.889858],[127.608815,37.883264],[127.605865,37.876693],[127.602193,37.874535],[127.585058,37.875897],[127.576408,37.872825],[127.569142,37.86632],[127.565901,37.858675],[127.562425,37.855477],[127.552318,37.853114],[127.54932,37.846854],[127.541207,37.846274],[127.533558,37.842618],[127.528668,37.838132],[127.525058,37.830544],[127.524889,37.824217],[127.535187,37.817835],[127.53716,37.812372],[127.522892,37.795781],[127.52167,37.791035],[127.540329,37.771078],[127.544477,37.759938],[127.537621,37.751335],[127.509905,37.734861],[127.507212,37.72888],[127.507307,37.719673],[127.510927,37.717692],[127.525385,37.726901],[127.540803,37.719091],[127.548195,37.723422],[127.552093,37.728262],[127.557349,37.728988],[127.559861,37.728513],[127.55968,37.723145],[127.5624,37.721039],[127.558064,37.7143],[127.558425,37.706021],[127.550148,37.685463],[127.549212,37.667571],[127.552807,37.661547],[127.546486,37.657433],[127.543913,37.651587],[127.535675,37.65035],[127.537019,37.643002],[127.546822,37.63756],[127.548264,37.633195],[127.558982,37.628449],[127.564574,37.633067],[127.571921,37.632203],[127.582025,37.634134],[127.58568,37.642107],[127.598595,37.64674],[127.602348,37.651339],[127.607219,37.651035],[127.61085,37.646941],[127.616134,37.647166],[127.623401,37.64138],[127.62756,37.642623],[127.639368,37.632882],[127.646876,37.63292],[127.649441,37.624725],[127.652414,37.622669],[127.66368,37.624016],[127.667564,37.617335],[127.685942,37.606725],[127.687204,37.604333],[127.696528,37.600368],[127.700248,37.59667],[127.697938,37.591578],[127.708125,37.586402],[127.721039,37.590678],[127.739473,37.587163],[127.753495,37.591875],[127.764584,37.585808],[127.767033,37.582602],[127.785965,37.578553],[127.793355,37.58541],[127.800375,37.582133],[127.80426,37.578864],[127.804874,37.575195],[127.81033,37.572845],[127.812904,37.564641],[127.826858,37.560751],[127.837105,37.56046],[127.849448,37.553211],[127.849105,37.549587],[127.846351,37.547791],[127.846676,37.544019],[127.842399,37.539023],[127.828617,37.536387],[127.821927,37.538023],[127.809505,37.536737],[127.806385,37.53501],[127.805073,37.530245],[127.796533,37.52851],[127.796747,37.523571],[127.783987,37.512188],[127.78114,37.512998],[127.773944,37.506095],[127.764862,37.502719],[127.759362,37.503657],[127.760335,37.492342],[127.774476,37.491647],[127.776268,37.488431],[127.780598,37.488176],[127.782046,37.481646],[127.787926,37.475976],[127.799682,37.472188],[127.800563,37.468159],[127.796346,37.463609],[127.796557,37.459791],[127.799554,37.451679],[127.798618,37.442382],[127.803965,37.429082],[127.794608,37.424249],[127.78787,37.401329],[127.783694,37.398612],[127.783144,37.390269],[127.776585,37.383243],[127.775847,37.378419],[127.777798,37.371195],[127.763164,37.369895],[127.759485,37.367044],[127.761173,37.363788],[127.757792,37.345992],[127.761362,37.336559],[127.760362,37.329124],[127.762187,37.320783],[127.76857,37.30783],[127.767154,37.301797],[127.761923,37.302113],[127.754765,37.297692],[127.756504,37.294686],[127.753796,37.289009],[127.755783,37.282841],[127.754703,37.278519],[127.758308,37.258027],[127.748858,37.24748],[127.747646,37.243475],[127.746397,37.229632],[127.750317,37.226246],[127.750746,37.221639],[127.747919,37.216678],[127.735394,37.208033],[127.732844,37.196219],[127.728463,37.191614],[127.726502,37.182676],[127.722923,37.181756],[127.718033,37.183794],[127.710973,37.176418],[127.709672,37.172108],[127.704584,37.166639],[127.703994,37.15649],[127.694414,37.149642],[127.695401,37.140366],[127.687773,37.135215],[127.668216,37.136647],[127.665764,37.139241],[127.660142,37.139765],[127.64761,37.15075],[127.628763,37.153796],[127.633118,37.145261],[127.637822,37.141178],[127.634147,37.123725],[127.634785,37.101935],[127.6315,37.096517],[127.614517,37.087889],[127.600888,37.085534],[127.600165,37.081849],[127.604498,37.077468],[127.604198,37.068529],[127.595891,37.073938],[127.589071,37.072735],[127.579501,37.075363],[127.576216,37.073953],[127.565128,37.060271],[127.567917,37.055541],[127.568135,37.047701],[127.559983,37.042962],[127.55043,37.045401],[127.531992,37.055642],[127.523133,37.055439],[127.518261,37.058397],[127.512518,37.056219],[127.50917,37.049584],[127.504653,37.04796],[127.496885,37.048377],[127.489959,37.052815],[127.468037,37.052998],[127.468433,37.050647],[127.461274,37.047059],[127.457188,37.042232],[127.459751,37.03648],[127.458057,37.032969],[127.459414,37.025374],[127.458007,37.020584],[127.454278,37.02143],[127.449593,37.01821],[127.446704,37.011032],[127.441111,37.011619],[127.429735,37.001878],[127.422014,37.004747],[127.415087,36.999661],[127.395534,36.998378],[127.392536,36.996497],[127.390697,36.990882],[127.384916,36.983658],[127.386083,36.981392],[127.394121,36.977297],[127.401857,36.967749],[127.398073,36.964318],[127.387595,36.964065],[127.385382,36.959143],[127.379126,36.957559],[127.378528,36.951466],[127.375495,36.948184],[127.362047,36.949272],[127.357895,36.947478],[127.355095,36.951673],[127.349735,36.952567],[127.343509,36.947976],[127.343048,36.943521],[127.33867,36.942773],[127.32703,36.935783],[127.316488,36.934646],[127.309147,36.929094],[127.295665,36.928891],[127.304078,36.915141],[127.297787,36.902632],[127.288558,36.893534],[127.279527,36.900241],[127.280331,36.904271],[127.271759,36.913309],[127.259133,36.91561],[127.25312,36.922264],[127.244018,36.917405],[127.237576,36.920649],[127.236093,36.923835],[127.22885,36.924386],[127.220208,36.930301],[127.210734,36.930407],[127.211666,36.937878],[127.205893,36.941782],[127.206828,36.946076],[127.201891,36.952115],[127.190112,36.952858],[127.187984,36.955239],[127.177667,36.95827],[127.176036,36.962071],[127.16505,36.962019],[127.155394,36.965717],[127.156771,36.967226],[127.153806,36.969419],[127.144301,36.971512],[127.131739,36.965025],[127.115816,36.971136],[127.111057,36.970883],[127.096463,36.959544],[127.096379,36.95571],[127.101802,36.953829],[127.098104,36.950851],[127.096329,36.942588],[127.094705,36.941843],[127.086123,36.947805],[127.073935,36.938393],[127.071377,36.94004],[127.060639,36.939518],[127.048052,36.933498],[127.038151,36.932452],[127.031734,36.92834],[127.01586,36.934461],[126.995406,36.935517],[126.972853,36.926215],[126.943234,36.917998],[126.91706,36.905359],[126.908959,36.90491],[126.905113,36.924623],[126.900622,36.930562],[126.886984,36.93609],[126.864224,36.932691],[126.865465,36.939011],[126.862406,36.948847],[126.859048,36.950494],[126.849881,36.945372],[126.84424,36.953806],[126.846576,36.955971],[126.844022,36.958165],[126.842316,36.957413],[126.83592,36.966582],[126.838848,36.967921],[126.825357,36.987125],[126.824422,36.990328],[126.827285,36.992903],[126.825622,36.995201],[126.810828,36.995587],[126.808079,36.998598],[126.79966,36.999401],[126.790208,36.994117],[126.783586,36.998087],[126.786677,36.997841],[126.78287,37.002146],[126.779903,37.000071],[126.777511,37.001948],[126.793112,37.005206],[126.797603,37.008035],[126.794563,37.025792],[126.78906,37.029172],[126.751006,37.029251],[126.744752,37.036319],[126.744798,37.041624],[126.748367,37.049035],[126.756589,37.056386],[126.768954,37.060141],[126.770182,37.063846],[126.762886,37.062798],[126.761338,37.068079],[126.764128,37.068973],[126.762771,37.075222],[126.764239,37.086506],[126.77033,37.10148],[126.769823,37.103861],[126.766347,37.103719],[126.758273,37.111057],[126.75981,37.117117],[126.76874,37.127896],[126.774,37.128305],[126.7761,37.132299],[126.782704,37.135117],[126.786822,37.132688],[126.787486,37.129803],[126.794927,37.129015],[126.795762,37.13442],[126.801127,37.138655],[126.81195,37.139414],[126.81539,37.142749],[126.807647,37.144354],[126.804512,37.151468],[126.80045,37.153433],[126.790315,37.149548],[126.781247,37.152031],[126.79499,37.158245],[126.797603,37.162449],[126.796189,37.17043],[126.792005,37.173146],[126.795567,37.179714],[126.797105,37.188881],[126.795308,37.18136],[126.777976,37.164677],[126.766439,37.164218],[126.749233,37.166882],[126.746517,37.165484],[126.746461,37.160001],[126.737525,37.149735]]],[[[126.618213,37.157597],[126.614471,37.155416],[126.617472,37.161793],[126.616281,37.173645],[126.618985,37.177659],[126.621823,37.178977],[126.630615,37.173809],[126.627268,37.167281],[126.618213,37.157597]]],[[[126.639167,37.189169],[126.640126,37.188733],[126.629941,37.1856],[126.633022,37.188901],[126.639167,37.189169]]],[[[126.658213,37.203011],[126.658944,37.202858],[126.658586,37.201875],[126.658213,37.203011]]],[[[126.663501,37.204974],[126.663129,37.203444],[126.660277,37.204894],[126.663501,37.204974]]],[[[126.618364,37.224472],[126.614682,37.223529],[126.613976,37.225438],[126.616281,37.228696],[126.618364,37.224472]]],[[[126.613758,37.230117],[126.615192,37.229397],[126.613935,37.227746],[126.612432,37.228765],[126.613758,37.230117]]],[[[126.631079,37.249419],[126.628005,37.247376],[126.627031,37.249755],[126.629998,37.250915],[126.631079,37.249419]]],[[[126.577965,37.288298],[126.572103,37.282404],[126.569252,37.272055],[126.572561,37.276148],[126.581315,37.273069],[126.583061,37.273934],[126.58707,37.272195],[126.585518,37.268636],[126.590683,37.264121],[126.59686,37.262427],[126.607677,37.263385],[126.609125,37.260578],[126.616342,37.258983],[126.61822,37.257404],[126.614555,37.250464],[126.62117,37.248292],[126.619279,37.246161],[126.623391,37.24325],[126.626418,37.244076],[126.622592,37.236644],[126.650727,37.225027],[126.651639,37.220422],[126.647623,37.208852],[126.65089,37.209778],[126.651684,37.213677],[126.654339,37.210709],[126.652043,37.207315],[126.646659,37.205714],[126.651308,37.199742],[126.647547,37.19289],[126.645622,37.191662],[126.640593,37.197932],[126.642318,37.201372],[126.641776,37.20592],[126.645828,37.206962],[126.646832,37.210766],[126.639415,37.21555],[126.62921,37.217996],[126.6234,37.226994],[126.624241,37.235349],[126.6218,37.236123],[126.619285,37.229318],[126.61121,37.233761],[126.610042,37.22957],[126.602802,37.230183],[126.599508,37.226904],[126.611617,37.219023],[126.615832,37.209232],[126.614323,37.207293],[126.605395,37.211986],[126.602942,37.207615],[126.598141,37.211106],[126.603168,37.216276],[126.601467,37.220874],[126.601653,37.218194],[126.590714,37.213277],[126.588445,37.213617],[126.585151,37.220589],[126.576566,37.220561],[126.572977,37.209345],[126.568567,37.204488],[126.568962,37.200876],[126.561782,37.193298],[126.559154,37.199213],[126.549395,37.204881],[126.542523,37.205698],[126.542344,37.202754],[126.538335,37.198421],[126.534984,37.198109],[126.537581,37.199844],[126.540631,37.206729],[126.54472,37.206618],[126.543225,37.21384],[126.547099,37.215674],[126.546205,37.222779],[126.543575,37.224441],[126.541057,37.223264],[126.540375,37.228927],[126.543989,37.229088],[126.544441,37.233584],[126.554367,37.233607],[126.55826,37.2371],[126.566762,37.237172],[126.560356,37.242534],[126.559792,37.248597],[126.563016,37.256198],[126.559504,37.257102],[126.558055,37.259566],[126.557567,37.266734],[126.555006,37.268514],[126.554799,37.271085],[126.550828,37.272929],[126.548614,37.279951],[126.539471,37.282655],[126.538951,37.285465],[126.532944,37.289145],[126.551851,37.281882],[126.556368,37.28374],[126.557763,37.28167],[126.556855,37.277838],[126.560397,37.277543],[126.567744,37.281352],[126.565286,37.283746],[126.577099,37.290935],[126.570808,37.29819],[126.578996,37.295959],[126.612196,37.315125],[126.645248,37.324466],[126.646657,37.321763],[126.614784,37.312566],[126.579231,37.293237],[126.581405,37.291678],[126.584056,37.294313],[126.586152,37.293005],[126.582191,37.288547],[126.577965,37.288298]]],[[[126.765643,37.261967],[126.76647,37.259515],[126.762789,37.26009],[126.765643,37.261967]]],[[[126.680167,37.283904],[126.684969,37.280618],[126.680019,37.274384],[126.667348,37.274048],[126.666685,37.27532],[126.672856,37.280886],[126.680167,37.283904]]],[[[126.73432,37.282844],[126.734754,37.285936],[126.739416,37.28918],[126.745384,37.287985],[126.745888,37.283616],[126.73432,37.282844]]],[[[126.547281,37.602015],[126.548047,37.604726],[126.549916,37.599863],[126.551802,37.599265],[126.550303,37.595922],[126.547281,37.602015]]],[[[126.515072,37.77543],[126.514814,37.780859],[126.519574,37.786459],[126.519782,37.792686],[126.52384,37.789805],[126.527166,37.78385],[126.540439,37.776086],[126.537825,37.773861],[126.517627,37.771619],[126.515072,37.77543]]]]}},{"type":"Feature","properties":{"code":"43","name":"충청북도","full_name":"충청북도","sido_code":"43","sgg_code":"43130","admin_level":"sido","source":"vuski/admdongkor","source_version":"ver20260701"},"geometry":{"type":"Polygon","coordinates":[[[127.465079,36.467001],[127.463958,36.456571],[127.45321,36.4501],[127.443367,36.450481],[127.436255,36.45665],[127.433171,36.457241],[127.426255,36.456921],[127.426647,36.455342],[127.42464,36.455163],[127.424652,36.45643],[127.412719,36.454768],[127.402621,36.455693],[127.400436,36.461317],[127.4006,36.470171],[127.404208,36.483324],[127.395669,36.491612],[127.408807,36.495297],[127.40885,36.509601],[127.403852,36.517128],[127.39755,36.521049],[127.408815,36.524391],[127.405013,36.537311],[127.401515,36.541493],[127.392158,36.539951],[127.383488,36.542005],[127.3831,36.548173],[127.378687,36.54992],[127.379378,36.553691],[127.372673,36.559659],[127.376494,36.561022],[127.377073,36.567752],[127.360542,36.562268],[127.351143,36.562254],[127.343194,36.564541],[127.337944,36.562534],[127.335485,36.567615],[127.33613,36.570458],[127.326215,36.577094],[127.322386,36.582534],[127.308241,36.58346],[127.303742,36.585689],[127.301056,36.582197],[127.299349,36.586404],[127.303952,36.590126],[127.307149,36.601516],[127.301225,36.607524],[127.300865,36.615539],[127.291284,36.625543],[127.292368,36.63576],[127.288854,36.637131],[127.280846,36.634394],[127.276706,36.638516],[127.27728,36.641574],[127.280437,36.641659],[127.286956,36.654169],[127.29333,36.654455],[127.301525,36.659954],[127.301454,36.66409],[127.30498,36.667299],[127.307487,36.678042],[127.3076,36.681715],[127.304595,36.684876],[127.291901,36.686996],[127.285626,36.690934],[127.2919,36.697237],[127.296732,36.697824],[127.308114,36.704937],[127.306916,36.711151],[127.309664,36.722787],[127.317234,36.724932],[127.328303,36.734555],[127.336858,36.729385],[127.339301,36.73024],[127.341212,36.737615],[127.338434,36.737475],[127.337202,36.744472],[127.334049,36.746975],[127.335667,36.752516],[127.353119,36.755945],[127.358826,36.760685],[127.369435,36.76148],[127.372322,36.758236],[127.387232,36.759468],[127.388932,36.753213],[127.392701,36.752621],[127.396893,36.746904],[127.404832,36.744909],[127.405651,36.750065],[127.411214,36.753317],[127.411972,36.757267],[127.417727,36.757004],[127.420804,36.7595],[127.412159,36.772218],[127.403426,36.774444],[127.399729,36.780583],[127.395433,36.782452],[127.396685,36.790069],[127.40179,36.795412],[127.401011,36.799091],[127.397684,36.7998],[127.382519,36.813431],[127.366581,36.816851],[127.357957,36.822125],[127.355838,36.828473],[127.350921,36.830163],[127.345973,36.828449],[127.333409,36.830662],[127.335193,36.836885],[127.333625,36.838935],[127.336724,36.84559],[127.336678,36.853758],[127.334636,36.856139],[127.318654,36.859019],[127.312327,36.857545],[127.307172,36.859899],[127.306008,36.863059],[127.311348,36.870181],[127.308078,36.885258],[127.303851,36.88574],[127.289802,36.893819],[127.290671,36.896849],[127.297787,36.902632],[127.304078,36.915141],[127.295665,36.928891],[127.309147,36.929094],[127.316488,36.934646],[127.32703,36.935783],[127.33867,36.942773],[127.343048,36.943521],[127.343509,36.947976],[127.349735,36.952567],[127.355095,36.951673],[127.357895,36.947478],[127.362047,36.949272],[127.375495,36.948184],[127.378528,36.951466],[127.379126,36.957559],[127.385382,36.959143],[127.387595,36.964065],[127.398073,36.964318],[127.401857,36.967749],[127.394121,36.977297],[127.386083,36.981392],[127.384916,36.983658],[127.390697,36.990882],[127.392536,36.996497],[127.395534,36.998378],[127.415087,36.999661],[127.422014,37.004747],[127.429735,37.001878],[127.441111,37.011619],[127.446704,37.011032],[127.449593,37.01821],[127.454278,37.02143],[127.458007,37.020584],[127.459414,37.025374],[127.458057,37.032969],[127.459751,37.03648],[127.457188,37.042232],[127.461274,37.047059],[127.468433,37.050647],[127.468037,37.052998],[127.489959,37.052815],[127.496885,37.048377],[127.504653,37.04796],[127.50917,37.049584],[127.512518,37.056219],[127.518261,37.058397],[127.523133,37.055439],[127.531992,37.055642],[127.55043,37.045401],[127.559983,37.042962],[127.568135,37.047701],[127.567917,37.055541],[127.565128,37.060271],[127.576216,37.073953],[127.579501,37.075363],[127.589071,37.072735],[127.595891,37.073938],[127.604198,37.068529],[127.604498,37.077468],[127.600165,37.081849],[127.600888,37.085534],[127.614517,37.087889],[127.6315,37.096517],[127.634785,37.101935],[127.634147,37.123725],[127.637822,37.141178],[127.633118,37.145261],[127.628763,37.153796],[127.64761,37.15075],[127.660142,37.139765],[127.665764,37.139241],[127.668216,37.136647],[127.687742,37.135198],[127.695401,37.140366],[127.694414,37.149642],[127.703994,37.15649],[127.704584,37.166639],[127.709672,37.172108],[127.710973,37.176418],[127.718033,37.183794],[127.722923,37.181756],[127.726502,37.182676],[127.728463,37.191614],[127.732844,37.196219],[127.735378,37.208006],[127.74666,37.216696],[127.747919,37.216678],[127.743938,37.209591],[127.755961,37.172143],[127.767296,37.157797],[127.782529,37.151109],[127.789513,37.144403],[127.795193,37.146183],[127.801714,37.14453],[127.807757,37.147363],[127.815755,37.146652],[127.82726,37.15285],[127.836501,37.151712],[127.849428,37.153326],[127.853684,37.161033],[127.855531,37.160284],[127.855883,37.156477],[127.860918,37.155372],[127.862046,37.161653],[127.870735,37.164392],[127.886682,37.160923],[127.894843,37.15632],[127.899375,37.150053],[127.901954,37.152009],[127.908454,37.167215],[127.915248,37.16918],[127.924361,37.164328],[127.933586,37.176021],[127.932829,37.182612],[127.936553,37.188808],[127.932945,37.194756],[127.932376,37.207495],[127.921546,37.226161],[127.938656,37.240707],[127.945577,37.240488],[127.948087,37.246936],[127.96271,37.2499],[127.972647,37.256827],[127.9865,37.25789],[127.994355,37.253746],[127.999069,37.254637],[128.007528,37.251703],[128.01834,37.245134],[128.021314,37.232309],[128.031815,37.224016],[128.033347,37.218967],[128.039277,37.215553],[128.03335,37.20999],[128.029784,37.202496],[128.031798,37.199664],[128.031655,37.193692],[128.039697,37.188797],[128.043815,37.190652],[128.049682,37.189125],[128.059725,37.193619],[128.078811,37.19401],[128.08792,37.199989],[128.094913,37.199821],[128.105068,37.203787],[128.125216,37.221143],[128.121564,37.227498],[128.126817,37.234714],[128.133239,37.229745],[128.141088,37.229393],[128.14313,37.223588],[128.150025,37.220518],[128.153572,37.216053],[128.164172,37.213282],[128.1731,37.218782],[128.172652,37.224749],[128.175988,37.228359],[128.174182,37.232527],[128.194655,37.245843],[128.201235,37.248815],[128.207936,37.24892],[128.210311,37.245965],[128.214839,37.246344],[128.215245,37.241938],[128.219525,37.24052],[128.224373,37.232955],[128.228422,37.230298],[128.228699,37.227844],[128.23462,37.226407],[128.237146,37.22933],[128.242946,37.226395],[128.251201,37.229212],[128.25859,37.215955],[128.268386,37.208069],[128.281305,37.209623],[128.2885,37.215155],[128.308559,37.216916],[128.315552,37.223464],[128.320465,37.219358],[128.330504,37.216538],[128.329713,37.202151],[128.327442,37.198754],[128.321575,37.195934],[128.313209,37.19669],[128.31286,37.187972],[128.295866,37.183029],[128.298182,37.172298],[128.29091,37.170073],[128.280537,37.173147],[128.276286,37.172047],[128.264695,37.16051],[128.266256,37.156112],[128.270816,37.153956],[128.273281,37.147416],[128.27938,37.142695],[128.284318,37.14267],[128.292238,37.138945],[128.296459,37.133984],[128.304159,37.13705],[128.311279,37.145285],[128.325626,37.148263],[128.327382,37.152971],[128.3307,37.150303],[128.336983,37.157873],[128.34287,37.154251],[128.350131,37.158014],[128.359463,37.149956],[128.364499,37.155433],[128.377104,37.151643],[128.379072,37.155214],[128.384371,37.158184],[128.401008,37.146376],[128.402632,37.142433],[128.403613,37.139527],[128.401717,37.138489],[128.401616,37.134792],[128.395919,37.128694],[128.406648,37.126783],[128.411107,37.122169],[128.418579,37.119797],[128.422519,37.113038],[128.422879,37.104436],[128.424817,37.102386],[128.430103,37.103832],[128.4304,37.107251],[128.435507,37.109751],[128.435236,37.11127],[128.445015,37.107364],[128.450842,37.112421],[128.465119,37.109878],[128.480332,37.111554],[128.490147,37.122853],[128.500817,37.120094],[128.512392,37.113702],[128.514833,37.104281],[128.511217,37.098061],[128.51201,37.096115],[128.522251,37.103374],[128.53474,37.098396],[128.537972,37.090045],[128.550823,37.085823],[128.562125,37.090362],[128.591663,37.078209],[128.595391,37.081857],[128.601797,37.082781],[128.601448,37.078971],[128.606317,37.076579],[128.623231,37.087147],[128.628051,37.081583],[128.628303,37.07498],[128.633679,37.07183],[128.642761,37.070536],[128.652228,37.065457],[128.644616,37.061926],[128.641813,37.054899],[128.637585,37.051417],[128.630508,37.038956],[128.619266,37.04955],[128.608824,37.052626],[128.606788,37.043396],[128.593207,37.042223],[128.583639,37.043889],[128.577114,37.035639],[128.568108,37.034496],[128.565163,37.030867],[128.567176,37.026184],[128.57292,37.021673],[128.571307,37.015982],[128.562904,37.007957],[128.556045,37.005501],[128.55471,36.998235],[128.538086,36.990761],[128.529147,36.990734],[128.514491,36.98681],[128.513629,36.976811],[128.506845,36.972001],[128.506702,36.970194],[128.485944,36.962005],[128.484963,36.957462],[128.476557,36.957408],[128.467794,36.951814],[128.463242,36.947446],[128.460202,36.934006],[128.441868,36.9279],[128.443122,36.920155],[128.445397,36.917815],[128.444861,36.913815],[128.440234,36.901523],[128.426953,36.889307],[128.42758,36.882518],[128.424407,36.876471],[128.438743,36.87324],[128.447983,36.864583],[128.447137,36.854583],[128.448974,36.848074],[128.441399,36.837658],[128.434342,36.834078],[128.431746,36.824261],[128.420646,36.811416],[128.405376,36.81192],[128.394058,36.815395],[128.38398,36.814467],[128.373534,36.807593],[128.366944,36.800474],[128.362644,36.800513],[128.356395,36.804104],[128.352179,36.810543],[128.334725,36.816855],[128.323483,36.815413],[128.316571,36.81664],[128.316079,36.822675],[128.310836,36.828512],[128.305447,36.828504],[128.303699,36.8315],[128.296529,36.834497],[128.286781,36.844765],[128.282011,36.856628],[128.27645,36.857249],[128.264049,36.864225],[128.247292,36.86887],[128.24192,36.872795],[128.239031,36.865203],[128.234008,36.862653],[128.234353,36.854035],[128.23783,36.851069],[128.236822,36.84812],[128.221381,36.847353],[128.21382,36.850005],[128.212831,36.839401],[128.21778,36.820595],[128.218504,36.815382],[128.216988,36.81305],[128.209949,36.81319],[128.192196,36.817928],[128.182704,36.818096],[128.175872,36.821186],[128.164131,36.820123],[128.146456,36.829419],[128.144926,36.832414],[128.135956,36.834073],[128.133656,36.832217],[128.132973,36.827247],[128.129311,36.824559],[128.118148,36.822323],[128.112233,36.818892],[128.105785,36.804828],[128.100815,36.805828],[128.092567,36.802847],[128.091881,36.796456],[128.084,36.799449],[128.084224,36.804042],[128.071357,36.813655],[128.06535,36.816774],[128.059147,36.816685],[128.057561,36.807051],[128.054229,36.804898],[128.056349,36.79897],[128.055735,36.794528],[128.048753,36.786243],[128.044562,36.784569],[128.046478,36.779986],[128.044424,36.771246],[128.032147,36.754642],[128.032377,36.747969],[128.043763,36.738069],[128.051557,36.736102],[128.055642,36.728711],[128.058907,36.729691],[128.068951,36.721666],[128.073956,36.711648],[128.071325,36.707293],[128.048768,36.707545],[128.031714,36.719051],[128.026105,36.7191],[128.022222,36.725872],[128.014789,36.727766],[128.014139,36.730064],[128.008414,36.727769],[128.002617,36.716631],[127.9868,36.717499],[127.980436,36.719963],[127.973341,36.725639],[127.97092,36.730584],[127.960773,36.736778],[127.955774,36.731453],[127.952059,36.719633],[127.948024,36.717801],[127.949116,36.705957],[127.946344,36.704433],[127.942324,36.706188],[127.931667,36.706325],[127.931565,36.693364],[127.928602,36.690367],[127.915372,36.694004],[127.907435,36.69265],[127.895962,36.694246],[127.887352,36.69131],[127.885513,36.687798],[127.877297,36.682239],[127.877034,36.679634],[127.879238,36.678427],[127.88771,36.678884],[127.892039,36.682307],[127.906706,36.680209],[127.91293,36.677745],[127.918477,36.667992],[127.92564,36.669201],[127.932319,36.665152],[127.931508,36.653619],[127.9384,36.65108],[127.93961,36.646916],[127.935812,36.643377],[127.934899,36.639681],[127.935967,36.633625],[127.932167,36.624572],[127.933109,36.619032],[127.924914,36.615482],[127.923868,36.605238],[127.920435,36.603649],[127.915533,36.60625],[127.916432,36.611212],[127.909728,36.62573],[127.903843,36.627718],[127.896265,36.6265],[127.889413,36.62946],[127.88802,36.635003],[127.88989,36.636864],[127.889145,36.640279],[127.882347,36.646224],[127.879781,36.657563],[127.874071,36.655386],[127.870551,36.643939],[127.864465,36.639875],[127.862067,36.634358],[127.848005,36.633362],[127.847475,36.624887],[127.85108,36.618922],[127.856728,36.617956],[127.859057,36.613242],[127.849612,36.612767],[127.840543,36.608337],[127.832211,36.612303],[127.827463,36.611026],[127.822791,36.612441],[127.819449,36.608168],[127.814834,36.608764],[127.806512,36.603152],[127.798408,36.602281],[127.797019,36.594762],[127.800198,36.585515],[127.80465,36.581662],[127.815918,36.57804],[127.823875,36.570802],[127.83013,36.574402],[127.843204,36.569687],[127.852839,36.571584],[127.867817,36.56327],[127.873413,36.555907],[127.870677,36.543104],[127.87374,36.541188],[127.873679,36.537834],[127.90193,36.528173],[127.900638,36.52472],[127.903076,36.517235],[127.902242,36.512714],[127.906721,36.507847],[127.888479,36.493105],[127.880466,36.493271],[127.878729,36.489491],[127.876095,36.488368],[127.875233,36.483192],[127.880677,36.480718],[127.881784,36.477896],[127.878378,36.467092],[127.882402,36.460999],[127.877782,36.449989],[127.874885,36.448572],[127.873028,36.441707],[127.875336,36.428458],[127.880411,36.427643],[127.882637,36.421741],[127.875992,36.414793],[127.873123,36.405874],[127.869668,36.403572],[127.863629,36.403082],[127.865647,36.394839],[127.86238,36.392571],[127.876016,36.390746],[127.879233,36.383251],[127.884291,36.379789],[127.882903,36.37384],[127.879632,36.371507],[127.883504,36.370686],[127.886288,36.363933],[127.891327,36.359552],[127.890804,36.356705],[127.885942,36.354602],[127.881446,36.344865],[127.875023,36.345495],[127.869774,36.343565],[127.870529,36.341226],[127.867472,36.336412],[127.86185,36.336063],[127.856298,36.331072],[127.853152,36.331726],[127.850658,36.320612],[127.846098,36.318287],[127.841426,36.310451],[127.847199,36.300646],[127.845902,36.294058],[127.849398,36.28891],[127.850975,36.274448],[127.86053,36.277689],[127.883712,36.27316],[127.887984,36.280099],[127.890275,36.289869],[127.905092,36.302379],[127.907047,36.286081],[127.914799,36.28009],[127.930914,36.278215],[127.937948,36.269129],[127.942579,36.266937],[127.947302,36.267231],[127.949188,36.256598],[127.954469,36.257194],[127.960234,36.252432],[127.970854,36.250434],[127.978957,36.254053],[127.976889,36.258885],[127.98217,36.264197],[127.991447,36.265424],[127.996765,36.268082],[128.000558,36.266374],[128.009389,36.27205],[128.015609,36.268037],[128.026234,36.267867],[128.032833,36.261876],[128.048026,36.257139],[128.044224,36.252199],[128.039611,36.251002],[128.035449,36.243393],[128.030048,36.240308],[128.033176,36.233544],[128.039327,36.229143],[128.039304,36.221689],[128.042429,36.217267],[128.049837,36.21632],[128.050688,36.205918],[128.06296,36.199221],[128.052521,36.200889],[128.038354,36.193999],[128.026299,36.205682],[128.013517,36.209133],[127.997534,36.206056],[127.993272,36.200276],[127.986017,36.200402],[127.976517,36.192348],[127.976154,36.186678],[127.984682,36.177094],[127.983466,36.169772],[127.989601,36.16475],[127.990457,36.159216],[127.995632,36.156849],[127.996474,36.153694],[127.987332,36.147385],[127.988805,36.132923],[127.987032,36.128699],[127.977139,36.121966],[127.966478,36.118492],[127.968567,36.10722],[127.962917,36.096247],[127.957836,36.094888],[127.958705,36.08778],[127.961746,36.082805],[127.961386,36.068389],[127.952767,36.065811],[127.94664,36.056627],[127.935861,36.050664],[127.931669,36.050223],[127.926139,36.053257],[127.917062,36.054403],[127.906153,36.046092],[127.903554,36.038967],[127.88798,36.0348],[127.885423,36.036024],[127.882993,36.027218],[127.876926,36.022442],[127.865325,36.025066],[127.86065,36.031276],[127.856217,36.032965],[127.853421,36.039054],[127.849373,36.039663],[127.825812,36.032736],[127.818743,36.028022],[127.800222,36.026255],[127.787853,36.014249],[127.781394,36.016159],[127.76631,36.011959],[127.758765,36.014994],[127.763048,36.021295],[127.761104,36.025459],[127.75262,36.024694],[127.747899,36.029351],[127.743485,36.028255],[127.742944,36.025031],[127.740488,36.024869],[127.736704,36.030859],[127.732443,36.032235],[127.728153,36.03043],[127.727813,36.026099],[127.723284,36.03109],[127.719835,36.030441],[127.716962,36.034396],[127.71187,36.035409],[127.704993,36.033652],[127.702105,36.035207],[127.696467,36.041199],[127.695048,36.046384],[127.696725,36.056217],[127.695234,36.058667],[127.691268,36.058676],[127.688584,36.06282],[127.670811,36.051918],[127.672685,36.04176],[127.669201,36.038297],[127.665428,36.036766],[127.660405,36.038067],[127.654042,36.056413],[127.649125,36.058011],[127.648613,36.062678],[127.644713,36.06657],[127.637756,36.068359],[127.632734,36.081645],[127.618416,36.093094],[127.617897,36.105119],[127.619569,36.109019],[127.613447,36.111725],[127.610068,36.11862],[127.603854,36.1171],[127.590203,36.13383],[127.590349,36.143284],[127.593629,36.152967],[127.601738,36.161587],[127.59935,36.172434],[127.59342,36.177179],[127.598122,36.184352],[127.592839,36.195155],[127.59927,36.204512],[127.597094,36.212842],[127.597797,36.217413],[127.590741,36.222288],[127.584958,36.230086],[127.579139,36.233058],[127.57041,36.232898],[127.561817,36.229976],[127.54662,36.230173],[127.549608,36.23884],[127.537896,36.242939],[127.53505,36.247491],[127.535996,36.251582],[127.523951,36.246528],[127.517839,36.240515],[127.512069,36.241671],[127.506514,36.238422],[127.492765,36.238092],[127.49259,36.244709],[127.488523,36.247356],[127.48756,36.251503],[127.490154,36.253388],[127.489814,36.257894],[127.486149,36.259815],[127.489362,36.270025],[127.488457,36.272872],[127.496657,36.279473],[127.49826,36.282874],[127.489,36.300837],[127.493304,36.300026],[127.499452,36.305283],[127.494762,36.311687],[127.499262,36.314932],[127.49828,36.318954],[127.503584,36.325765],[127.501251,36.338706],[127.50931,36.343098],[127.507917,36.345736],[127.509766,36.350446],[127.52131,36.353205],[127.526857,36.369294],[127.525718,36.387309],[127.539159,36.397192],[127.554185,36.394728],[127.557251,36.397243],[127.552068,36.405283],[127.544625,36.411089],[127.543128,36.416868],[127.544358,36.419759],[127.542399,36.420747],[127.533994,36.418786],[127.529336,36.419337],[127.524145,36.423194],[127.519488,36.420175],[127.515688,36.422281],[127.510044,36.403116],[127.509088,36.40519],[127.503161,36.407663],[127.489211,36.432703],[127.492221,36.44044],[127.502646,36.449305],[127.502664,36.453984],[127.498922,36.455684],[127.487173,36.454666],[127.47934,36.457841],[127.484131,36.477616],[127.470929,36.474086],[127.465079,36.467001]]]}},{"type":"Feature","properties":{"code":"44","name":"충청남도","full_name":"충청남도","sido_code":"44","sgg_code":"44131","admin_level":"sido","source":"vuski/admdongkor","source_version":"ver20260701"},"geometry":{"type":"MultiPolygon","coordinates":[[[[126.050633,36.197555],[126.049567,36.201185],[126.04531,36.204474],[126.052602,36.20397],[126.051369,36.202064],[126.053963,36.199008],[126.056965,36.199254],[126.050633,36.197555]]],[[[126.031759,36.210335],[126.024666,36.219842],[126.023567,36.224547],[126.028183,36.224012],[126.027351,36.222154],[126.030445,36.2195],[126.030137,36.215904],[126.034485,36.214577],[126.034053,36.211165],[126.031759,36.210335]]],[[[126.078924,36.226399],[126.076078,36.221405],[126.069078,36.221468],[126.067228,36.223539],[126.074758,36.227531],[126.07729,36.234734],[126.082812,36.229534],[126.087049,36.231136],[126.089992,36.236913],[126.092858,36.236358],[126.095185,36.227133],[126.085635,36.22392],[126.078924,36.226399]]],[[[125.955422,36.232179],[125.955692,36.233825],[125.957622,36.235572],[125.959274,36.233641],[125.963389,36.240483],[125.966795,36.2396],[125.962162,36.2293],[125.955422,36.232179]]],[[[126.046775,36.235511],[126.04644,36.23704],[126.047302,36.238284],[126.053817,36.236514],[126.052095,36.240243],[126.05632,36.236837],[126.054829,36.235781],[126.05609,36.233723],[126.046775,36.235511]]],[[[126.288021,36.251636],[126.28376,36.25153],[126.287383,36.253298],[126.288021,36.251636]]],[[[126.265016,36.277881],[126.270692,36.279678],[126.266736,36.266393],[126.264795,36.264913],[126.26078,36.268086],[126.261659,36.273694],[126.265016,36.277881]]],[[[126.201156,36.280998],[126.201484,36.281718],[126.204403,36.279986],[126.201156,36.280998]]],[[[126.197738,36.284546],[126.197736,36.286164],[126.199739,36.285602],[126.20065,36.283348],[126.197738,36.284546]]],[[[126.260156,36.294787],[126.261444,36.299274],[126.258704,36.301892],[126.261387,36.304353],[126.26677,36.305437],[126.266568,36.30027],[126.263221,36.293637],[126.257495,36.28966],[126.25429,36.295616],[126.260156,36.294787]]],[[[126.258535,36.306148],[126.257446,36.307676],[126.259075,36.308052],[126.260696,36.305769],[126.258535,36.306148]]],[[[126.320133,36.327407],[126.317879,36.323692],[126.31842,36.319668],[126.313613,36.32115],[126.314255,36.324893],[126.320133,36.327407]]],[[[126.30245,36.324154],[126.293327,36.32702],[126.28888,36.326287],[126.285177,36.328452],[126.292077,36.332855],[126.293874,36.330242],[126.301211,36.329943],[126.304623,36.325631],[126.30245,36.324154]]],[[[126.214182,36.428772],[126.210868,36.429809],[126.21191,36.43128],[126.214272,36.430849],[126.214182,36.428772]]],[[[126.312868,36.449772],[126.310409,36.445526],[126.307035,36.448676],[126.307372,36.450487],[126.312868,36.449772]]],[[[126.305422,36.449632],[126.302377,36.445803],[126.298155,36.445415],[126.304195,36.449794],[126.302996,36.456352],[126.309155,36.455555],[126.310593,36.453424],[126.305422,36.449632]]],[[[126.238757,36.454378],[126.236637,36.45137],[126.231964,36.454201],[126.237365,36.455776],[126.238757,36.454378]]],[[[126.162027,36.50954],[126.158479,36.508769],[126.156122,36.510748],[126.159787,36.514281],[126.161874,36.51343],[126.162027,36.50954]]],[[[126.19311,36.568023],[126.190231,36.570943],[126.19165,36.571492],[126.195689,36.570655],[126.19311,36.568023]]],[[[126.19693,36.577467],[126.196506,36.58229],[126.200146,36.582133],[126.19693,36.577467]]],[[[126.29402,36.578674],[126.292417,36.577978],[126.291703,36.578853],[126.293062,36.58282],[126.29402,36.578674]]],[[[126.201365,36.594778],[126.203043,36.590811],[126.198212,36.593811],[126.197714,36.596018],[126.201365,36.594778]]],[[[126.241527,36.594492],[126.244423,36.590697],[126.241914,36.588709],[126.239592,36.590461],[126.241154,36.594275],[126.234366,36.597043],[126.239613,36.600389],[126.239628,36.604206],[126.235137,36.604346],[126.23653,36.606837],[126.24348,36.607745],[126.24517,36.606461],[126.245794,36.600841],[126.242339,36.598092],[126.241527,36.594492]]],[[[125.544127,36.613735],[125.547201,36.608888],[125.540979,36.613038],[125.544127,36.613735]]],[[[125.573455,36.621628],[125.580772,36.61277],[125.572472,36.616216],[125.570542,36.620079],[125.573455,36.621628]]],[[[125.560888,36.62633],[125.562622,36.625248],[125.560443,36.625839],[125.556383,36.625826],[125.560888,36.62633]]],[[[125.712488,36.629168],[125.712548,36.631537],[125.715551,36.630764],[125.712488,36.629168]]],[[[126.266339,36.63408],[126.263152,36.629889],[126.262027,36.63212],[126.262702,36.635736],[126.266339,36.63408]]],[[[126.125713,36.642931],[126.126747,36.641356],[126.125865,36.640098],[126.123257,36.641783],[126.125713,36.642931]]],[[[126.119153,36.640558],[126.11672,36.641498],[126.11964,36.642505],[126.121111,36.641154],[126.119153,36.640558]]],[[[125.692181,36.644953],[125.692351,36.641801],[125.699305,36.638862],[125.692689,36.639268],[125.68871,36.642611],[125.692181,36.644953]]],[[[126.360142,36.624828],[126.355151,36.62265],[126.357214,36.618117],[126.340745,36.61556],[126.335856,36.618455],[126.333392,36.616379],[126.335519,36.615005],[126.335857,36.61164],[126.328813,36.606589],[126.313882,36.588111],[126.307254,36.595252],[126.302979,36.593224],[126.302816,36.588388],[126.292152,36.583787],[126.287864,36.591386],[126.282413,36.592321],[126.282002,36.596243],[126.28559,36.603365],[126.284873,36.618347],[126.283037,36.622321],[126.291001,36.624266],[126.295473,36.62817],[126.29681,36.637492],[126.294649,36.646572],[126.280933,36.668462],[126.274562,36.67129],[126.265641,36.670672],[126.263218,36.673072],[126.264466,36.678907],[126.267078,36.681087],[126.265934,36.683559],[126.262284,36.684529],[126.260132,36.693408],[126.261484,36.696899],[126.27231,36.705324],[126.270697,36.711165],[126.272862,36.720233],[126.270558,36.725791],[126.271273,36.729238],[126.264625,36.722424],[126.259333,36.720115],[126.257727,36.71679],[126.253255,36.717081],[126.251805,36.712998],[126.246989,36.718],[126.242257,36.717072],[126.243326,36.709945],[126.240095,36.710289],[126.240204,36.713784],[126.236098,36.717272],[126.234945,36.708318],[126.241308,36.7076],[126.241754,36.70261],[126.229079,36.692676],[126.221648,36.691353],[126.211809,36.692407],[126.210475,36.687774],[126.20212,36.684483],[126.19736,36.674505],[126.188751,36.673983],[126.188657,36.671627],[126.186143,36.674549],[126.180015,36.676783],[126.173068,36.671994],[126.172334,36.673577],[126.174758,36.675577],[126.171063,36.678519],[126.164124,36.674657],[126.160818,36.67743],[126.154874,36.676429],[126.15282,36.675451],[126.154241,36.671937],[126.152586,36.671147],[126.151169,36.674075],[126.145186,36.672845],[126.140375,36.668097],[126.135562,36.669742],[126.130417,36.668266],[126.129162,36.673929],[126.123659,36.677547],[126.124297,36.682939],[126.130637,36.688497],[126.137049,36.687745],[126.136698,36.683669],[126.140537,36.686532],[126.149227,36.686235],[126.149428,36.698122],[126.145797,36.703249],[126.156387,36.707143],[126.165809,36.717355],[126.171209,36.718471],[126.184691,36.716919],[126.194683,36.707722],[126.20601,36.705952],[126.217246,36.711565],[126.221183,36.716728],[126.221484,36.72126],[126.21464,36.725446],[126.201416,36.720921],[126.202786,36.726422],[126.208153,36.729716],[126.210925,36.734155],[126.212509,36.738739],[126.211141,36.740361],[126.207207,36.736475],[126.200109,36.736329],[126.188281,36.744623],[126.181957,36.746008],[126.18191,36.747632],[126.18594,36.748813],[126.18465,36.752936],[126.164808,36.757513],[126.161855,36.753002],[126.155331,36.756018],[126.141531,36.753652],[126.151837,36.748615],[126.149875,36.745612],[126.152647,36.740359],[126.152172,36.730475],[126.150238,36.728288],[126.144038,36.727753],[126.137858,36.719073],[126.13185,36.715958],[126.122678,36.706937],[126.12099,36.712364],[126.126118,36.71789],[126.122719,36.719927],[126.121225,36.724798],[126.128354,36.738022],[126.133523,36.740756],[126.130734,36.747067],[126.132638,36.749397],[126.130029,36.7516],[126.12212,36.752329],[126.116692,36.756077],[126.114116,36.758732],[126.113085,36.764152],[126.101533,36.773274],[126.104908,36.775796],[126.114819,36.774664],[126.117981,36.770506],[126.121689,36.774716],[126.126682,36.775322],[126.128245,36.773714],[126.132203,36.776895],[126.129207,36.780263],[126.129969,36.787372],[126.13438,36.786634],[126.134292,36.784714],[126.137407,36.78536],[126.144901,36.793178],[126.141871,36.795862],[126.147719,36.796178],[126.150186,36.802714],[126.145902,36.80393],[126.142512,36.808945],[126.150575,36.811961],[126.151502,36.814156],[126.14844,36.816945],[126.154184,36.817367],[126.155668,36.820619],[126.15382,36.822072],[126.158606,36.827232],[126.145641,36.836762],[126.145523,36.83935],[126.153085,36.83917],[126.153009,36.841394],[126.148392,36.845275],[126.149032,36.846657],[126.155306,36.844743],[126.15694,36.848961],[126.161172,36.850035],[126.163665,36.84545],[126.161535,36.844962],[126.161735,36.843101],[126.163556,36.84183],[126.175572,36.843558],[126.175974,36.84158],[126.172128,36.838114],[126.171204,36.830468],[126.171512,36.827913],[126.175505,36.824341],[126.171402,36.817832],[126.172246,36.812275],[126.176369,36.810703],[126.17713,36.812624],[126.182855,36.81295],[126.184545,36.814887],[126.180319,36.819857],[126.186332,36.823034],[126.176928,36.82755],[126.17527,36.835848],[126.186696,36.841543],[126.193392,36.849324],[126.194844,36.853724],[126.190203,36.856205],[126.190344,36.865908],[126.18755,36.868114],[126.183672,36.867034],[126.182953,36.870658],[126.187869,36.870067],[126.189643,36.872382],[126.189631,36.878143],[126.185849,36.881746],[126.176918,36.884963],[126.180323,36.889358],[126.195282,36.888078],[126.200588,36.89679],[126.199628,36.900257],[126.196368,36.900469],[126.203305,36.902077],[126.201783,36.903472],[126.202933,36.905119],[126.205808,36.904553],[126.207111,36.900893],[126.212804,36.900579],[126.219581,36.905542],[126.243216,36.91048],[126.248421,36.91529],[126.25324,36.914891],[126.246498,36.908135],[126.248142,36.904218],[126.241845,36.888528],[126.235885,36.890427],[126.225371,36.888623],[126.218284,36.880091],[126.220907,36.880693],[126.231337,36.872907],[126.235355,36.872711],[126.236181,36.865431],[126.242216,36.863892],[126.248212,36.86644],[126.250596,36.869642],[126.250065,36.876717],[126.252692,36.879441],[126.26206,36.880916],[126.264813,36.877486],[126.271701,36.876438],[126.272824,36.882087],[126.269641,36.884669],[126.276673,36.894966],[126.2754,36.898189],[126.280938,36.902617],[126.288666,36.900806],[126.283974,36.903184],[126.283015,36.909415],[126.286481,36.91431],[126.292114,36.930867],[126.289311,36.934968],[126.288433,36.952764],[126.284173,36.9643],[126.28538,36.967946],[126.282937,36.970354],[126.294267,36.970377],[126.299436,36.977446],[126.304515,36.979409],[126.305895,36.978645],[126.305011,36.974949],[126.308424,36.973981],[126.306327,36.966606],[126.30715,36.961824],[126.309782,36.962924],[126.31374,36.954811],[126.309137,36.951542],[126.308106,36.94646],[126.302771,36.944159],[126.303028,36.940891],[126.310308,36.929823],[126.302222,36.922268],[126.302283,36.918354],[126.30952,36.913382],[126.309187,36.909962],[126.316294,36.904982],[126.32029,36.905144],[126.320529,36.892086],[126.326487,36.890922],[126.331695,36.892694],[126.332605,36.891367],[126.331039,36.886491],[126.326795,36.88413],[126.318416,36.886402],[126.313763,36.883262],[126.310973,36.871726],[126.308341,36.86961],[126.308267,36.866699],[126.304485,36.86646],[126.303111,36.863134],[126.305785,36.859311],[126.30465,36.856859],[126.296428,36.85248],[126.294679,36.842605],[126.303684,36.842533],[126.307061,36.839921],[126.317046,36.838885],[126.316217,36.833837],[126.312316,36.830799],[126.305374,36.830477],[126.295404,36.824153],[126.287375,36.823111],[126.282826,36.824574],[126.280964,36.817939],[126.286786,36.816798],[126.288909,36.813556],[126.287039,36.81132],[126.286436,36.803559],[126.287896,36.799064],[126.293235,36.798391],[126.297106,36.803297],[126.294721,36.805724],[126.295845,36.808335],[126.305575,36.815011],[126.311398,36.813146],[126.318209,36.814162],[126.322076,36.819772],[126.328069,36.814001],[126.337517,36.816315],[126.327121,36.828118],[126.328048,36.836529],[126.321111,36.837459],[126.315139,36.841932],[126.320445,36.84353],[126.324627,36.847374],[126.323679,36.85085],[126.32005,36.851658],[126.325289,36.853384],[126.327432,36.860469],[126.3313,36.863017],[126.338949,36.859849],[126.343384,36.861988],[126.347648,36.861314],[126.342187,36.847948],[126.350857,36.841096],[126.354347,36.83285],[126.365279,36.830012],[126.365958,36.834002],[126.359148,36.841207],[126.355753,36.84871],[126.363295,36.850762],[126.365835,36.854913],[126.370294,36.857178],[126.370265,36.869621],[126.36439,36.872912],[126.364087,36.877354],[126.366692,36.879777],[126.374044,36.879598],[126.374536,36.881919],[126.379451,36.882919],[126.397821,36.881271],[126.398749,36.883724],[126.394729,36.887149],[126.395377,36.893017],[126.400037,36.893447],[126.404237,36.891243],[126.404816,36.898031],[126.411393,36.896932],[126.413425,36.894168],[126.420721,36.898517],[126.430028,36.89889],[126.431291,36.900956],[126.427191,36.906007],[126.417261,36.905648],[126.408132,36.908798],[126.409019,36.916666],[126.40423,36.918659],[126.403103,36.921101],[126.405794,36.923791],[126.410481,36.923633],[126.416634,36.930295],[126.410581,36.934575],[126.405226,36.932316],[126.399722,36.932548],[126.399509,36.934883],[126.396077,36.935074],[126.391914,36.929444],[126.386229,36.929821],[126.381255,36.936273],[126.380681,36.943997],[126.374453,36.944552],[126.373489,36.94642],[126.367508,36.945949],[126.365859,36.942281],[126.359434,36.938207],[126.356409,36.941656],[126.360386,36.950371],[126.359097,36.951857],[126.353255,36.949997],[126.350283,36.951883],[126.349728,36.961113],[126.334007,36.959738],[126.332813,36.964246],[126.33601,36.969252],[126.333211,36.970691],[126.333173,36.974951],[126.338487,36.975033],[126.3382,36.980985],[126.330936,36.983094],[126.327658,36.98676],[126.325631,36.995853],[126.327479,37.000962],[126.332592,36.997783],[126.340571,37.000732],[126.335063,37.00586],[126.340364,37.012219],[126.343809,37.011631],[126.345035,37.007476],[126.349915,37.003764],[126.358541,37.012072],[126.357468,37.014384],[126.361238,37.006571],[126.364319,37.007047],[126.367079,37.013065],[126.369188,37.011269],[126.384524,37.012916],[126.407889,37.012028],[126.409783,37.016593],[126.40267,37.019104],[126.405465,37.023515],[126.415111,37.019795],[126.413149,37.014557],[126.426034,37.014801],[126.430635,37.013443],[126.431736,37.008352],[126.444642,37.007669],[126.452439,37.005152],[126.45528,36.998414],[126.46274,36.992983],[126.477979,36.968736],[126.486678,36.94385],[126.487049,36.934885],[126.479751,36.919026],[126.476784,36.905331],[126.489976,36.937503],[126.489876,36.945952],[126.483298,36.970128],[126.483401,36.978622],[126.486601,36.98281],[126.475046,37.002406],[126.462185,37.011037],[126.463843,37.012144],[126.453557,37.025601],[126.486248,37.051955],[126.482459,37.057003],[126.482813,37.062445],[126.490891,37.060288],[126.498302,37.065273],[126.508705,37.062725],[126.509769,37.06521],[126.512612,37.06421],[126.510099,37.064533],[126.509292,37.062549],[126.519534,37.059394],[126.519131,37.057514],[126.526612,37.052562],[126.529053,37.043708],[126.544071,37.035714],[126.550364,37.035275],[126.559559,37.037711],[126.560918,37.036595],[126.558874,37.034666],[126.560005,37.031537],[126.564039,37.028788],[126.598074,37.016818],[126.618836,37.004587],[126.639575,36.998091],[126.648113,36.999497],[126.683772,36.998207],[126.694991,37.000254],[126.701073,36.997859],[126.700113,36.995808],[126.704621,36.999549],[126.718576,36.992343],[126.734037,36.987786],[126.736715,36.988501],[126.740996,36.98486],[126.745599,36.985975],[126.763782,36.982405],[126.782533,36.975694],[126.783888,36.972407],[126.780337,36.967514],[126.796604,36.940231],[126.792078,36.937336],[126.802186,36.924504],[126.806613,36.93085],[126.81235,36.925159],[126.816601,36.896691],[126.827256,36.890049],[126.827324,36.878255],[126.822714,36.877314],[126.827953,36.875754],[126.831796,36.861958],[126.847122,36.862758],[126.847897,36.877446],[126.8529,36.882536],[126.861748,36.880205],[126.880644,36.88806],[126.911903,36.890413],[126.908749,36.904954],[126.91706,36.905359],[126.943234,36.917998],[126.972853,36.926215],[126.985325,36.932467],[126.995406,36.935517],[127.013693,36.934754],[127.031734,36.92834],[127.038151,36.932452],[127.048052,36.933498],[127.060639,36.939518],[127.071377,36.94004],[127.073935,36.938393],[127.086123,36.947805],[127.096006,36.942243],[127.097519,36.949812],[127.101802,36.953829],[127.096379,36.95571],[127.096463,36.959544],[127.111057,36.970883],[127.115816,36.971136],[127.131739,36.965025],[127.144301,36.971512],[127.153806,36.969419],[127.156771,36.967226],[127.155394,36.965717],[127.16505,36.962019],[127.176036,36.962071],[127.177667,36.95827],[127.187984,36.955239],[127.190112,36.952858],[127.201891,36.952115],[127.206828,36.946076],[127.205893,36.941782],[127.211666,36.937878],[127.210734,36.930407],[127.220208,36.930301],[127.22885,36.924386],[127.236093,36.923835],[127.237576,36.920649],[127.244018,36.917405],[127.25312,36.922264],[127.259133,36.91561],[127.271759,36.913309],[127.280331,36.904271],[127.279527,36.900241],[127.284818,36.895689],[127.295955,36.889665],[127.298956,36.889726],[127.303851,36.88574],[127.308078,36.885258],[127.311348,36.870181],[127.306008,36.863059],[127.307348,36.859667],[127.312327,36.857545],[127.318654,36.859019],[127.334308,36.856351],[127.336678,36.853758],[127.336724,36.84559],[127.333625,36.838935],[127.335193,36.836885],[127.333409,36.830662],[127.345973,36.828449],[127.350921,36.830163],[127.355838,36.828473],[127.357957,36.822125],[127.366581,36.816851],[127.382519,36.813431],[127.397684,36.7998],[127.401011,36.799091],[127.40179,36.795412],[127.396685,36.790069],[127.395433,36.782452],[127.399729,36.780583],[127.403426,36.774444],[127.412159,36.772218],[127.420797,36.759599],[127.417727,36.757004],[127.411972,36.757267],[127.411214,36.753317],[127.405651,36.750065],[127.404832,36.744909],[127.396893,36.746904],[127.392701,36.752621],[127.388932,36.753213],[127.387232,36.759468],[127.372322,36.758236],[127.369435,36.76148],[127.358826,36.760685],[127.353119,36.755945],[127.335752,36.752568],[127.334049,36.746975],[127.337202,36.744472],[127.338434,36.737475],[127.341212,36.737615],[127.339301,36.73024],[127.336858,36.729385],[127.328303,36.734555],[127.317234,36.724932],[127.309664,36.722787],[127.306916,36.711151],[127.308114,36.704937],[127.296732,36.697824],[127.2919,36.697237],[127.285626,36.690934],[127.277301,36.691431],[127.273513,36.695275],[127.265193,36.692143],[127.259669,36.692534],[127.252241,36.696745],[127.245809,36.695819],[127.236385,36.707185],[127.225154,36.710125],[127.223698,36.71556],[127.218089,36.71532],[127.20508,36.720326],[127.202922,36.726175],[127.192802,36.728823],[127.187845,36.72776],[127.183437,36.73033],[127.173811,36.728608],[127.171173,36.732057],[127.165784,36.733679],[127.160019,36.732466],[127.15693,36.726396],[127.152875,36.72831],[127.145054,36.717133],[127.140597,36.716354],[127.12771,36.708579],[127.136194,36.704839],[127.142469,36.691133],[127.141557,36.689751],[127.156456,36.690778],[127.157075,36.695478],[127.1614,36.690574],[127.164401,36.678341],[127.158387,36.673099],[127.154768,36.664865],[127.158964,36.661561],[127.159941,36.657345],[127.154208,36.652707],[127.153036,36.64504],[127.157946,36.635171],[127.156282,36.628627],[127.160238,36.624598],[127.15411,36.624537],[127.149964,36.619067],[127.155721,36.615726],[127.155595,36.606141],[127.167624,36.601565],[127.17254,36.596515],[127.180935,36.595863],[127.184308,36.591091],[127.190548,36.594082],[127.189246,36.586604],[127.192755,36.58086],[127.200502,36.582846],[127.207915,36.578732],[127.203739,36.572666],[127.203107,36.567454],[127.199201,36.564945],[127.193788,36.564813],[127.186755,36.552942],[127.191829,36.546036],[127.187008,36.545798],[127.185035,36.543663],[127.178673,36.545358],[127.174241,36.542189],[127.173018,36.533457],[127.18223,36.521464],[127.170277,36.511732],[127.170018,36.509038],[127.175995,36.505413],[127.177539,36.502425],[127.178187,36.49968],[127.173508,36.499274],[127.17324,36.497441],[127.176877,36.49253],[127.185446,36.493209],[127.194675,36.489594],[127.194822,36.484386],[127.190482,36.479471],[127.192017,36.474667],[127.197908,36.465967],[127.201086,36.466803],[127.203277,36.464978],[127.204733,36.45929],[127.198399,36.452207],[127.201817,36.446317],[127.20111,36.44125],[127.199087,36.440045],[127.217707,36.433738],[127.225115,36.42665],[127.226933,36.421221],[127.22878,36.422796],[127.231709,36.421945],[127.231925,36.419909],[127.242259,36.418616],[127.250796,36.406758],[127.259116,36.409108],[127.258646,36.414243],[127.262819,36.416735],[127.276113,36.413894],[127.282315,36.414537],[127.27859,36.397021],[127.278837,36.379891],[127.280989,36.374819],[127.277522,36.36521],[127.270837,36.360968],[127.272253,36.354233],[127.277866,36.348614],[127.275528,36.344724],[127.267163,36.338745],[127.268002,36.331523],[127.266002,36.328447],[127.259751,36.327211],[127.260376,36.321944],[127.257501,36.315393],[127.260201,36.301835],[127.25943,36.296854],[127.252017,36.296091],[127.247629,36.291647],[127.249459,36.28343],[127.256245,36.278005],[127.281007,36.265408],[127.29147,36.265335],[127.290882,36.262946],[127.282059,36.257794],[127.280028,36.252343],[127.281023,36.245827],[127.278078,36.244069],[127.279993,36.244081],[127.282993,36.236626],[127.291132,36.230268],[127.293763,36.223123],[127.303117,36.221715],[127.3038,36.228973],[127.314451,36.222418],[127.321505,36.213705],[127.320784,36.209664],[127.323192,36.203424],[127.328128,36.204054],[127.333452,36.200451],[127.330082,36.194439],[127.331426,36.184318],[127.333937,36.183271],[127.340658,36.189116],[127.343918,36.196729],[127.34748,36.197773],[127.346845,36.203302],[127.349712,36.208286],[127.353025,36.21182],[127.359455,36.213925],[127.360525,36.218499],[127.364718,36.219969],[127.360051,36.226794],[127.363046,36.232195],[127.361961,36.234038],[127.364629,36.247551],[127.363996,36.251649],[127.361368,36.25358],[127.359656,36.26267],[127.362712,36.269195],[127.371017,36.269936],[127.372409,36.272181],[127.384386,36.268386],[127.389703,36.264222],[127.390415,36.26079],[127.386394,36.250763],[127.387829,36.245945],[127.391117,36.242743],[127.387881,36.234473],[127.40057,36.231817],[127.404556,36.222719],[127.410872,36.217508],[127.408275,36.213056],[127.419501,36.207174],[127.42236,36.208295],[127.423852,36.206153],[127.429275,36.205343],[127.433489,36.199183],[127.442809,36.19406],[127.455727,36.200874],[127.45649,36.203747],[127.453253,36.206775],[127.459095,36.209777],[127.460117,36.212927],[127.469203,36.215476],[127.467521,36.223251],[127.476852,36.226127],[127.477829,36.229743],[127.489947,36.23377],[127.49062,36.237694],[127.508782,36.238819],[127.512069,36.241671],[127.517839,36.240515],[127.523951,36.246528],[127.533533,36.251316],[127.53663,36.251163],[127.53505,36.247491],[127.537896,36.242939],[127.549608,36.23884],[127.54662,36.230173],[127.561817,36.229976],[127.57041,36.232898],[127.583202,36.231362],[127.590741,36.222288],[127.597797,36.217413],[127.597094,36.212842],[127.599201,36.205735],[127.597887,36.200625],[127.592839,36.195155],[127.598122,36.184352],[127.59342,36.177179],[127.59935,36.172434],[127.601738,36.161587],[127.593629,36.152967],[127.590349,36.143284],[127.590203,36.13383],[127.603854,36.1171],[127.610068,36.11862],[127.613447,36.111725],[127.619569,36.109019],[127.617897,36.105119],[127.618317,36.093278],[127.632828,36.08149],[127.637715,36.067562],[127.624806,36.066847],[127.620795,36.063382],[127.61876,36.042195],[127.620862,36.04029],[127.630188,36.041272],[127.632117,36.035593],[127.638016,36.032661],[127.635072,36.03107],[127.62819,36.032175],[127.62765,36.027087],[127.624416,36.024654],[127.615979,36.026601],[127.610305,36.025139],[127.617489,36.0164],[127.618093,36.007575],[127.613057,36.001002],[127.611015,36.001853],[127.606672,36.010785],[127.599965,36.013085],[127.590995,36.025017],[127.582565,36.026705],[127.575565,36.022656],[127.566845,36.0307],[127.552609,36.032735],[127.547279,36.038028],[127.53165,36.041142],[127.531605,36.034858],[127.53792,36.032975],[127.539304,36.026007],[127.536289,36.021394],[127.54018,36.011734],[127.532312,36.008128],[127.536332,36.000697],[127.535813,35.99494],[127.524732,35.985569],[127.514111,35.983442],[127.508465,35.979898],[127.505816,35.980355],[127.501992,35.986447],[127.495454,35.986511],[127.487607,35.978015],[127.47585,35.980524],[127.468223,35.987744],[127.465208,35.988183],[127.463434,35.984409],[127.455975,35.983784],[127.448166,35.993448],[127.447906,35.999224],[127.444581,36.006846],[127.437408,36.009119],[127.435275,36.014205],[127.437296,36.02051],[127.434318,36.02435],[127.434667,36.027734],[127.426266,36.026467],[127.401145,36.007901],[127.396756,36.010067],[127.391864,36.017155],[127.383591,36.021801],[127.377831,36.022816],[127.379347,36.030405],[127.374379,36.034265],[127.373079,36.043524],[127.361143,36.053306],[127.360414,36.055998],[127.361752,36.058857],[127.360602,36.061068],[127.364552,36.065921],[127.363823,36.068613],[127.360295,36.068307],[127.359272,36.070572],[127.361734,36.076181],[127.357244,36.083156],[127.357163,36.086763],[127.360001,36.089507],[127.349663,36.095233],[127.347892,36.098388],[127.354972,36.10831],[127.353383,36.113406],[127.350935,36.116423],[127.344443,36.118073],[127.338482,36.130493],[127.322999,36.130086],[127.322882,36.125843],[127.314381,36.118635],[127.309064,36.123879],[127.302365,36.125448],[127.295888,36.120081],[127.294019,36.112532],[127.285259,36.112419],[127.274988,36.107741],[127.26428,36.109074],[127.257644,36.114156],[127.251612,36.112263],[127.250192,36.107411],[127.246082,36.104456],[127.246009,36.096574],[127.247296,36.093698],[127.257024,36.08747],[127.254055,36.083656],[127.243206,36.084809],[127.235367,36.093851],[127.225561,36.099222],[127.219358,36.096963],[127.21219,36.100611],[127.204968,36.100479],[127.203491,36.093937],[127.200498,36.091539],[127.201678,36.087477],[127.199329,36.086013],[127.195852,36.086021],[127.188844,36.092451],[127.181592,36.094565],[127.169205,36.08391],[127.153771,36.084786],[127.151252,36.089921],[127.149256,36.090306],[127.137163,36.086849],[127.133506,36.081339],[127.133623,36.069513],[127.131093,36.065785],[127.1229,36.063192],[127.101784,36.075702],[127.093611,36.075132],[127.089838,36.072421],[127.08806,36.075672],[127.081601,36.077923],[127.074533,36.084492],[127.071801,36.084357],[127.070164,36.087572],[127.061398,36.093487],[127.061106,36.104994],[127.05824,36.108245],[127.057785,36.116876],[127.060264,36.118914],[127.060792,36.125129],[127.058168,36.125098],[127.049577,36.132755],[127.051522,36.135181],[127.049762,36.142369],[127.044077,36.145189],[127.039593,36.142331],[127.039058,36.138869],[127.02366,36.136556],[127.020551,36.138119],[127.015658,36.148917],[127.012534,36.146156],[127.003447,36.149138],[127.000263,36.146825],[126.986301,36.145156],[126.968787,36.150721],[126.964141,36.155023],[126.956976,36.15642],[126.939159,36.15132],[126.923393,36.139332],[126.90492,36.143553],[126.892319,36.140728],[126.886737,36.135792],[126.872602,36.110876],[126.874899,36.091504],[126.874047,36.082665],[126.870119,36.069254],[126.863582,36.06057],[126.829703,36.046904],[126.810094,36.033965],[126.795592,36.030499],[126.772301,36.031278],[126.748682,36.023543],[126.734801,36.000851],[126.724139,36.00032],[126.701959,36.006467],[126.675596,36.008579],[126.670637,36.004884],[126.665804,36.004551],[126.66061,36.010924],[126.664017,36.019639],[126.66206,36.027062],[126.659012,36.028725],[126.666237,36.029705],[126.666866,36.032695],[126.661711,36.037561],[126.657552,36.04528],[126.649463,36.047112],[126.644103,36.055637],[126.632122,36.054865],[126.631996,36.073297],[126.629724,36.078504],[126.624508,36.080631],[126.620611,36.075884],[126.618397,36.077125],[126.619756,36.081576],[126.622045,36.081199],[126.62408,36.084487],[126.626166,36.085358],[126.627319,36.083346],[126.632848,36.081828],[126.645828,36.089206],[126.644404,36.093777],[126.640329,36.090722],[126.635458,36.093477],[126.630658,36.091394],[126.632365,36.096706],[126.631341,36.099511],[126.620398,36.102269],[126.617102,36.101975],[126.61394,36.096434],[126.611518,36.096096],[126.607282,36.099316],[126.606119,36.10926],[126.602641,36.110052],[126.599231,36.118762],[126.591685,36.127856],[126.570614,36.140644],[126.567761,36.138992],[126.567684,36.133414],[126.563048,36.134493],[126.559942,36.130066],[126.555675,36.128524],[126.553874,36.136739],[126.543446,36.14527],[126.532003,36.149888],[126.518124,36.151943],[126.506141,36.149125],[126.506386,36.147103],[126.501862,36.142078],[126.503806,36.129136],[126.498934,36.130506],[126.49309,36.137665],[126.493747,36.150723],[126.496566,36.153081],[126.494658,36.158653],[126.510949,36.160366],[126.519686,36.165526],[126.526959,36.176796],[126.523971,36.181826],[126.524052,36.185381],[126.531007,36.194678],[126.540721,36.191387],[126.566587,36.188923],[126.567412,36.194654],[126.564569,36.197739],[126.557854,36.198084],[126.551714,36.194712],[126.547511,36.197349],[126.538175,36.198668],[126.536499,36.200619],[126.538316,36.202192],[126.537947,36.209989],[126.532251,36.218613],[126.525882,36.219262],[126.529555,36.221571],[126.530558,36.225193],[126.530344,36.239327],[126.5367,36.245941],[126.538586,36.254802],[126.54228,36.256545],[126.540317,36.261013],[126.544163,36.260811],[126.54681,36.263495],[126.546419,36.268877],[126.540334,36.277935],[126.539212,36.275044],[126.534809,36.276493],[126.536454,36.278714],[126.539748,36.278807],[126.534397,36.286772],[126.525861,36.29804],[126.520657,36.298832],[126.519059,36.297368],[126.516583,36.299253],[126.514465,36.307934],[126.503017,36.323047],[126.505154,36.330876],[126.506815,36.328128],[126.515235,36.327432],[126.516258,36.332117],[126.524387,36.333186],[126.534172,36.338103],[126.543252,36.339024],[126.550935,36.347711],[126.561354,36.351599],[126.544991,36.354518],[126.526867,36.366248],[126.520677,36.372291],[126.515194,36.37406],[126.508581,36.380464],[126.502771,36.379837],[126.497579,36.382495],[126.484616,36.381471],[126.479422,36.384134],[126.482625,36.394056],[126.480648,36.396337],[126.48618,36.400456],[126.487854,36.412537],[126.49196,36.418664],[126.491937,36.422131],[126.496965,36.427006],[126.496989,36.431817],[126.494534,36.433917],[126.494529,36.439081],[126.491528,36.445403],[126.482496,36.452726],[126.483494,36.461417],[126.478501,36.468662],[126.473421,36.503253],[126.477315,36.510002],[126.488951,36.517746],[126.488219,36.519641],[126.484505,36.515818],[126.481262,36.516303],[126.468679,36.533041],[126.462139,36.538633],[126.458567,36.547262],[126.45416,36.551011],[126.453656,36.567232],[126.447634,36.586883],[126.452205,36.596412],[126.441742,36.599937],[126.452443,36.59709],[126.463633,36.597441],[126.478304,36.608379],[126.473829,36.617216],[126.456767,36.626288],[126.46591,36.643969],[126.467893,36.653953],[126.462706,36.6589],[126.461279,36.66457],[126.464241,36.672507],[126.462239,36.684453],[126.453481,36.693703],[126.451086,36.693618],[126.450703,36.684563],[126.441858,36.667046],[126.444082,36.636839],[126.433778,36.622278],[126.431271,36.611811],[126.423884,36.600275],[126.416888,36.598992],[126.410717,36.60257],[126.408724,36.607926],[126.394724,36.618392],[126.38675,36.617194],[126.379094,36.619375],[126.374696,36.616299],[126.364465,36.626852],[126.361821,36.635579],[126.360909,36.669099],[126.356864,36.673342],[126.348039,36.675668],[126.346097,36.721117],[126.344933,36.713213],[126.339811,36.700942],[126.339186,36.680669],[126.340557,36.668189],[126.344664,36.659946],[126.347034,36.648958],[126.347117,36.639265],[126.349615,36.632209],[126.360142,36.624828]]],[[[125.825536,36.658745],[125.822169,36.658526],[125.822285,36.660493],[125.825012,36.660897],[125.824104,36.659239],[125.825536,36.658745]]],[[[125.857835,36.66288],[125.854791,36.66508],[125.861698,36.665868],[125.860841,36.663237],[125.857835,36.66288]]],[[[126.036597,36.665712],[126.031917,36.666116],[126.032016,36.66714],[126.035079,36.669015],[126.036597,36.665712]]],[[[126.08038,36.676571],[126.081362,36.672036],[126.074104,36.670673],[126.071119,36.673481],[126.063881,36.669937],[126.059783,36.672577],[126.055786,36.667745],[126.050765,36.666512],[126.045683,36.670594],[126.062022,36.680285],[126.073564,36.679941],[126.082145,36.684016],[126.08303,36.686219],[126.080331,36.689114],[126.081899,36.692117],[126.087319,36.689571],[126.084078,36.684432],[126.088006,36.682244],[126.087542,36.679873],[126.08038,36.676571]]],[[[126.220643,36.68472],[126.218644,36.685577],[126.218668,36.685979],[126.220643,36.68472]]],[[[126.113138,36.703752],[126.112011,36.705508],[126.113203,36.706787],[126.115494,36.704665],[126.113138,36.703752]]],[[[126.116415,36.705039],[126.114691,36.706251],[126.116809,36.708155],[126.116415,36.705039]]],[[[125.948619,36.726672],[125.947461,36.722693],[125.9421,36.721394],[125.941654,36.72466],[125.948619,36.726672]]],[[[126.126666,36.749348],[126.124491,36.748391],[126.124683,36.75013],[126.125948,36.751072],[126.126666,36.749348]]],[[[126.157943,36.753391],[126.16005,36.751133],[126.160802,36.748667],[126.15879,36.74659],[126.156111,36.752413],[126.157943,36.753391]]],[[[126.146049,36.801742],[126.146794,36.800839],[126.141752,36.799753],[126.138075,36.802912],[126.139161,36.804319],[126.146049,36.801742]]],[[[126.315349,36.864094],[126.312199,36.860975],[126.306945,36.863933],[126.30781,36.865536],[126.313865,36.865736],[126.315349,36.864094]]],[[[126.252162,36.894585],[126.25464,36.893253],[126.250151,36.887415],[126.246449,36.891496],[126.252162,36.894585]]],[[[126.166784,36.927046],[126.167166,36.929207],[126.170249,36.930066],[126.17143,36.927483],[126.166784,36.927046]]],[[[126.31502,36.944463],[126.313016,36.943047],[126.313413,36.938914],[126.310373,36.936445],[126.306826,36.936838],[126.309412,36.94235],[126.31502,36.944463]]],[[[126.350879,36.308864],[126.348839,36.309561],[126.350115,36.311952],[126.352558,36.312166],[126.358682,36.309483],[126.350879,36.308864]]],[[[126.380158,36.326666],[126.381952,36.324198],[126.380844,36.323601],[126.37906,36.324592],[126.380158,36.326666]]],[[[126.31745,36.330737],[126.313174,36.334157],[126.317122,36.334773],[126.318557,36.335976],[126.317612,36.33811],[126.320333,36.339119],[126.325714,36.338242],[126.325786,36.336358],[126.31745,36.330737]]],[[[126.362632,36.327669],[126.359843,36.326426],[126.352545,36.330838],[126.347395,36.331218],[126.344493,36.32735],[126.339775,36.329309],[126.342787,36.332154],[126.340297,36.333863],[126.342305,36.336734],[126.351359,36.344148],[126.354121,36.352595],[126.35303,36.355849],[126.356387,36.356003],[126.361458,36.351955],[126.360853,36.341713],[126.370614,36.335709],[126.370204,36.33377],[126.36494,36.333355],[126.360623,36.329267],[126.362632,36.327669]]],[[[126.4464,36.366196],[126.461123,36.361322],[126.459005,36.354553],[126.444509,36.355173],[126.441901,36.357734],[126.432011,36.36105],[126.40803,36.363939],[126.39637,36.367483],[126.390869,36.365122],[126.38304,36.367312],[126.38468,36.380152],[126.391246,36.382162],[126.400271,36.381385],[126.422971,36.386026],[126.432865,36.386039],[126.4464,36.366196]]],[[[126.386687,36.383589],[126.38631,36.381479],[126.384404,36.382229],[126.386687,36.383589]]],[[[126.445283,36.390481],[126.44825,36.388639],[126.44861,36.384133],[126.456987,36.379399],[126.450305,36.376414],[126.439508,36.378674],[126.43846,36.387457],[126.445283,36.390481]]],[[[126.361054,36.391896],[126.364889,36.394422],[126.371292,36.390283],[126.367836,36.386835],[126.366981,36.379803],[126.368364,36.377981],[126.363316,36.378053],[126.361054,36.391896]]],[[[126.41172,36.387192],[126.410368,36.387708],[126.410443,36.38881],[126.412437,36.388962],[126.41172,36.387192]]],[[[126.430892,36.389478],[126.428439,36.388945],[126.428024,36.389581],[126.429513,36.390912],[126.430892,36.389478]]],[[[126.356451,36.39953],[126.351927,36.39709],[126.351912,36.393048],[126.343905,36.391321],[126.337706,36.377766],[126.332635,36.378188],[126.329968,36.38506],[126.32251,36.389403],[126.330708,36.393285],[126.329654,36.397616],[126.332785,36.400068],[126.333446,36.405332],[126.335605,36.406939],[126.342694,36.404143],[126.349101,36.40638],[126.355526,36.403951],[126.356451,36.39953]]],[[[126.465198,36.398456],[126.465114,36.397853],[126.463226,36.398758],[126.465198,36.398456]]],[[[126.429464,36.399183],[126.431034,36.400195],[126.436233,36.401475],[126.437765,36.400282],[126.430501,36.396578],[126.429464,36.399183]]],[[[126.458701,36.404204],[126.460656,36.401292],[126.457241,36.401716],[126.454095,36.404782],[126.455774,36.406397],[126.458701,36.404204]]],[[[126.440629,36.405883],[126.439765,36.403377],[126.435345,36.404932],[126.436355,36.408135],[126.440629,36.405883]]],[[[126.458249,36.411076],[126.458936,36.408068],[126.454993,36.409435],[126.455589,36.412194],[126.458249,36.411076]]],[[[126.467297,36.41192],[126.466312,36.410148],[126.46446,36.412077],[126.465052,36.413944],[126.467297,36.41192]]],[[[126.465267,36.417631],[126.464973,36.416457],[126.462547,36.419093],[126.463326,36.420439],[126.465267,36.417631]]],[[[126.428467,36.443729],[126.431784,36.438809],[126.433228,36.432212],[126.431219,36.430599],[126.435869,36.421114],[126.435399,36.418528],[126.427566,36.411675],[126.42805,36.4003],[126.426636,36.399181],[126.421833,36.399768],[126.417773,36.405509],[126.411916,36.40426],[126.410255,36.406513],[126.411511,36.411494],[126.406978,36.414009],[126.399786,36.411999],[126.396566,36.414106],[126.396259,36.418314],[126.391159,36.411838],[126.382032,36.418074],[126.379195,36.413787],[126.371634,36.410056],[126.366476,36.411889],[126.359402,36.416927],[126.357051,36.422732],[126.350812,36.423805],[126.351101,36.429525],[126.346457,36.435771],[126.364209,36.439427],[126.36364,36.440733],[126.353719,36.439483],[126.351246,36.441291],[126.343967,36.438152],[126.333822,36.437329],[126.330759,36.441488],[126.333358,36.445144],[126.333077,36.448892],[126.332141,36.455108],[126.329171,36.456509],[126.3285,36.459304],[126.333029,36.459329],[126.333165,36.466316],[126.330953,36.468384],[126.324124,36.468795],[126.330381,36.475696],[126.333798,36.491397],[126.333355,36.497693],[126.33005,36.502139],[126.331984,36.506989],[126.327758,36.511759],[126.324789,36.520342],[126.328298,36.526931],[126.32634,36.544077],[126.320942,36.558327],[126.316964,36.563848],[126.310042,36.568768],[126.310362,36.585176],[126.320217,36.587842],[126.323314,36.599055],[126.339976,36.608487],[126.342719,36.608418],[126.342798,36.605168],[126.347976,36.604696],[126.348179,36.611366],[126.354968,36.609986],[126.355315,36.611822],[126.360375,36.6131],[126.361997,36.610941],[126.37639,36.606015],[126.383364,36.607302],[126.391041,36.598213],[126.395926,36.595529],[126.398694,36.582344],[126.393639,36.567376],[126.38626,36.55884],[126.390681,36.550523],[126.392444,36.534072],[126.396642,36.519169],[126.42561,36.465629],[126.427013,36.45971],[126.424272,36.456841],[126.429505,36.45259],[126.430932,36.446942],[126.428467,36.443729]]],[[[126.436191,36.463963],[126.432236,36.460179],[126.431973,36.464027],[126.436191,36.463963]]],[[[126.329919,36.500259],[126.326347,36.499382],[126.327877,36.500397],[126.329919,36.500259]]],[[[126.326679,36.501964],[126.326892,36.50164],[126.324943,36.501133],[126.326679,36.501964]]],[[[126.442512,36.517203],[126.443359,36.516565],[126.439801,36.515819],[126.438,36.519033],[126.43932,36.520661],[126.442512,36.517203]]],[[[126.450134,36.538772],[126.449354,36.543192],[126.446674,36.545994],[126.450992,36.546168],[126.453518,36.541101],[126.451729,36.5365],[126.446073,36.53701],[126.446464,36.54043],[126.450134,36.538772]]],[[[126.361862,36.872927],[126.364271,36.871006],[126.362197,36.869698],[126.361862,36.872927]]],[[[126.386466,36.892256],[126.387494,36.889461],[126.382287,36.888423],[126.381014,36.892154],[126.386466,36.892256]]],[[[126.347932,36.90402],[126.340926,36.896039],[126.330228,36.90473],[126.323407,36.918402],[126.326576,36.91557],[126.333527,36.916384],[126.347932,36.90402]]],[[[126.353895,36.917645],[126.35041,36.91814],[126.351889,36.919568],[126.355541,36.918178],[126.353895,36.917645]]],[[[126.37354,36.916863],[126.371034,36.918446],[126.369175,36.922558],[126.370708,36.927025],[126.377443,36.92918],[126.382341,36.925491],[126.387291,36.924612],[126.388251,36.92283],[126.386541,36.919495],[126.37354,36.916863]]],[[[126.337036,36.934014],[126.340511,36.93282],[126.343473,36.924905],[126.337036,36.934014]]],[[[126.353739,36.932161],[126.358013,36.932653],[126.354996,36.929206],[126.352129,36.930669],[126.353739,36.932161]]],[[[126.336047,36.940153],[126.338131,36.93634],[126.337038,36.936743],[126.336047,36.940153]]],[[[126.348687,36.952458],[126.346036,36.950498],[126.345773,36.952719],[126.348687,36.952458]]],[[[126.454367,37.016614],[126.451973,37.014106],[126.450617,37.017012],[126.451987,37.019083],[126.454367,37.016614]]],[[[126.422036,37.025913],[126.426453,37.025557],[126.431801,37.022457],[126.431972,37.020441],[126.422429,37.023864],[126.422036,37.025913]]],[[[126.450811,37.024391],[126.451145,37.020549],[126.447649,37.023682],[126.448538,37.026031],[126.450811,37.024391]]],[[[126.371369,37.022726],[126.366697,37.021636],[126.370773,37.026104],[126.372523,37.024759],[126.371369,37.022726]]],[[[126.387153,37.026419],[126.38826,37.026278],[126.38667,37.02282],[126.383566,37.02259],[126.387153,37.026419]]],[[[126.447647,37.032123],[126.448265,37.030532],[126.445686,37.030362],[126.444012,37.033187],[126.447647,37.032123]]],[[[126.440634,37.03279],[126.441033,37.032165],[126.438198,37.031875],[126.438282,37.03371],[126.440634,37.03279]]],[[[126.440822,37.035495],[126.440173,37.038373],[126.45177,37.041742],[126.456546,37.040862],[126.452617,37.037389],[126.4534,37.032076],[126.44883,37.034666],[126.440822,37.035495]]],[[[126.456633,37.036633],[126.45567,37.036343],[126.455899,37.039048],[126.456633,37.036633]]],[[[126.439149,37.058002],[126.440715,37.06274],[126.44405,37.061695],[126.450574,37.054329],[126.445499,37.051011],[126.450272,37.048998],[126.450535,37.044481],[126.438118,37.042181],[126.43538,37.043503],[126.428041,37.039991],[126.420944,37.041359],[126.423463,37.044772],[126.420923,37.050091],[126.422312,37.054461],[126.418206,37.060001],[126.418846,37.063941],[126.428116,37.064868],[126.42857,37.0598],[126.43532,37.057378],[126.439149,37.058002]]],[[[126.606802,36.000217],[126.610217,35.994465],[126.601187,35.990772],[126.5999,35.994978],[126.606802,36.000217]]],[[[126.627042,36.000433],[126.625976,36.005367],[126.63058,36.005169],[126.633657,36.001381],[126.627042,36.000433]]],[[[126.624757,36.006478],[126.621225,36.006741],[126.622713,36.007481],[126.624757,36.006478]]],[[[126.615123,36.06798],[126.617589,36.066239],[126.614429,36.06424],[126.613239,36.064606],[126.615123,36.06798]]],[[[126.549539,36.128068],[126.552889,36.129633],[126.553547,36.125135],[126.550271,36.123948],[126.549539,36.128068]]],[[[126.50617,36.210951],[126.50376,36.212125],[126.504617,36.214292],[126.507721,36.213988],[126.50617,36.210951]]],[[[126.518871,36.214349],[126.516492,36.21616],[126.517811,36.217482],[126.522168,36.216351],[126.518871,36.214349]]],[[[126.529221,36.241556],[126.528491,36.237231],[126.52754,36.237611],[126.527263,36.24102],[126.529221,36.241556]]],[[[126.519301,36.240865],[126.516944,36.242321],[126.518681,36.245597],[126.524651,36.246135],[126.519301,36.240865]]],[[[126.470827,36.409798],[126.466357,36.407726],[126.466538,36.409696],[126.469443,36.411384],[126.470827,36.409798]]],[[[126.804574,36.94604],[126.80633,36.947544],[126.812008,36.944111],[126.809602,36.940829],[126.805998,36.941662],[126.804574,36.94604]]],[[[126.820626,36.944845],[126.821203,36.942335],[126.81856,36.94433],[126.818842,36.946323],[126.820626,36.944845]]],[[[126.835474,36.945036],[126.838179,36.945682],[126.841809,36.940578],[126.832029,36.938909],[126.824034,36.952974],[126.823851,36.957436],[126.825837,36.958612],[126.835474,36.945036]]]]}},{"type":"Feature","properties":{"code":"47","name":"경상북도","full_name":"경상북도","sido_code":"47","sgg_code":"47111","admin_level":"sido","source":"vuski/admdongkor","source_version":"ver20260701"},"geometry":{"type":"MultiPolygon","coordinates":[[[[128.154775,35.786494],[128.139486,35.784063],[128.135517,35.784648],[128.128806,35.789375],[128.128495,35.794315],[128.121687,35.803567],[128.125266,35.822761],[128.122273,35.822449],[128.117859,35.825786],[128.108708,35.823905],[128.103454,35.828952],[128.095737,35.832573],[128.090675,35.830814],[128.084231,35.83699],[128.070408,35.840687],[128.061455,35.834488],[128.053249,35.83279],[128.050839,35.82926],[128.030998,35.835753],[128.011059,35.829084],[128.004502,35.835418],[127.997407,35.837755],[127.985366,35.857391],[127.981814,35.858904],[127.973268,35.850812],[127.96346,35.854987],[127.959214,35.86013],[127.950835,35.861254],[127.942341,35.854308],[127.929518,35.856388],[127.926145,35.855386],[127.927423,35.858323],[127.931927,35.85921],[127.933174,35.864204],[127.929507,35.871442],[127.930496,35.878161],[127.928116,35.881141],[127.923281,35.882191],[127.918871,35.889586],[127.920247,35.892855],[127.893297,35.886589],[127.89039,35.890692],[127.884862,35.893015],[127.883055,35.899286],[127.884588,35.905154],[127.888916,35.910065],[127.88761,35.914579],[127.882621,35.918787],[127.883791,35.923767],[127.88251,35.928824],[127.906464,35.940567],[127.911467,35.94945],[127.904019,35.954518],[127.900394,35.966886],[127.896508,35.972043],[127.89624,35.977906],[127.889596,35.979526],[127.893739,35.984468],[127.89303,35.987081],[127.886702,35.992108],[127.875815,35.996723],[127.876002,35.999379],[127.878818,36.001311],[127.875375,36.014889],[127.876926,36.022442],[127.882993,36.027218],[127.885423,36.036024],[127.88798,36.0348],[127.903554,36.038967],[127.906153,36.046092],[127.917062,36.054403],[127.926139,36.053257],[127.931669,36.050223],[127.935861,36.050664],[127.94664,36.056627],[127.952767,36.065811],[127.961386,36.068389],[127.961746,36.082805],[127.958705,36.08778],[127.957836,36.094888],[127.962917,36.096247],[127.968567,36.10722],[127.966478,36.118492],[127.977139,36.121966],[127.987032,36.128699],[127.988805,36.132923],[127.987332,36.147385],[127.996854,36.155216],[127.990457,36.159216],[127.989601,36.16475],[127.983466,36.169772],[127.984255,36.178188],[127.981011,36.17986],[127.975788,36.187396],[127.976517,36.192348],[127.981788,36.195805],[127.982536,36.198549],[127.986017,36.200402],[127.993272,36.200276],[127.997534,36.206056],[128.013517,36.209133],[128.026299,36.205682],[128.038354,36.193999],[128.052521,36.200889],[128.06296,36.199221],[128.050688,36.205918],[128.049837,36.21632],[128.042429,36.217267],[128.039304,36.221689],[128.039327,36.229143],[128.033176,36.233544],[128.030048,36.240308],[128.035449,36.243393],[128.039611,36.251002],[128.044224,36.252199],[128.048026,36.257139],[128.032833,36.261876],[128.026234,36.267867],[128.015609,36.268037],[128.009389,36.27205],[128.000558,36.266374],[127.996765,36.268082],[127.991447,36.265424],[127.98217,36.264197],[127.976889,36.258885],[127.978957,36.254053],[127.970854,36.250434],[127.960234,36.252432],[127.954469,36.257194],[127.949188,36.256598],[127.947302,36.267231],[127.942579,36.266937],[127.937948,36.269129],[127.930914,36.278215],[127.914799,36.28009],[127.907047,36.286081],[127.905092,36.302379],[127.890275,36.289869],[127.887984,36.280099],[127.883712,36.27316],[127.86053,36.277689],[127.850975,36.274448],[127.849398,36.28891],[127.845902,36.294058],[127.847199,36.300646],[127.841426,36.310451],[127.846098,36.318287],[127.850658,36.320612],[127.853152,36.331726],[127.856298,36.331072],[127.86185,36.336063],[127.867472,36.336412],[127.870529,36.341226],[127.869774,36.343565],[127.875023,36.345495],[127.881446,36.344865],[127.885942,36.354602],[127.890804,36.356705],[127.891327,36.359552],[127.886288,36.363933],[127.883504,36.370686],[127.879632,36.371507],[127.882903,36.37384],[127.884291,36.379789],[127.879233,36.383251],[127.876016,36.390746],[127.86238,36.392571],[127.865647,36.394839],[127.863629,36.403082],[127.869668,36.403572],[127.873123,36.405874],[127.875992,36.414793],[127.882637,36.421741],[127.880411,36.427643],[127.875336,36.428458],[127.873028,36.441707],[127.874885,36.448572],[127.877782,36.449989],[127.882402,36.460999],[127.878378,36.467092],[127.881784,36.477896],[127.880677,36.480718],[127.875233,36.483192],[127.876095,36.488368],[127.878729,36.489491],[127.880466,36.493271],[127.888479,36.493105],[127.906721,36.507847],[127.902242,36.512714],[127.903076,36.517235],[127.900638,36.52472],[127.90193,36.528173],[127.873679,36.537834],[127.87374,36.541188],[127.870677,36.543104],[127.873413,36.555907],[127.867817,36.56327],[127.852839,36.571584],[127.843204,36.569687],[127.83013,36.574402],[127.823875,36.570802],[127.815918,36.57804],[127.80465,36.581662],[127.800198,36.585515],[127.797019,36.594762],[127.798408,36.602281],[127.806512,36.603152],[127.814834,36.608764],[127.819449,36.608168],[127.822791,36.612441],[127.827463,36.611026],[127.832211,36.612303],[127.840543,36.608337],[127.849612,36.612767],[127.859057,36.613242],[127.856728,36.617956],[127.85108,36.618922],[127.847475,36.624887],[127.848005,36.633362],[127.862067,36.634358],[127.864465,36.639875],[127.870551,36.643939],[127.874071,36.655386],[127.879781,36.657563],[127.882347,36.646224],[127.889145,36.640279],[127.88989,36.636864],[127.88802,36.635003],[127.889413,36.62946],[127.896265,36.6265],[127.903843,36.627718],[127.909728,36.62573],[127.916432,36.611212],[127.915533,36.60625],[127.920435,36.603649],[127.923868,36.605238],[127.924914,36.615482],[127.933109,36.619032],[127.932167,36.624572],[127.935967,36.633625],[127.934899,36.639681],[127.935812,36.643377],[127.93961,36.646916],[127.9384,36.65108],[127.931508,36.653619],[127.932319,36.665152],[127.92564,36.669201],[127.918477,36.667992],[127.91293,36.677745],[127.906706,36.680209],[127.892039,36.682307],[127.88771,36.678884],[127.879238,36.678427],[127.877034,36.679634],[127.877297,36.682239],[127.885513,36.687798],[127.887352,36.69131],[127.895962,36.694246],[127.907435,36.69265],[127.915372,36.694004],[127.928602,36.690367],[127.931565,36.693364],[127.931667,36.706325],[127.942324,36.706188],[127.946344,36.704433],[127.949116,36.705957],[127.948024,36.717801],[127.952059,36.719633],[127.955774,36.731453],[127.960773,36.736778],[127.97092,36.730584],[127.973341,36.725639],[127.980436,36.719963],[127.9868,36.717499],[128.002617,36.716631],[128.008414,36.727769],[128.014139,36.730064],[128.014789,36.727766],[128.022222,36.725872],[128.026105,36.7191],[128.031714,36.719051],[128.048768,36.707545],[128.071325,36.707293],[128.073956,36.711648],[128.068951,36.721666],[128.058907,36.729691],[128.055642,36.728711],[128.051557,36.736102],[128.043763,36.738069],[128.032377,36.747969],[128.032147,36.754642],[128.044424,36.771246],[128.046478,36.779986],[128.044562,36.784569],[128.048753,36.786243],[128.055735,36.794528],[128.056349,36.79897],[128.054229,36.804898],[128.057561,36.807051],[128.059147,36.816685],[128.06535,36.816774],[128.071357,36.813655],[128.084224,36.804042],[128.084,36.799449],[128.091881,36.796456],[128.092567,36.802847],[128.100815,36.805828],[128.105785,36.804828],[128.112233,36.818892],[128.118148,36.822323],[128.129311,36.824559],[128.132973,36.827247],[128.133656,36.832217],[128.135956,36.834073],[128.144926,36.832414],[128.146456,36.829419],[128.164131,36.820123],[128.175872,36.821186],[128.182704,36.818096],[128.192196,36.817928],[128.209949,36.81319],[128.216988,36.81305],[128.218504,36.815382],[128.21778,36.820595],[128.212831,36.839401],[128.21382,36.850005],[128.221381,36.847353],[128.236822,36.84812],[128.23783,36.851069],[128.234353,36.854035],[128.234008,36.862653],[128.239031,36.865203],[128.24192,36.872795],[128.247292,36.86887],[128.264049,36.864225],[128.27645,36.857249],[128.282011,36.856628],[128.286781,36.844765],[128.296529,36.834497],[128.303699,36.8315],[128.305447,36.828504],[128.310836,36.828512],[128.316079,36.822675],[128.316571,36.81664],[128.323483,36.815413],[128.334725,36.816855],[128.352179,36.810543],[128.356395,36.804104],[128.362644,36.800513],[128.366944,36.800474],[128.373534,36.807593],[128.38398,36.814467],[128.394058,36.815395],[128.405376,36.81192],[128.420646,36.811416],[128.431746,36.824261],[128.434342,36.834078],[128.441399,36.837658],[128.448974,36.848074],[128.447137,36.854583],[128.447983,36.864583],[128.438743,36.87324],[128.424407,36.876471],[128.42758,36.882518],[128.426953,36.889307],[128.440234,36.901523],[128.444861,36.913815],[128.445397,36.917815],[128.443122,36.920155],[128.441868,36.9279],[128.460202,36.934006],[128.463242,36.947446],[128.467794,36.951814],[128.476557,36.957408],[128.484963,36.957462],[128.485944,36.962005],[128.506702,36.970194],[128.506845,36.972001],[128.513629,36.976811],[128.514491,36.98681],[128.529147,36.990734],[128.538086,36.990761],[128.55471,36.998235],[128.556045,37.005501],[128.562904,37.007957],[128.571307,37.015982],[128.57292,37.021673],[128.567176,37.026184],[128.565163,37.030867],[128.567669,37.034141],[128.571831,37.036077],[128.577114,37.035639],[128.583639,37.043889],[128.593207,37.042223],[128.606788,37.043396],[128.608629,37.052586],[128.619266,37.04955],[128.630508,37.038956],[128.637585,37.051417],[128.641813,37.054899],[128.644616,37.061926],[128.653235,37.065338],[128.656001,37.064419],[128.657489,37.061081],[128.67541,37.05877],[128.683886,37.051567],[128.689267,37.053034],[128.700434,37.041059],[128.708938,37.03923],[128.712476,37.042525],[128.718603,37.04396],[128.734277,37.040281],[128.751365,37.028323],[128.762089,37.036693],[128.760841,37.04347],[128.752002,37.056398],[128.757068,37.070055],[128.765013,37.063994],[128.768529,37.068468],[128.770061,37.074989],[128.77809,37.079194],[128.777523,37.083042],[128.773222,37.087351],[128.779778,37.092317],[128.785062,37.08772],[128.802873,37.085355],[128.80859,37.077535],[128.826976,37.078101],[128.832222,37.075771],[128.831965,37.067992],[128.836184,37.066389],[128.847799,37.051538],[128.863645,37.049167],[128.872735,37.044589],[128.875632,37.044853],[128.878323,37.053583],[128.885824,37.050793],[128.888728,37.047134],[128.896165,37.044898],[128.89611,37.055664],[128.909729,37.066867],[128.909954,37.071343],[128.91727,37.079929],[128.916715,37.084871],[128.922324,37.092069],[128.930109,37.091935],[128.943793,37.095246],[128.953294,37.084867],[128.953612,37.080993],[128.95978,37.077505],[128.969555,37.082132],[128.993102,37.084556],[128.995216,37.081223],[129.00926,37.078117],[129.014517,37.079091],[129.019679,37.076181],[129.034312,37.07576],[129.050289,37.068417],[129.054579,37.069589],[129.0577,37.067481],[129.058071,37.064574],[129.065138,37.069063],[129.0678,37.074477],[129.065763,37.078631],[129.070936,37.084181],[129.070001,37.087355],[129.072936,37.090876],[129.095796,37.100461],[129.104258,37.098292],[129.108589,37.093523],[129.12367,37.091176],[129.127443,37.088941],[129.128078,37.084215],[129.134593,37.081349],[129.142299,37.081143],[129.14375,37.076945],[129.153126,37.073656],[129.155812,37.06918],[129.166442,37.069469],[129.170971,37.060069],[129.176099,37.057621],[129.183698,37.049276],[129.186487,37.041607],[129.194575,37.040573],[129.195779,37.04249],[129.204993,37.044863],[129.213548,37.042729],[129.225089,37.044537],[129.238057,37.038816],[129.238368,37.040664],[129.233164,37.044119],[129.233029,37.049853],[129.228912,37.056922],[129.233223,37.064196],[129.231013,37.06929],[129.225584,37.073403],[129.24126,37.085732],[129.249632,37.095883],[129.266104,37.102348],[129.269714,37.107462],[129.271959,37.116993],[129.276792,37.118693],[129.294461,37.114406],[129.295151,37.120287],[129.298187,37.124539],[129.304754,37.128092],[129.309835,37.128575],[129.311997,37.131911],[129.320756,37.13585],[129.324539,37.141654],[129.333515,37.141739],[129.347758,37.146544],[129.366529,37.145032],[129.373363,37.135208],[129.3737,37.125004],[129.378646,37.120269],[129.381518,37.120165],[129.376365,37.110257],[129.379563,37.100242],[129.396086,37.084042],[129.427195,37.064047],[129.427646,37.05991],[129.430078,37.0584],[129.428283,37.055323],[129.420691,37.052812],[129.426077,37.055701],[129.424328,37.057941],[129.415494,37.054269],[129.413272,37.046232],[129.415761,37.035456],[129.410163,37.030625],[129.410426,37.02408],[129.419138,37.006197],[129.417344,36.997519],[129.420003,36.993107],[129.414691,36.98911],[129.408936,36.98009],[129.419869,36.951262],[129.418742,36.948116],[129.421656,36.940299],[129.421283,36.935997],[129.417876,36.930711],[129.420323,36.923119],[129.419041,36.917567],[129.416254,36.916863],[129.415908,36.909397],[129.420952,36.898398],[129.415453,36.888964],[129.421346,36.875647],[129.420185,36.868004],[129.427556,36.85073],[129.446382,36.832371],[129.445989,36.826856],[129.457438,36.815411],[129.458078,36.802879],[129.46316,36.796396],[129.463063,36.788492],[129.478994,36.767925],[129.476481,36.763597],[129.469606,36.760346],[129.467871,36.757482],[129.469349,36.748306],[129.476111,36.73504],[129.47804,36.72705],[129.472296,36.722567],[129.476121,36.711362],[129.474962,36.705942],[129.476728,36.69962],[129.468954,36.694168],[129.467713,36.689564],[129.470518,36.685878],[129.466013,36.687984],[129.464361,36.682859],[129.465616,36.68013],[129.463169,36.677608],[129.456871,36.68127],[129.445503,36.676655],[129.437407,36.669763],[129.43143,36.65857],[129.428937,36.648958],[129.417794,36.639369],[129.417228,36.630482],[129.412196,36.622433],[129.41624,36.602385],[129.415402,36.598542],[129.412908,36.599823],[129.410882,36.597657],[129.413162,36.584544],[129.421539,36.571175],[129.440699,36.551822],[129.440305,36.533724],[129.444834,36.519029],[129.444186,36.512262],[129.450141,36.512684],[129.447141,36.508288],[129.453064,36.50971],[129.453516,36.508112],[129.452574,36.506137],[129.447065,36.504208],[129.445237,36.488707],[129.433396,36.481222],[129.4333,36.47517],[129.437018,36.469711],[129.438016,36.46292],[129.435536,36.45327],[129.436954,36.447024],[129.433469,36.440484],[129.43638,36.427021],[129.431364,36.416077],[129.430591,36.409588],[129.427031,36.405165],[129.425174,36.405634],[129.41366,36.389956],[129.408445,36.388007],[129.407982,36.38152],[129.39588,36.365841],[129.393729,36.357787],[129.389364,36.356756],[129.389756,36.347594],[129.38741,36.342927],[129.384385,36.341689],[129.383509,36.336237],[129.379533,36.333015],[129.382759,36.3229],[129.37979,36.318095],[129.380297,36.308461],[129.377576,36.306672],[129.380144,36.293914],[129.3796,36.290625],[129.375444,36.289863],[129.374896,36.287897],[129.378229,36.278396],[129.381587,36.274869],[129.376009,36.269633],[129.375652,36.260483],[129.373163,36.254615],[129.377505,36.247116],[129.385861,36.23905],[129.381391,36.229916],[129.384031,36.224804],[129.38673,36.223445],[129.384311,36.212342],[129.372583,36.207113],[129.373132,36.195543],[129.382408,36.185773],[129.386672,36.183947],[129.390645,36.184842],[129.393628,36.181507],[129.395282,36.172644],[129.399809,36.164608],[129.398166,36.156989],[129.400564,36.15376],[129.395126,36.141509],[129.397747,36.134893],[129.425836,36.113713],[129.430734,36.112911],[129.431131,36.114259],[129.437666,36.11429],[129.441018,36.112908],[129.432663,36.114068],[129.432594,36.11102],[129.440857,36.110872],[129.440729,36.099978],[129.437114,36.100325],[129.436623,36.09613],[129.432774,36.096132],[129.432786,36.099558],[129.430792,36.099826],[129.422071,36.089972],[129.418593,36.088547],[129.417037,36.08258],[129.420242,36.076615],[129.418317,36.073689],[129.404467,36.07117],[129.396268,36.063399],[129.389792,36.06244],[129.386113,36.064149],[129.382891,36.062361],[129.379767,36.05846],[129.378291,36.052391],[129.381676,36.050799],[129.385144,36.045924],[129.381224,36.050373],[129.376102,36.05177],[129.372963,36.05063],[129.37622,36.05003],[129.377351,36.041398],[129.38405,36.029819],[129.388647,36.031746],[129.394089,36.026064],[129.408171,36.029583],[129.400747,36.021109],[129.396632,36.020429],[129.391682,36.012085],[129.394461,36.010776],[129.398458,36.014237],[129.404906,36.014435],[129.406829,36.013688],[129.404537,36.01112],[129.407495,36.009099],[129.409724,36.010747],[129.409975,36.014986],[129.411676,36.015001],[129.41196,36.01233],[129.416879,36.012281],[129.416314,36.005707],[129.421413,36.001222],[129.447941,35.991566],[129.456357,35.993392],[129.457563,35.997742],[129.455528,36.000098],[129.473949,36.013124],[129.493184,36.018948],[129.495263,36.023864],[129.502905,36.025658],[129.504106,36.036724],[129.5156,36.044388],[129.525101,36.057945],[129.533221,36.057637],[129.533733,36.061945],[129.540471,36.067689],[129.540668,36.072949],[129.545314,36.076139],[129.545715,36.083779],[129.547422,36.085362],[129.551983,36.084423],[129.555542,36.086088],[129.559162,36.08364],[129.561955,36.078303],[129.569732,36.079066],[129.570419,36.073286],[129.568622,36.068639],[129.57303,36.066086],[129.576634,36.057746],[129.577258,36.049116],[129.582178,36.0483],[129.583677,36.046171],[129.578839,36.0397],[129.581585,36.037085],[129.577234,36.033763],[129.57823,36.032337],[129.581709,36.032951],[129.582284,36.02878],[129.577467,36.026514],[129.577251,36.024672],[129.584859,36.016529],[129.577751,36.011766],[129.57539,36.004148],[129.566804,35.997097],[129.568488,35.991607],[129.567433,35.989715],[129.56114,35.989194],[129.557866,35.985424],[129.560047,35.990328],[129.556407,35.990696],[129.552778,35.987175],[129.55416,35.982982],[129.557785,35.982905],[129.559725,35.984965],[129.556342,35.980569],[129.551814,35.978577],[129.554619,35.968752],[129.547401,35.964332],[129.550324,35.961841],[129.549619,35.958427],[129.539805,35.94916],[129.534332,35.938357],[129.529385,35.934049],[129.531121,35.931865],[129.524194,35.933685],[129.518896,35.92716],[129.51909,35.920112],[129.523733,35.916801],[129.526515,35.907018],[129.537593,35.899709],[129.525895,35.895853],[129.525656,35.88833],[129.531403,35.886086],[129.528664,35.882065],[129.528204,35.877265],[129.527016,35.880975],[129.520501,35.881425],[129.519209,35.874581],[129.519994,35.872691],[129.535721,35.870997],[129.534519,35.868239],[129.527689,35.863574],[129.524961,35.852612],[129.521511,35.850373],[129.518524,35.843315],[129.520788,35.837569],[129.514696,35.833433],[129.51003,35.824709],[129.510928,35.819642],[129.514265,35.816703],[129.510386,35.81158],[129.513187,35.807922],[129.511995,35.806278],[129.506225,35.808668],[129.503854,35.807413],[129.503436,35.80477],[129.507089,35.805878],[129.503416,35.801143],[129.499514,35.799602],[129.501391,35.793036],[129.498295,35.790336],[129.494134,35.791466],[129.492132,35.7889],[129.492898,35.780613],[129.496872,35.773534],[129.494388,35.769869],[129.49427,35.759947],[129.491629,35.759454],[129.493435,35.751656],[129.484725,35.743422],[129.485676,35.728876],[129.479288,35.717336],[129.47983,35.712403],[129.4745,35.708546],[129.473054,35.703448],[129.477705,35.690639],[129.475169,35.689749],[129.475731,35.685737],[129.472548,35.680254],[129.465428,35.676953],[129.465094,35.666296],[129.460062,35.664762],[129.457992,35.66629],[129.454572,35.663899],[129.450008,35.650948],[129.442843,35.654375],[129.437417,35.654516],[129.435177,35.652185],[129.432732,35.656644],[129.428388,35.655936],[129.412859,35.663968],[129.403426,35.662919],[129.399932,35.667544],[129.381218,35.671056],[129.373473,35.669836],[129.364551,35.678768],[129.353888,35.679553],[129.341619,35.67083],[129.330503,35.665743],[129.323994,35.65921],[129.318789,35.658414],[129.310826,35.660254],[129.30357,35.656969],[129.302772,35.648319],[129.29507,35.644373],[129.284431,35.651494],[129.282191,35.649478],[129.275876,35.652787],[129.2695,35.651044],[129.260239,35.654418],[129.255174,35.660339],[129.254178,35.666044],[129.259814,35.673031],[129.260859,35.679394],[129.258604,35.683426],[129.26224,35.685792],[129.262694,35.691445],[129.256036,35.700785],[129.234063,35.703583],[129.23254,35.708072],[129.226692,35.708323],[129.214052,35.715247],[129.207235,35.721508],[129.202077,35.718709],[129.200603,35.715796],[129.197646,35.715794],[129.181517,35.723139],[129.176857,35.715531],[129.16064,35.71488],[129.154372,35.721712],[129.14572,35.724698],[129.138534,35.720879],[129.140038,35.718079],[129.135245,35.71193],[129.126652,35.714455],[129.123276,35.70748],[129.112083,35.707945],[129.088566,35.702017],[129.077429,35.693025],[129.069485,35.680729],[129.073192,35.677735],[129.067569,35.671242],[129.069474,35.669109],[129.067609,35.661799],[129.068416,35.658278],[129.07971,35.649489],[129.081206,35.643432],[129.074132,35.640085],[129.064328,35.646246],[129.047312,35.650147],[129.043922,35.641446],[129.037053,35.632217],[129.027135,35.63635],[129.020531,35.635352],[129.017572,35.630914],[129.007734,35.626807],[129.001374,35.617803],[128.985922,35.607918],[128.979118,35.608308],[128.970787,35.614335],[128.959876,35.615353],[128.960249,35.619333],[128.949068,35.628682],[128.940946,35.633071],[128.924154,35.636938],[128.92329,35.646621],[128.920309,35.647083],[128.914937,35.645412],[128.911762,35.637913],[128.898205,35.63182],[128.885482,35.629838],[128.882567,35.634719],[128.874723,35.634903],[128.872924,35.632765],[128.871101,35.618176],[128.867703,35.616062],[128.864491,35.609229],[128.858348,35.606044],[128.851706,35.594604],[128.843012,35.589084],[128.834245,35.597206],[128.826187,35.596697],[128.811613,35.589527],[128.801193,35.588204],[128.796907,35.57453],[128.786308,35.565942],[128.768085,35.570508],[128.766346,35.568241],[128.757427,35.567675],[128.737799,35.576083],[128.731082,35.576207],[128.724049,35.580975],[128.716273,35.578317],[128.703268,35.578526],[128.695906,35.583255],[128.691276,35.594421],[128.689318,35.595016],[128.672456,35.595853],[128.664916,35.594316],[128.655331,35.598],[128.643626,35.59235],[128.635989,35.584088],[128.631092,35.586658],[128.606849,35.580424],[128.585274,35.586016],[128.574263,35.592214],[128.572641,35.59712],[128.567697,35.599415],[128.567467,35.601221],[128.559685,35.603254],[128.558049,35.614942],[128.556343,35.616627],[128.550485,35.617015],[128.536503,35.623654],[128.535803,35.627329],[128.538224,35.631968],[128.534718,35.643799],[128.538313,35.655043],[128.53671,35.661244],[128.530851,35.662725],[128.526378,35.6742],[128.528467,35.679483],[128.526414,35.68238],[128.533488,35.682077],[128.531406,35.687947],[128.535136,35.69402],[128.531518,35.696734],[128.532408,35.705489],[128.527144,35.713612],[128.543886,35.719143],[128.5485,35.723844],[128.56083,35.729544],[128.564332,35.736284],[128.570908,35.734264],[128.580119,35.739096],[128.589407,35.731849],[128.596175,35.737085],[128.608815,35.739075],[128.616662,35.737117],[128.614475,35.732997],[128.615403,35.730441],[128.610212,35.7255],[128.617188,35.717841],[128.614044,35.71427],[128.613984,35.710505],[128.622543,35.70347],[128.630969,35.707038],[128.637834,35.705845],[128.643611,35.707233],[128.661186,35.720071],[128.670758,35.718925],[128.673822,35.721157],[128.683267,35.721494],[128.683016,35.725511],[128.691786,35.732326],[128.688668,35.737535],[128.694379,35.743881],[128.692615,35.748018],[128.696189,35.756586],[128.692474,35.759931],[128.691887,35.765184],[128.688713,35.769398],[128.686159,35.769489],[128.687076,35.776522],[128.681722,35.78367],[128.682581,35.789901],[128.68906,35.792333],[128.69297,35.796537],[128.696946,35.794151],[128.699989,35.79513],[128.710704,35.804871],[128.717688,35.806714],[128.708574,35.825622],[128.718194,35.835333],[128.725105,35.836126],[128.725291,35.853524],[128.721508,35.856282],[128.724959,35.857824],[128.73829,35.850756],[128.746389,35.856466],[128.75162,35.857548],[128.753935,35.864024],[128.760044,35.865457],[128.758578,35.87055],[128.76067,35.873944],[128.758225,35.878195],[128.761938,35.883218],[128.761776,35.886015],[128.757652,35.895772],[128.75697,35.902528],[128.757426,35.905068],[128.760445,35.906984],[128.756428,35.915048],[128.744461,35.921915],[128.737846,35.929485],[128.745566,35.944371],[128.741792,35.947966],[128.73903,35.955325],[128.745624,35.967907],[128.745703,35.973105],[128.73848,35.976544],[128.736386,35.981576],[128.73282,35.982901],[128.731385,35.987133],[128.735163,35.992904],[128.732002,35.99709],[128.728973,35.997753],[128.728978,36.001543],[128.725719,36.004698],[128.718758,36.008065],[128.70052,36.011205],[128.695246,36.016297],[128.701074,36.02751],[128.700085,36.031886],[128.696845,36.035368],[128.704052,36.043817],[128.704562,36.050184],[128.702564,36.055662],[128.709214,36.064101],[128.711393,36.073653],[128.714092,36.075606],[128.721618,36.073182],[128.724758,36.074326],[128.72942,36.081083],[128.727654,36.086525],[128.724657,36.088457],[128.725203,36.090378],[128.7417,36.100519],[128.743937,36.10284],[128.745091,36.10915],[128.751724,36.10353],[128.752061,36.092889],[128.753727,36.091746],[128.764945,36.1006],[128.768441,36.099529],[128.770643,36.09524],[128.779557,36.093839],[128.791023,36.086727],[128.795637,36.086935],[128.798466,36.08497],[128.810651,36.08887],[128.816365,36.092279],[128.8183,36.097618],[128.822038,36.100421],[128.835685,36.105826],[128.837825,36.11288],[128.85017,36.118874],[128.853074,36.128403],[128.850573,36.137566],[128.858895,36.145211],[128.868386,36.145148],[128.876328,36.142351],[128.891145,36.143222],[128.890174,36.147135],[128.892503,36.155538],[128.900085,36.162546],[128.894176,36.169318],[128.896051,36.173443],[128.891127,36.176226],[128.890566,36.181775],[128.885243,36.183949],[128.881209,36.190127],[128.882458,36.199],[128.873147,36.199748],[128.870662,36.203699],[128.86058,36.206427],[128.851856,36.21488],[128.842227,36.217576],[128.834004,36.215362],[128.830037,36.21764],[128.822593,36.215834],[128.813412,36.210684],[128.804115,36.210155],[128.803,36.20061],[128.795973,36.1938],[128.786431,36.196311],[128.783521,36.193893],[128.773942,36.194977],[128.76994,36.193472],[128.758067,36.202546],[128.752703,36.202673],[128.749436,36.195907],[128.74604,36.19443],[128.741732,36.198614],[128.735153,36.200654],[128.729892,36.198449],[128.727583,36.20083],[128.721298,36.198029],[128.717164,36.200371],[128.704901,36.199162],[128.696681,36.202388],[128.699855,36.208762],[128.694393,36.2141],[128.681687,36.21491],[128.674857,36.212496],[128.672812,36.208403],[128.671246,36.208614],[128.667487,36.211859],[128.663387,36.221436],[128.652745,36.217171],[128.649356,36.217686],[128.639922,36.208091],[128.633965,36.209265],[128.631754,36.216234],[128.635664,36.221306],[128.636674,36.233076],[128.634535,36.237307],[128.631047,36.238776],[128.632864,36.244077],[128.638266,36.247143],[128.640667,36.257572],[128.636367,36.26118],[128.609538,36.27115],[128.598481,36.270766],[128.594451,36.277567],[128.576068,36.279647],[128.57121,36.274905],[128.566724,36.274213],[128.56293,36.276848],[128.55688,36.273641],[128.553361,36.273885],[128.545532,36.291624],[128.536132,36.294986],[128.529264,36.293872],[128.525587,36.29945],[128.517841,36.30201],[128.510892,36.30064],[128.506197,36.303421],[128.496307,36.303639],[128.487587,36.308213],[128.473775,36.311826],[128.47346,36.317068],[128.471161,36.32004],[128.454184,36.327034],[128.451536,36.326961],[128.445256,36.318318],[128.438109,36.314021],[128.437625,36.304416],[128.433679,36.305437],[128.427762,36.299133],[128.417249,36.299139],[128.413,36.293729],[128.414154,36.290164],[128.411255,36.287511],[128.413585,36.283503],[128.426986,36.276156],[128.421515,36.268618],[128.420914,36.260432],[128.416545,36.257571],[128.421015,36.251741],[128.419333,36.245538],[128.423777,36.240364],[128.423823,36.236647],[128.433594,36.235164],[128.438272,36.226618],[128.437614,36.222272],[128.440782,36.218014],[128.4621,36.228498],[128.474037,36.230398],[128.47807,36.233977],[128.485183,36.234108],[128.485915,36.23078],[128.479535,36.224516],[128.486264,36.223926],[128.489138,36.219717],[128.488462,36.214095],[128.494486,36.205278],[128.494716,36.197712],[128.50361,36.192734],[128.504348,36.184989],[128.508065,36.186267],[128.512565,36.191203],[128.51657,36.200061],[128.52401,36.200768],[128.538946,36.193668],[128.54909,36.178147],[128.55745,36.178046],[128.554318,36.17349],[128.553408,36.165019],[128.547938,36.164371],[128.544458,36.16615],[128.54046,36.161522],[128.542496,36.154793],[128.550472,36.150735],[128.548328,36.147888],[128.548147,36.140959],[128.55257,36.138468],[128.548606,36.131023],[128.553019,36.128209],[128.552629,36.125099],[128.554951,36.121255],[128.561967,36.119299],[128.564266,36.115],[128.563525,36.102213],[128.567544,36.095864],[128.568741,36.08978],[128.563507,36.070561],[128.569826,36.060454],[128.577939,36.064778],[128.580055,36.067897],[128.589567,36.07075],[128.597852,36.075767],[128.609992,36.076163],[128.614374,36.079013],[128.622304,36.079212],[128.624113,36.081628],[128.629397,36.078174],[128.630447,36.076278],[128.627725,36.06377],[128.629349,36.051243],[128.623048,36.037084],[128.621287,36.025825],[128.625657,36.022036],[128.637231,36.017102],[128.640612,36.010555],[128.617239,36.00511],[128.615908,36.000824],[128.602941,35.989453],[128.603022,35.986164],[128.593644,35.982765],[128.590703,35.979],[128.572071,35.977741],[128.56417,35.972873],[128.556864,35.971005],[128.553322,35.960765],[128.547218,35.964498],[128.542226,35.974864],[128.528786,35.98045],[128.529242,35.977378],[128.526961,35.97526],[128.53045,35.962493],[128.534632,35.958442],[128.53261,35.951016],[128.535063,35.938753],[128.534023,35.933607],[128.529554,35.928564],[128.529661,35.923585],[128.525865,35.922348],[128.521969,35.916401],[128.507173,35.906605],[128.50517,35.902997],[128.504552,35.889383],[128.501711,35.886093],[128.494604,35.891296],[128.490524,35.89772],[128.487875,35.897965],[128.484197,35.894757],[128.478288,35.897785],[128.475123,35.895164],[128.467952,35.899818],[128.466865,35.90716],[128.473939,35.916762],[128.473229,35.922984],[128.476327,35.929384],[128.475679,35.935995],[128.468747,35.938447],[128.461806,35.937993],[128.453765,35.943127],[128.452487,35.936013],[128.441172,35.934818],[128.437022,35.931609],[128.431448,35.930974],[128.427509,35.927339],[128.424916,35.927911],[128.423557,35.922795],[128.418102,35.921246],[128.417714,35.916174],[128.408199,35.902579],[128.403336,35.889098],[128.39826,35.884297],[128.393715,35.88304],[128.387266,35.871475],[128.385465,35.864935],[128.390087,35.850371],[128.422788,35.851257],[128.456312,35.842997],[128.477192,35.827507],[128.481007,35.820326],[128.477196,35.812677],[128.469127,35.808435],[128.420717,35.809627],[128.407794,35.797108],[128.399039,35.777934],[128.38567,35.761852],[128.385807,35.755544],[128.39264,35.745534],[128.405313,35.739259],[128.416558,35.73663],[128.431822,35.726268],[128.434837,35.71214],[128.433169,35.703019],[128.421899,35.694694],[128.416625,35.693051],[128.359654,35.707504],[128.351078,35.702999],[128.350373,35.695578],[128.354285,35.683076],[128.361341,35.673412],[128.381613,35.655287],[128.402419,35.643426],[128.40168,35.632071],[128.395687,35.627214],[128.3861,35.612409],[128.377579,35.610566],[128.362347,35.611893],[128.363643,35.61407],[128.363051,35.628575],[128.354918,35.642473],[128.349168,35.646446],[128.340947,35.644152],[128.329255,35.648157],[128.323711,35.646019],[128.318215,35.650919],[128.306049,35.655143],[128.297263,35.656187],[128.296203,35.650527],[128.279713,35.652289],[128.276691,35.646728],[128.261101,35.642689],[128.258252,35.647594],[128.241939,35.655439],[128.235778,35.651233],[128.237486,35.644254],[128.235717,35.640731],[128.229666,35.63945],[128.225234,35.64207],[128.211503,35.641542],[128.210268,35.644384],[128.201095,35.643756],[128.198865,35.649164],[128.184298,35.658454],[128.163734,35.653494],[128.159549,35.654909],[128.15773,35.657902],[128.161366,35.660943],[128.159851,35.665839],[128.162623,35.67182],[128.166768,35.673907],[128.179165,35.672953],[128.184197,35.678298],[128.194405,35.684355],[128.20182,35.684175],[128.204151,35.688652],[128.202041,35.691352],[128.204456,35.697356],[128.200782,35.708174],[128.203013,35.71184],[128.200816,35.71782],[128.201569,35.722809],[128.196535,35.730891],[128.198141,35.736435],[128.194334,35.738212],[128.187267,35.754158],[128.163848,35.763311],[128.161423,35.76974],[128.164056,35.777027],[128.154775,35.786494]]],[[[131.868839,37.241092],[131.870374,37.24181],[131.86999,37.238371],[131.868309,37.239255],[131.868839,37.241092]]],[[[131.866865,37.241795],[131.863386,37.240579],[131.863464,37.242824],[131.865744,37.244132],[131.866865,37.241795]]],[[[130.919345,37.512302],[130.915768,37.506246],[130.913776,37.487115],[130.920663,37.487024],[130.921349,37.484684],[130.915766,37.482137],[130.911506,37.482695],[130.906936,37.476454],[130.902185,37.474772],[130.896213,37.475578],[130.883789,37.470814],[130.877017,37.463655],[130.879573,37.460908],[130.876131,37.46228],[130.874052,37.453133],[130.865969,37.459987],[130.856127,37.459869],[130.849941,37.46386],[130.840255,37.463202],[130.838258,37.465629],[130.831121,37.46658],[130.826531,37.472649],[130.810419,37.475842],[130.807851,37.482515],[130.801964,37.485309],[130.801143,37.490874],[130.804234,37.499962],[130.801359,37.501811],[130.804766,37.505416],[130.800125,37.507592],[130.791232,37.519246],[130.793822,37.522881],[130.791986,37.524899],[130.800642,37.524874],[130.801541,37.520707],[130.804209,37.520316],[130.806002,37.522333],[130.814281,37.523504],[130.825211,37.531129],[130.829289,37.530495],[130.825575,37.530517],[130.824092,37.528671],[130.829125,37.527613],[130.846679,37.53622],[130.857541,37.535198],[130.868825,37.537084],[130.877592,37.543434],[130.893218,37.540702],[130.896364,37.542283],[130.898973,37.546811],[130.907098,37.548941],[130.909976,37.547527],[130.912352,37.541372],[130.921383,37.540681],[130.913702,37.537601],[130.90909,37.528371],[130.912504,37.520675],[130.918038,37.518158],[130.919345,37.512302]]],[[[130.938461,37.531328],[130.941764,37.530387],[130.940549,37.524933],[130.936886,37.527263],[130.938461,37.531328]]],[[[130.924707,37.545516],[130.92609,37.544589],[130.923421,37.541728],[130.92056,37.543158],[130.924707,37.545516]]]]}},{"type":"Feature","properties":{"code":"48","name":"경상남도","full_name":"경상남도","sido_code":"48","sgg_code":"48170","admin_level":"sido","source":"vuski/admdongkor","source_version":"ver20260701"},"geometry":{"type":"MultiPolygon","coordinates":[[[[127.935416,34.730926],[127.941718,34.731002],[127.943239,34.723805],[127.938469,34.723575],[127.933722,34.727405],[127.935416,34.730926]]],[[[127.840255,34.745612],[127.839546,34.745827],[127.842907,34.7466],[127.840255,34.745612]]],[[[127.835029,34.760428],[127.834781,34.761705],[127.83706,34.761666],[127.839144,34.760738],[127.835029,34.760428]]],[[[127.905945,34.760021],[127.9054,34.754377],[127.909019,34.750649],[127.910121,34.744128],[127.913386,34.739719],[127.910331,34.731806],[127.906018,34.727194],[127.893593,34.724073],[127.891581,34.721343],[127.874468,34.726782],[127.856844,34.727514],[127.858862,34.730946],[127.861774,34.731802],[127.85807,34.736559],[127.855572,34.734649],[127.850859,34.737719],[127.855214,34.7411],[127.852868,34.747191],[127.84914,34.74967],[127.84557,34.746891],[127.842835,34.749556],[127.836184,34.750303],[127.835256,34.756617],[127.841786,34.757916],[127.843468,34.763132],[127.840537,34.767474],[127.852032,34.769264],[127.848574,34.777465],[127.844559,34.779829],[127.846313,34.785074],[127.844918,34.787245],[127.835376,34.792306],[127.833903,34.796213],[127.835375,34.801579],[127.832367,34.803392],[127.831143,34.808215],[127.833426,34.808494],[127.83254,34.811077],[127.827817,34.811002],[127.827775,34.816601],[127.821177,34.821343],[127.812718,34.835426],[127.812367,34.847881],[127.807221,34.853475],[127.809044,34.856112],[127.806502,34.857376],[127.80974,34.859614],[127.810552,34.865219],[127.812717,34.864036],[127.816055,34.866663],[127.816113,34.872585],[127.818801,34.876463],[127.826727,34.87415],[127.829629,34.880364],[127.824632,34.882268],[127.82427,34.883985],[127.831515,34.888296],[127.833082,34.892301],[127.823982,34.89411],[127.824065,34.896493],[127.827412,34.894136],[127.830973,34.895466],[127.827838,34.901093],[127.825599,34.899248],[127.825581,34.903312],[127.831636,34.902259],[127.831,34.900076],[127.842067,34.898351],[127.841811,34.90684],[127.844448,34.901754],[127.853956,34.903104],[127.862051,34.901446],[127.864329,34.904],[127.8631,34.905295],[127.857715,34.908947],[127.851101,34.910139],[127.856677,34.912844],[127.856158,34.914225],[127.849886,34.914088],[127.853491,34.921806],[127.85891,34.921562],[127.853512,34.92696],[127.859013,34.929509],[127.856488,34.931712],[127.857051,34.933671],[127.865497,34.932153],[127.864528,34.936452],[127.870415,34.94233],[127.873343,34.941229],[127.890894,34.94713],[127.895424,34.946411],[127.902469,34.941481],[127.905425,34.941016],[127.907419,34.943175],[127.908741,34.938729],[127.912984,34.941818],[127.91597,34.938898],[127.919829,34.942613],[127.925638,34.940532],[127.920907,34.933551],[127.924569,34.930624],[127.927597,34.932731],[127.927581,34.928256],[127.930675,34.92483],[127.925934,34.927584],[127.924062,34.926471],[127.928623,34.920719],[127.930181,34.915405],[127.94028,34.911729],[127.93932,34.910631],[127.930282,34.9146],[127.927986,34.909108],[127.929007,34.906536],[127.922892,34.899396],[127.92606,34.890806],[127.916345,34.887696],[127.913714,34.88874],[127.909796,34.885794],[127.910696,34.883474],[127.905278,34.881851],[127.904491,34.88448],[127.902665,34.884558],[127.900969,34.882171],[127.901994,34.878377],[127.897874,34.874896],[127.902708,34.860451],[127.908522,34.852157],[127.914397,34.849946],[127.917386,34.835515],[127.921473,34.835078],[127.924275,34.830661],[127.932006,34.833519],[127.94044,34.827885],[127.9445,34.82914],[127.942092,34.825435],[127.941394,34.815715],[127.943901,34.813625],[127.944272,34.809744],[127.954381,34.805246],[127.965794,34.8087],[127.964009,34.811472],[127.958406,34.813613],[127.970909,34.816052],[127.971538,34.817872],[127.978386,34.820536],[127.97439,34.822442],[127.9763,34.82552],[127.991998,34.833387],[128.019452,34.830375],[128.018863,34.833347],[128.030054,34.834767],[128.032352,34.830424],[128.049005,34.826164],[128.056007,34.821925],[128.060563,34.821868],[128.062286,34.818704],[128.066689,34.818181],[128.063492,34.815363],[128.066024,34.812192],[128.062126,34.806231],[128.065121,34.800476],[128.061596,34.799449],[128.055426,34.801819],[128.052383,34.799767],[128.051777,34.79438],[128.055887,34.792573],[128.059051,34.794317],[128.056325,34.788004],[128.05099,34.784894],[128.048915,34.780926],[128.050298,34.773767],[128.05467,34.769663],[128.054494,34.755353],[128.059067,34.752402],[128.056961,34.74541],[128.048999,34.742389],[128.050404,34.73955],[128.041513,34.737131],[128.035565,34.72956],[128.035614,34.721895],[128.041915,34.71893],[128.045556,34.71363],[128.053578,34.715149],[128.059916,34.710075],[128.058034,34.709077],[128.053969,34.711626],[128.053153,34.707873],[128.048441,34.706571],[128.046688,34.708442],[128.042746,34.706547],[128.045382,34.703993],[128.048336,34.704969],[128.044668,34.702422],[128.036754,34.702441],[128.034891,34.705867],[128.037189,34.706766],[128.031322,34.708095],[128.027077,34.707325],[128.026106,34.70595],[128.028085,34.703443],[128.024843,34.700486],[128.019397,34.701568],[128.019468,34.705019],[128.02188,34.706739],[128.020548,34.709196],[128.025816,34.718946],[128.02063,34.722897],[128.013959,34.723969],[128.007951,34.721253],[128.007439,34.719375],[128.011641,34.716381],[128.007908,34.710966],[128.003604,34.712212],[128.000883,34.716336],[127.992134,34.713987],[127.992001,34.719257],[127.98893,34.720201],[127.984892,34.717783],[127.985659,34.713581],[127.98744,34.713505],[127.984604,34.709117],[127.976909,34.711415],[127.956263,34.709458],[127.952744,34.715377],[127.957564,34.718875],[127.949353,34.72634],[127.953855,34.73085],[127.947419,34.730107],[127.945909,34.732657],[127.946554,34.741036],[127.943803,34.747027],[127.948018,34.76571],[127.953975,34.772405],[127.949893,34.776981],[127.943188,34.777918],[127.939311,34.775624],[127.929023,34.775854],[127.919787,34.771531],[127.918262,34.768852],[127.908314,34.768259],[127.904142,34.765671],[127.903415,34.76226],[127.905945,34.760021]]],[[[127.843645,34.776057],[127.839544,34.775018],[127.839959,34.776357],[127.842907,34.777377],[127.843645,34.776057]]],[[[127.833436,34.787092],[127.833815,34.78521],[127.831789,34.784814],[127.831447,34.786715],[127.833436,34.787092]]],[[[127.820049,34.882531],[127.819204,34.884398],[127.822308,34.884478],[127.823768,34.882424],[127.820049,34.882531]]],[[[127.820963,34.918759],[127.823844,34.917397],[127.821301,34.915725],[127.821116,34.912998],[127.815958,34.912902],[127.816881,34.915711],[127.820995,34.91668],[127.820963,34.918759]]],[[[127.840777,34.924357],[127.840457,34.924022],[127.838824,34.926077],[127.839886,34.927117],[127.840777,34.924357]]],[[[127.833957,34.926882],[127.83492,34.926197],[127.834049,34.924777],[127.828812,34.925744],[127.833957,34.926882]]],[[[127.840491,34.930898],[127.838624,34.930164],[127.837316,34.932716],[127.840491,34.930898]]],[[[127.832265,34.938234],[127.833482,34.939252],[127.83239,34.932178],[127.834319,34.927796],[127.829807,34.928662],[127.832265,34.938234]]],[[[127.783538,34.938337],[127.782492,34.93714],[127.780603,34.938541],[127.781836,34.941728],[127.783538,34.938337]]],[[[127.948462,34.963961],[127.949359,34.961881],[127.948583,34.961605],[127.946913,34.964348],[127.948462,34.963961]]],[[[127.966765,34.964691],[127.961231,34.961003],[127.960813,34.963698],[127.963116,34.966154],[127.966765,34.964691]]],[[[127.82873,34.950879],[127.82954,34.948018],[127.818525,34.943616],[127.816209,34.947132],[127.818162,34.94652],[127.818077,34.949284],[127.809889,34.948056],[127.814077,34.941021],[127.81777,34.940904],[127.815849,34.939029],[127.810707,34.9398],[127.809685,34.93838],[127.806782,34.93909],[127.808532,34.94069],[127.806903,34.943692],[127.786337,34.939904],[127.780817,34.944397],[127.779367,34.949521],[127.773421,34.954833],[127.772151,34.963558],[127.770076,34.966855],[127.767532,34.966856],[127.765087,34.972788],[127.767469,34.978993],[127.773726,34.981804],[127.780106,34.988366],[127.777774,34.988107],[127.7865,35.008782],[127.787286,35.016246],[127.782746,35.022527],[127.772595,35.028819],[127.769468,35.034027],[127.767816,35.052705],[127.762774,35.057729],[127.754141,35.056444],[127.742206,35.06028],[127.739603,35.06376],[127.737467,35.078085],[127.718247,35.08197],[127.70652,35.095229],[127.6946,35.103081],[127.692907,35.109936],[127.695319,35.125966],[127.693998,35.13178],[127.684788,35.137399],[127.672871,35.149746],[127.659718,35.158152],[127.649779,35.158871],[127.645301,35.161304],[127.640641,35.171139],[127.632465,35.1753],[127.621366,35.188514],[127.617069,35.209633],[127.620946,35.213463],[127.620868,35.222965],[127.618673,35.236774],[127.613055,35.241207],[127.612605,35.247438],[127.614936,35.250275],[127.610022,35.261913],[127.5958,35.26816],[127.595028,35.271622],[127.59071,35.275374],[127.59052,35.279308],[127.586521,35.286379],[127.577136,35.295478],[127.576107,35.306362],[127.57745,35.308959],[127.585667,35.309144],[127.604424,35.318314],[127.60813,35.325316],[127.614846,35.330563],[127.620416,35.332327],[127.622862,35.343949],[127.612123,35.355946],[127.610335,35.366296],[127.622396,35.373202],[127.624617,35.376559],[127.625563,35.385487],[127.63542,35.399819],[127.646447,35.402664],[127.650036,35.407731],[127.661978,35.416656],[127.663507,35.425501],[127.665823,35.428597],[127.665537,35.43634],[127.672856,35.443353],[127.667902,35.447925],[127.652012,35.450825],[127.645073,35.44951],[127.636925,35.459316],[127.635678,35.462549],[127.637862,35.470829],[127.63677,35.478464],[127.652722,35.48567],[127.650204,35.490128],[127.650835,35.497632],[127.644946,35.499044],[127.641865,35.505058],[127.634082,35.51298],[127.634158,35.52105],[127.630871,35.520822],[127.624497,35.527329],[127.628722,35.535752],[127.622861,35.533764],[127.618802,35.53705],[127.611934,35.535691],[127.606429,35.542837],[127.59434,35.548125],[127.591076,35.554169],[127.585406,35.554586],[127.587409,35.565164],[127.590742,35.567015],[127.594588,35.573361],[127.604366,35.578698],[127.610588,35.584862],[127.607566,35.594774],[127.612681,35.599705],[127.612995,35.608686],[127.618188,35.610311],[127.621134,35.615007],[127.635468,35.618472],[127.624134,35.632348],[127.624486,35.638079],[127.620406,35.641792],[127.620248,35.646263],[127.622477,35.651008],[127.629597,35.656635],[127.629074,35.664201],[127.635148,35.667088],[127.640261,35.67231],[127.640383,35.686665],[127.645047,35.697656],[127.649549,35.701622],[127.649155,35.703989],[127.657636,35.706572],[127.660774,35.709748],[127.659753,35.716088],[127.663436,35.72476],[127.660304,35.7384],[127.663601,35.74502],[127.66182,35.749833],[127.664137,35.767013],[127.670029,35.771679],[127.679033,35.76927],[127.684989,35.777847],[127.700367,35.788954],[127.706518,35.791857],[127.710354,35.791619],[127.719277,35.797061],[127.720416,35.801284],[127.723848,35.804587],[127.723385,35.810608],[127.725391,35.813114],[127.730407,35.813654],[127.7326,35.820839],[127.738651,35.82697],[127.738077,35.835126],[127.744412,35.844335],[127.750736,35.842125],[127.757526,35.836717],[127.772153,35.83893],[127.780487,35.848259],[127.7993,35.853819],[127.803873,35.857178],[127.812733,35.852829],[127.814013,35.856719],[127.825331,35.868434],[127.830878,35.869743],[127.841689,35.867127],[127.844715,35.870841],[127.845133,35.876332],[127.852801,35.880727],[127.850746,35.890052],[127.858275,35.897017],[127.859876,35.906646],[127.863925,35.906659],[127.867276,35.904085],[127.87093,35.904643],[127.877231,35.907496],[127.882397,35.913081],[127.88761,35.914579],[127.888932,35.909808],[127.884588,35.905154],[127.883055,35.899286],[127.884862,35.893015],[127.89039,35.890692],[127.893297,35.886589],[127.920247,35.892855],[127.918871,35.889586],[127.923281,35.882191],[127.928116,35.881141],[127.930496,35.878161],[127.929507,35.871442],[127.933174,35.864204],[127.931927,35.85921],[127.927423,35.858323],[127.926145,35.855386],[127.929518,35.856388],[127.942341,35.854308],[127.950835,35.861254],[127.959214,35.86013],[127.96346,35.854987],[127.973268,35.850812],[127.981814,35.858904],[127.985366,35.857391],[127.997407,35.837755],[128.004502,35.835418],[128.011059,35.829084],[128.030998,35.835753],[128.050839,35.82926],[128.053249,35.83279],[128.061455,35.834488],[128.070408,35.840687],[128.084231,35.83699],[128.090675,35.830814],[128.095737,35.832573],[128.103454,35.828952],[128.108708,35.823905],[128.117859,35.825786],[128.122273,35.822449],[128.125266,35.822761],[128.121687,35.803567],[128.128495,35.794315],[128.128806,35.789375],[128.135517,35.784648],[128.154775,35.786494],[128.157837,35.783773],[128.159827,35.779565],[128.164056,35.777027],[128.161423,35.76974],[128.163848,35.763311],[128.18926,35.752343],[128.194334,35.738212],[128.198178,35.736347],[128.19657,35.730707],[128.201569,35.722809],[128.200816,35.71782],[128.203013,35.71184],[128.200782,35.708174],[128.204456,35.697356],[128.202041,35.691352],[128.204113,35.688864],[128.203285,35.685711],[128.201574,35.684115],[128.194405,35.684355],[128.184197,35.678298],[128.179165,35.672953],[128.163984,35.672894],[128.160021,35.667132],[128.161366,35.660943],[128.15773,35.657902],[128.161383,35.653744],[128.184298,35.658454],[128.198865,35.649164],[128.201095,35.643756],[128.210268,35.644384],[128.211503,35.641542],[128.225234,35.64207],[128.229666,35.63945],[128.235717,35.640731],[128.237486,35.644254],[128.235778,35.651233],[128.243615,35.655659],[128.248933,35.651098],[128.258252,35.647594],[128.261101,35.642689],[128.276691,35.646728],[128.279713,35.652289],[128.296203,35.650527],[128.297263,35.656187],[128.318215,35.650919],[128.323711,35.646019],[128.329255,35.648157],[128.340947,35.644152],[128.349168,35.646446],[128.354918,35.642473],[128.363051,35.628575],[128.363643,35.61407],[128.362347,35.611893],[128.370765,35.611163],[128.372897,35.608432],[128.381669,35.606766],[128.384231,35.609793],[128.399395,35.615925],[128.410998,35.615341],[128.416372,35.621691],[128.422612,35.620126],[128.426603,35.623539],[128.43191,35.623579],[128.446503,35.638374],[128.454724,35.637216],[128.461126,35.640615],[128.465203,35.63713],[128.469811,35.636343],[128.478917,35.640349],[128.484815,35.635449],[128.505667,35.639266],[128.510711,35.645693],[128.506814,35.650148],[128.509262,35.668954],[128.507526,35.673306],[128.515819,35.675735],[128.519099,35.679629],[128.526414,35.68238],[128.528467,35.679483],[128.526378,35.6742],[128.530745,35.662916],[128.53671,35.661244],[128.538313,35.655043],[128.534718,35.643799],[128.538224,35.631968],[128.535803,35.627329],[128.536503,35.623654],[128.550485,35.617015],[128.556343,35.616627],[128.558049,35.614942],[128.559685,35.603254],[128.567467,35.601221],[128.567697,35.599415],[128.572641,35.59712],[128.574263,35.592214],[128.584818,35.586198],[128.606849,35.580424],[128.631092,35.586658],[128.635989,35.584088],[128.643626,35.59235],[128.655331,35.598],[128.664916,35.594316],[128.672456,35.595853],[128.68876,35.595083],[128.691276,35.594421],[128.695906,35.583255],[128.703268,35.578526],[128.716273,35.578317],[128.724049,35.580975],[128.731082,35.576207],[128.737799,35.576083],[128.757427,35.567675],[128.766346,35.568241],[128.768085,35.570508],[128.785636,35.565839],[128.796907,35.57453],[128.801193,35.588204],[128.811613,35.589527],[128.826187,35.596697],[128.834245,35.597206],[128.843012,35.589084],[128.851706,35.594604],[128.858348,35.606044],[128.864491,35.609229],[128.867703,35.616062],[128.871101,35.618176],[128.872924,35.632765],[128.874723,35.634903],[128.882567,35.634719],[128.885482,35.629838],[128.898205,35.63182],[128.911762,35.637913],[128.914937,35.645412],[128.923097,35.64685],[128.924154,35.636938],[128.940946,35.633071],[128.959164,35.620375],[128.959876,35.615353],[128.971657,35.614036],[128.979118,35.608308],[128.986134,35.607987],[129.003346,35.620142],[129.007525,35.615888],[129.015543,35.616503],[129.021837,35.614005],[129.023458,35.603542],[129.026027,35.60069],[129.02018,35.584974],[129.006242,35.578037],[128.995385,35.568905],[128.970903,35.560639],[128.973648,35.552232],[128.976785,35.551264],[128.980642,35.546025],[128.992947,35.547984],[128.997619,35.542199],[128.994499,35.528989],[129.009555,35.527989],[129.008738,35.523972],[129.012672,35.523148],[129.055763,35.532138],[129.056527,35.527036],[129.05314,35.525356],[129.051996,35.515733],[129.061649,35.509457],[129.086441,35.50184],[129.090781,35.498237],[129.105268,35.496465],[129.106641,35.48977],[129.108959,35.48774],[129.107934,35.48363],[129.109496,35.479838],[129.117111,35.474856],[129.119983,35.468365],[129.128763,35.459252],[129.135717,35.456448],[129.142974,35.445911],[129.164699,35.434139],[129.165799,35.432046],[129.172242,35.433561],[129.178949,35.432633],[129.196485,35.439429],[129.202336,35.431953],[129.200183,35.424132],[129.20202,35.421604],[129.211188,35.419206],[129.219923,35.409012],[129.210729,35.400116],[129.202974,35.38787],[129.200526,35.388666],[129.194508,35.383749],[129.194472,35.380476],[129.199373,35.375623],[129.193493,35.36091],[129.185584,35.358175],[129.181628,35.353651],[129.175431,35.351371],[129.149876,35.363841],[129.131403,35.365648],[129.129564,35.359165],[129.134572,35.351411],[129.127315,35.345564],[129.128337,35.343213],[129.126042,35.341325],[129.125033,35.336303],[129.125839,35.331925],[129.120875,35.328918],[129.118476,35.322463],[129.11331,35.319495],[129.110424,35.305969],[129.089109,35.303142],[129.073173,35.289942],[129.065115,35.291506],[129.060134,35.295554],[129.051862,35.287957],[129.049913,35.283862],[129.050874,35.280242],[129.044106,35.280314],[129.039234,35.275885],[129.030094,35.278521],[129.012814,35.273451],[129.010979,35.261622],[128.997607,35.234387],[128.980025,35.228342],[128.959479,35.225078],[128.952464,35.224318],[128.944832,35.227922],[128.936855,35.224928],[128.923489,35.216054],[128.916633,35.216964],[128.912388,35.222563],[128.910295,35.222934],[128.908893,35.220559],[128.909531,35.223085],[128.905046,35.220074],[128.910229,35.215019],[128.896598,35.213106],[128.88912,35.214785],[128.884142,35.213679],[128.870389,35.201712],[128.876191,35.192908],[128.87602,35.188183],[128.881565,35.182938],[128.880199,35.17203],[128.873617,35.174364],[128.872354,35.172274],[128.875772,35.170509],[128.876022,35.165653],[128.879258,35.161993],[128.874484,35.1598],[128.875791,35.152309],[128.870455,35.152096],[128.865453,35.157921],[128.866112,35.166839],[128.86369,35.167434],[128.846664,35.165282],[128.843355,35.157986],[128.837435,35.159252],[128.828013,35.155758],[128.815864,35.160377],[128.80863,35.158994],[128.805959,35.160497],[128.80074,35.15796],[128.794023,35.157939],[128.802335,35.143152],[128.815447,35.132562],[128.827295,35.128175],[128.833568,35.129189],[128.83756,35.115967],[128.842792,35.113375],[128.842081,35.107032],[128.836656,35.101988],[128.824815,35.101994],[128.822763,35.098816],[128.824632,35.094604],[128.832979,35.088675],[128.832473,35.086313],[128.828376,35.089478],[128.826432,35.086214],[128.821538,35.085846],[128.818527,35.083001],[128.801597,35.083048],[128.792272,35.078877],[128.785365,35.079477],[128.781841,35.086116],[128.789355,35.094261],[128.791927,35.095167],[128.798217,35.09308],[128.802462,35.098626],[128.797948,35.100326],[128.788334,35.097956],[128.791421,35.102685],[128.78822,35.106869],[128.789213,35.113287],[128.784652,35.113794],[128.781271,35.110221],[128.779952,35.103053],[128.773061,35.098928],[128.769722,35.103202],[128.762965,35.105128],[128.76572,35.097964],[128.784389,35.096672],[128.78002,35.081746],[128.76504,35.082856],[128.76498,35.078933],[128.768488,35.075918],[128.766374,35.067457],[128.764754,35.071683],[128.75976,35.071815],[128.751549,35.082149],[128.747051,35.08163],[128.743937,35.077988],[128.741722,35.077959],[128.74367,35.084319],[128.739914,35.081914],[128.735288,35.088658],[128.743554,35.099813],[128.738716,35.099357],[128.735484,35.093432],[128.72857,35.089958],[128.730512,35.093906],[128.726002,35.094633],[128.724462,35.097518],[128.714253,35.095183],[128.715144,35.104208],[128.713484,35.106719],[128.71039,35.103434],[128.700936,35.10398],[128.702965,35.100058],[128.695633,35.097037],[128.688916,35.101143],[128.688601,35.107433],[128.685697,35.107034],[128.688109,35.109011],[128.695345,35.109852],[128.694778,35.111422],[128.700506,35.115819],[128.699663,35.125557],[128.693766,35.133161],[128.697252,35.134464],[128.696318,35.138391],[128.691889,35.141552],[128.688809,35.140109],[128.687375,35.142329],[128.690499,35.146645],[128.679576,35.146783],[128.670827,35.142476],[128.673284,35.140934],[128.67363,35.13384],[128.676796,35.130307],[128.677946,35.125137],[128.667103,35.118504],[128.661682,35.121671],[128.662983,35.130389],[128.658698,35.134246],[128.659003,35.136249],[128.648881,35.135425],[128.648793,35.137744],[128.643633,35.140608],[128.642692,35.147309],[128.647115,35.146543],[128.647084,35.150384],[128.634812,35.149358],[128.637214,35.145728],[128.629235,35.148561],[128.625396,35.147403],[128.62676,35.145852],[128.621885,35.136492],[128.617889,35.135522],[128.613291,35.138655],[128.606797,35.137229],[128.607972,35.141898],[128.613848,35.144933],[128.609134,35.152471],[128.608525,35.158019],[128.610942,35.163273],[128.608118,35.163822],[128.604841,35.160511],[128.598835,35.164929],[128.600445,35.168326],[128.593032,35.173338],[128.591189,35.17826],[128.592212,35.191291],[128.589232,35.199629],[128.608618,35.212171],[128.620119,35.21199],[128.60953,35.213208],[128.602662,35.210724],[128.586497,35.20958],[128.565026,35.186897],[128.564764,35.184528],[128.570441,35.175036],[128.579434,35.172755],[128.582157,35.164599],[128.591664,35.15793],[128.591761,35.149798],[128.585564,35.146439],[128.591076,35.146731],[128.597585,35.142229],[128.587357,35.130277],[128.580221,35.138022],[128.574713,35.136103],[128.574669,35.133268],[128.587639,35.129481],[128.592659,35.134248],[128.600974,35.13336],[128.600796,35.124264],[128.597658,35.121517],[128.591766,35.120803],[128.600678,35.119697],[128.603071,35.104148],[128.611077,35.097255],[128.618071,35.095251],[128.618544,35.092397],[128.614142,35.091416],[128.62313,35.090465],[128.625433,35.087586],[128.623007,35.081804],[128.608363,35.07923],[128.606708,35.075432],[128.612684,35.07577],[128.613681,35.072148],[128.610111,35.070364],[128.614022,35.069859],[128.616901,35.072885],[128.625977,35.075495],[128.636718,35.072229],[128.636747,35.067742],[128.631032,35.066942],[128.62561,35.062918],[128.614121,35.061316],[128.604146,35.055108],[128.574403,35.051791],[128.571836,35.054727],[128.577623,35.061165],[128.583193,35.061685],[128.593421,35.068741],[128.589262,35.072011],[128.586994,35.071871],[128.588805,35.069648],[128.580863,35.063661],[128.573985,35.064765],[128.573934,35.067473],[128.571263,35.067641],[128.567585,35.066064],[128.562184,35.066948],[128.56017,35.069343],[128.564201,35.072814],[128.560632,35.075838],[128.561528,35.083311],[128.567695,35.083193],[128.573189,35.087261],[128.580952,35.089248],[128.549924,35.095532],[128.549091,35.091972],[128.545062,35.092466],[128.54485,35.100049],[128.540978,35.101534],[128.547375,35.107087],[128.543741,35.109701],[128.539767,35.105965],[128.535863,35.10754],[128.535553,35.110895],[128.539312,35.117221],[128.536759,35.118706],[128.534063,35.116148],[128.534904,35.113439],[128.53112,35.106153],[128.527195,35.103399],[128.521709,35.104352],[128.518681,35.096896],[128.504232,35.097598],[128.4941,35.10608],[128.489755,35.106804],[128.486249,35.104693],[128.483546,35.099883],[128.480795,35.098474],[128.48074,35.101361],[128.476236,35.097429],[128.47114,35.097078],[128.466755,35.098244],[128.46586,35.101085],[128.46132,35.103828],[128.451115,35.105647],[128.452649,35.103059],[128.448273,35.099544],[128.448637,35.096072],[128.465965,35.085638],[128.479201,35.08196],[128.478226,35.077093],[128.474283,35.075644],[128.469322,35.081816],[128.465903,35.079812],[128.464974,35.073736],[128.461594,35.071506],[128.453164,35.073853],[128.446485,35.071523],[128.439837,35.071652],[128.440675,35.069247],[128.439019,35.066572],[128.435985,35.065296],[128.432054,35.057534],[128.428095,35.055111],[128.421034,35.057696],[128.419315,35.054726],[128.415236,35.055243],[128.414643,35.057252],[128.417378,35.059888],[128.415292,35.062102],[128.412076,35.061811],[128.409719,35.058347],[128.403103,35.058335],[128.400962,35.054571],[128.383954,35.050562],[128.3831,35.04588],[128.380519,35.048724],[128.373443,35.049637],[128.374102,35.043319],[128.372732,35.042043],[128.376519,35.038986],[128.380198,35.039576],[128.382264,35.035335],[128.377344,35.033751],[128.374084,35.029715],[128.369463,35.031226],[128.37112,35.025727],[128.375278,35.02443],[128.374045,35.02171],[128.371994,35.024038],[128.369181,35.023405],[128.36291,35.017673],[128.358181,35.016047],[128.35499,35.009644],[128.359241,35.008718],[128.367541,35.01624],[128.373527,35.015411],[128.382402,35.01872],[128.388619,35.017165],[128.389168,35.035074],[128.399199,35.04071],[128.40662,35.043449],[128.417792,35.043032],[128.424436,35.045862],[128.427881,35.045094],[128.433158,35.04794],[128.437628,35.04597],[128.438421,35.049926],[128.450358,35.051833],[128.446284,35.053401],[128.44198,35.060219],[128.445177,35.068178],[128.452318,35.071661],[128.456586,35.069627],[128.459158,35.06497],[128.461488,35.06481],[128.468237,35.068826],[128.467213,35.074588],[128.469171,35.076084],[128.477486,35.068714],[128.475189,35.065962],[128.482024,35.066081],[128.482697,35.063231],[128.480194,35.062733],[128.479971,35.0593],[128.475413,35.055397],[128.48243,35.052925],[128.479424,35.04679],[128.461832,35.049681],[128.459572,35.047559],[128.471598,35.040938],[128.473834,35.035558],[128.474832,35.04189],[128.486354,35.038643],[128.485773,35.033212],[128.481706,35.030618],[128.482388,35.028297],[128.491338,35.023469],[128.498158,35.022658],[128.503449,35.017438],[128.50283,35.01434],[128.496029,35.011714],[128.497047,35.010248],[128.492129,35.005049],[128.488228,35.007145],[128.486455,35.01133],[128.484287,35.010836],[128.484785,34.998993],[128.477128,34.99783],[128.480543,34.995542],[128.478561,34.992592],[128.473027,34.993254],[128.467958,34.997413],[128.465542,34.997178],[128.468953,34.992297],[128.467706,34.989155],[128.463278,34.987366],[128.458971,34.990582],[128.439253,34.993659],[128.422626,34.992863],[128.41521,34.99632],[128.407801,34.993829],[128.40793,34.988831],[128.405719,34.986451],[128.408206,34.982853],[128.417792,34.986784],[128.434379,34.985069],[128.440856,34.98313],[128.443781,34.977741],[128.442945,34.972814],[128.437164,34.965762],[128.440454,34.965666],[128.440206,34.96232],[128.431446,34.956854],[128.431476,34.944212],[128.426133,34.941783],[128.425931,34.939847],[128.430032,34.938553],[128.428646,34.936285],[128.434035,34.931855],[128.436726,34.931754],[128.429346,34.928153],[128.430737,34.914074],[128.423896,34.91006],[128.426555,34.904],[128.420295,34.893495],[128.423533,34.883496],[128.421273,34.873203],[128.424942,34.872947],[128.43426,34.880937],[128.434067,34.884705],[128.430824,34.883411],[128.431603,34.888212],[128.436689,34.88992],[128.445361,34.888831],[128.438845,34.892913],[128.441711,34.894798],[128.444046,34.900097],[128.45112,34.902946],[128.438053,34.912088],[128.440269,34.913387],[128.453499,34.914515],[128.45254,34.910634],[128.460802,34.904987],[128.45394,34.900683],[128.459238,34.898386],[128.464257,34.899593],[128.465378,34.892257],[128.471416,34.891938],[128.473377,34.894002],[128.474999,34.890372],[128.468753,34.887583],[128.471268,34.884573],[128.467777,34.881972],[128.467144,34.871673],[128.462076,34.871261],[128.460199,34.8728],[128.460514,34.879789],[128.457333,34.882436],[128.455546,34.875127],[128.452264,34.873327],[128.455863,34.869821],[128.456453,34.86478],[128.451919,34.865284],[128.45014,34.867819],[128.446917,34.865623],[128.44717,34.862859],[128.454188,34.855048],[128.450618,34.85167],[128.45222,34.846565],[128.441219,34.842521],[128.433681,34.844505],[128.431834,34.842776],[128.432775,34.841181],[128.44181,34.84071],[128.435416,34.838465],[128.427576,34.839484],[128.425591,34.844529],[128.424392,34.842371],[128.426336,34.83876],[128.422478,34.838148],[128.423222,34.833195],[128.430515,34.829358],[128.435391,34.830929],[128.44086,34.828007],[128.439465,34.813452],[128.442344,34.803983],[128.441153,34.802063],[128.436218,34.802326],[128.433293,34.808811],[128.431522,34.806061],[128.431453,34.801014],[128.437197,34.799026],[128.440237,34.794869],[128.434083,34.788898],[128.420824,34.793551],[128.41952,34.792383],[128.421436,34.788406],[128.425582,34.788319],[128.435648,34.781839],[128.435762,34.779568],[128.423923,34.770032],[128.425858,34.768738],[128.423592,34.761936],[128.421292,34.765345],[128.406563,34.76234],[128.404297,34.764231],[128.406619,34.768384],[128.397446,34.765382],[128.397489,34.770413],[128.39468,34.774621],[128.397223,34.779589],[128.394796,34.781013],[128.391383,34.779921],[128.389255,34.775695],[128.387337,34.775862],[128.385847,34.780555],[128.391245,34.78651],[128.38859,34.790431],[128.380452,34.792775],[128.383476,34.796834],[128.374433,34.794588],[128.377553,34.793701],[128.375213,34.788626],[128.373357,34.794013],[128.363653,34.796388],[128.368411,34.800215],[128.372069,34.799982],[128.372328,34.803043],[128.375876,34.798404],[128.378219,34.798636],[128.377852,34.801996],[128.380587,34.806018],[128.375935,34.807661],[128.377844,34.810916],[128.3811,34.811997],[128.37891,34.815284],[128.349251,34.825454],[128.345493,34.825362],[128.340665,34.820684],[128.340429,34.81814],[128.33628,34.817242],[128.33527,34.822982],[128.330906,34.82486],[128.330093,34.830021],[128.335721,34.826268],[128.337064,34.827429],[128.332741,34.83444],[128.336255,34.833008],[128.337396,34.82932],[128.34013,34.828754],[128.339447,34.838991],[128.336828,34.841974],[128.342132,34.841548],[128.34199,34.835179],[128.344449,34.831363],[128.348938,34.835269],[128.346874,34.839975],[128.348283,34.842063],[128.353783,34.842698],[128.354755,34.840011],[128.356944,34.840868],[128.359035,34.837964],[128.356057,34.832265],[128.365116,34.835134],[128.363863,34.83248],[128.36641,34.830844],[128.370911,34.834125],[128.378328,34.82947],[128.386238,34.814354],[128.38731,34.816141],[128.383933,34.829571],[128.394223,34.824853],[128.400694,34.828757],[128.404308,34.82844],[128.404599,34.831878],[128.402034,34.836012],[128.398961,34.835304],[128.396237,34.82966],[128.393704,34.829147],[128.392101,34.83079],[128.39385,34.831572],[128.393287,34.834069],[128.391303,34.835457],[128.385831,34.833024],[128.379127,34.835953],[128.379589,34.837731],[128.388466,34.840483],[128.385227,34.843516],[128.382807,34.843757],[128.381284,34.840707],[128.377113,34.839827],[128.372399,34.842734],[128.371304,34.8446],[128.375621,34.843839],[128.377292,34.845389],[128.369557,34.8489],[128.371007,34.852806],[128.377397,34.851664],[128.383464,34.857159],[128.383712,34.861649],[128.386969,34.859615],[128.388675,34.863233],[128.396474,34.863501],[128.396957,34.858405],[128.400442,34.862555],[128.413332,34.858998],[128.414776,34.861462],[128.418195,34.859591],[128.42055,34.86255],[128.415011,34.867383],[128.412855,34.866667],[128.413375,34.864471],[128.40772,34.867326],[128.405195,34.867603],[128.405242,34.865307],[128.384782,34.868472],[128.38562,34.872453],[128.389647,34.874773],[128.38817,34.876167],[128.383085,34.872164],[128.380953,34.872894],[128.381504,34.877655],[128.38479,34.881773],[128.380707,34.888987],[128.376183,34.891041],[128.380291,34.885561],[128.376852,34.881984],[128.371607,34.882917],[128.373239,34.879481],[128.372401,34.875516],[128.376722,34.871271],[128.37253,34.868775],[128.368195,34.872202],[128.363522,34.869791],[128.355749,34.870752],[128.354861,34.875475],[128.357155,34.879979],[128.353179,34.878832],[128.350748,34.886608],[128.349019,34.887144],[128.351065,34.876471],[128.348203,34.872664],[128.34132,34.874353],[128.341767,34.881104],[128.340097,34.882275],[128.339976,34.880766],[128.333393,34.882627],[128.338234,34.877526],[128.328383,34.875409],[128.324731,34.879423],[128.325512,34.882951],[128.328475,34.884111],[128.328072,34.886102],[128.321895,34.883189],[128.319512,34.879042],[128.316725,34.879788],[128.316302,34.883587],[128.310851,34.886996],[128.309133,34.893622],[128.30491,34.897337],[128.299987,34.898095],[128.297638,34.900569],[128.298443,34.902524],[128.308652,34.908805],[128.317565,34.909168],[128.32356,34.906722],[128.338894,34.908517],[128.346274,34.904863],[128.355486,34.909303],[128.350985,34.915729],[128.354444,34.91928],[128.348238,34.919549],[128.346054,34.92199],[128.350695,34.923528],[128.342241,34.925104],[128.346525,34.93283],[128.343873,34.939107],[128.337392,34.935548],[128.33508,34.936471],[128.341789,34.940665],[128.340466,34.948358],[128.333901,34.944474],[128.329811,34.947869],[128.331608,34.953738],[128.321664,34.957993],[128.319777,34.961002],[128.317026,34.960588],[128.320824,34.950054],[128.320805,34.944015],[128.314561,34.942547],[128.314487,34.937942],[128.309603,34.93889],[128.308168,34.941529],[128.308329,34.936985],[128.29999,34.935794],[128.302793,34.921267],[128.304504,34.921313],[128.305241,34.918746],[128.301949,34.917054],[128.30055,34.912142],[128.296039,34.91395],[128.295368,34.910822],[128.288744,34.909741],[128.281917,34.915635],[128.281191,34.908925],[128.283141,34.904362],[128.274028,34.903114],[128.272805,34.899416],[128.270557,34.899824],[128.27071,34.904749],[128.274388,34.90631],[128.274075,34.910119],[128.265692,34.91199],[128.267645,34.918345],[128.260757,34.92292],[128.26108,34.925802],[128.257376,34.929314],[128.258099,34.931139],[128.261105,34.927482],[128.264117,34.927221],[128.268551,34.929969],[128.270011,34.934961],[128.267107,34.93944],[128.264033,34.936964],[128.259517,34.940106],[128.257155,34.935867],[128.249499,34.943404],[128.248195,34.942809],[128.248666,34.937274],[128.24519,34.935787],[128.243715,34.940166],[128.245313,34.943904],[128.239079,34.943562],[128.237916,34.940022],[128.234214,34.942211],[128.227067,34.94083],[128.222797,34.946314],[128.219044,34.944683],[128.218018,34.939131],[128.213045,34.942639],[128.21046,34.941662],[128.211664,34.939669],[128.209067,34.935939],[128.203191,34.940201],[128.19567,34.936009],[128.19899,34.933946],[128.201314,34.928478],[128.204359,34.92491],[128.196869,34.912522],[128.200167,34.901532],[128.203541,34.899263],[128.203337,34.895444],[128.200989,34.893557],[128.187487,34.893425],[128.18646,34.899037],[128.188983,34.903962],[128.186789,34.905416],[128.184341,34.894759],[128.17761,34.899904],[128.178138,34.903611],[128.174686,34.905664],[128.172435,34.903211],[128.17464,34.902473],[128.174864,34.895958],[128.169885,34.896331],[128.168726,34.90172],[128.165796,34.901734],[128.164675,34.898334],[128.161919,34.899137],[128.159415,34.902664],[128.159379,34.906868],[128.156281,34.908454],[128.152146,34.903589],[128.146674,34.904575],[128.150659,34.898699],[128.146117,34.898508],[128.141728,34.90252],[128.140743,34.892876],[128.13273,34.887735],[128.126954,34.894094],[128.121799,34.904418],[128.117531,34.903523],[128.108592,34.906952],[128.102446,34.91417],[128.103319,34.919214],[128.112086,34.923049],[128.116711,34.920856],[128.119466,34.921116],[128.119401,34.921888],[128.110899,34.924166],[128.105781,34.922048],[128.100289,34.925109],[128.098265,34.920324],[128.097972,34.924485],[128.095732,34.926333],[128.089312,34.91854],[128.085512,34.91775],[128.0878,34.926118],[128.077821,34.926778],[128.074523,34.92284],[128.071732,34.923611],[128.071985,34.927159],[128.065121,34.92615],[128.053344,34.929631],[128.047521,34.926002],[128.043491,34.924563],[128.037447,34.918827],[128.035644,34.919643],[128.032787,34.924654],[128.034809,34.927302],[128.036842,34.927028],[128.038569,34.923342],[128.040949,34.923398],[128.04283,34.92472],[128.042279,34.926618],[128.04804,34.926555],[128.052445,34.930737],[128.037844,34.942284],[128.037931,34.947711],[128.033824,34.950639],[128.029549,34.958064],[128.032945,34.95856],[128.045947,34.967425],[128.052262,34.97748],[128.045387,34.98028],[128.038406,34.995784],[128.039569,35.003006],[128.04894,35.011502],[128.049755,35.016134],[128.044574,35.024297],[128.039138,35.021327],[128.03768,35.018084],[128.034525,35.023178],[128.042183,35.031815],[128.038399,35.037431],[128.041504,35.047018],[128.038898,35.048137],[128.038298,35.051206],[128.042782,35.063796],[128.045408,35.067447],[128.061854,35.078628],[128.057244,35.078534],[128.055993,35.08037],[128.058758,35.084427],[128.055639,35.085976],[128.056473,35.087334],[128.054356,35.085623],[128.052422,35.079542],[128.041476,35.073667],[128.040879,35.071165],[128.032709,35.06845],[128.035004,35.062303],[128.028864,35.059199],[128.026435,35.05467],[128.026505,35.051235],[128.031134,35.05101],[128.031342,35.049616],[128.026624,35.042693],[128.026056,35.033414],[128.021136,35.028349],[128.014809,35.028124],[128.008736,35.030309],[128.003145,35.034905],[128.002217,35.042154],[127.994691,35.045651],[127.985308,35.04517],[127.981808,35.035822],[127.976324,35.033304],[127.977142,35.031485],[127.988014,35.033411],[127.987368,35.037903],[127.988822,35.039531],[127.996047,35.03789],[127.995973,35.031821],[128.00917,35.022509],[128.010178,35.016349],[128.008369,35.013418],[128.018773,35.010396],[128.020185,35.003912],[128.014785,34.991073],[128.008956,34.996525],[128.007576,34.995932],[128.01024,34.987024],[128.008144,34.982325],[128.003552,34.983241],[128.005795,34.985241],[128.005427,34.988216],[127.99974,34.983542],[128.001486,34.990285],[128.000166,34.995117],[127.997389,34.99599],[127.993537,34.991665],[127.996582,34.987719],[127.99508,34.985097],[127.99388,34.984445],[127.99423,34.987054],[127.989328,34.989192],[127.987799,34.985464],[127.991532,34.981071],[127.988307,34.97695],[127.986385,34.978574],[127.982765,34.977714],[127.972336,34.986399],[127.974163,34.990194],[127.972027,34.993761],[127.96364,34.994413],[127.957184,34.984077],[127.952772,34.986033],[127.949026,34.98401],[127.953305,34.980753],[127.949544,34.980848],[127.948601,34.978686],[127.952823,34.977481],[127.953276,34.975556],[127.947786,34.976674],[127.934803,34.981822],[127.936734,34.984542],[127.943502,34.984262],[127.938291,34.989141],[127.933577,34.985432],[127.931713,34.992187],[127.934455,34.996563],[127.936593,34.996448],[127.93644,34.993486],[127.939681,34.992908],[127.938147,34.997348],[127.944388,34.999338],[127.935699,34.99794],[127.941088,35.001676],[127.940087,35.004224],[127.936398,35.003699],[127.932385,35.006106],[127.928492,35.012734],[127.922719,35.014191],[127.918589,35.010278],[127.922719,35.0059],[127.916799,34.995412],[127.919161,34.990757],[127.922528,34.988797],[127.918523,34.987988],[127.919742,34.981337],[127.917951,34.97981],[127.91155,34.983972],[127.909004,34.983195],[127.911729,34.97977],[127.910595,34.977603],[127.912098,34.972458],[127.910534,34.970638],[127.911137,34.971943],[127.90786,34.973093],[127.900711,34.968644],[127.903945,34.958327],[127.902166,34.954763],[127.895977,34.954869],[127.894444,34.957813],[127.891469,34.95619],[127.892482,34.953392],[127.887211,34.954872],[127.886578,34.951741],[127.885189,34.955904],[127.881709,34.952997],[127.880826,34.949395],[127.874861,34.946899],[127.863237,34.945752],[127.857624,34.947684],[127.858,34.950613],[127.855231,34.947734],[127.847609,34.946335],[127.845663,34.9472],[127.848099,34.949264],[127.844414,34.948722],[127.842755,34.95507],[127.845316,34.958173],[127.841328,34.9617],[127.839076,34.950916],[127.838642,34.950168],[127.834589,34.949089],[127.82873,34.950879]],[[127.836892,34.94995],[127.838903,34.950938],[127.837067,34.956599],[127.836892,34.94995]],[[127.837003,34.959271],[127.835421,34.958847],[127.837051,34.956655],[127.837003,34.959271]]],[[[127.762694,34.970102],[127.764061,34.971165],[127.766419,34.965078],[127.762063,34.966542],[127.762694,34.970102]]],[[[127.917425,34.972711],[127.917156,34.969946],[127.916495,34.970286],[127.916056,34.972663],[127.917425,34.972711]]],[[[127.917551,34.974182],[127.914954,34.975441],[127.915322,34.976678],[127.922275,34.975582],[127.917551,34.974182]]],[[[127.938748,34.978342],[127.93964,34.977068],[127.934475,34.977167],[127.934788,34.979175],[127.938748,34.978342]]],[[[127.920567,34.983228],[127.920853,34.986072],[127.924789,34.982748],[127.922255,34.980422],[127.920567,34.983228]]],[[[127.965789,34.990029],[127.969609,34.990559],[127.967819,34.989657],[127.971314,34.98405],[127.965956,34.983113],[127.965789,34.990029]]],[[[128.063274,34.681574],[128.063698,34.679193],[128.059071,34.680009],[128.058444,34.683117],[128.063274,34.681574]]],[[[128.048272,34.691868],[128.052103,34.687982],[128.050981,34.683163],[128.046194,34.680902],[128.042963,34.684333],[128.044925,34.690971],[128.048272,34.691868]]],[[[128.060111,34.688154],[128.056901,34.687903],[128.053274,34.691467],[128.05867,34.690382],[128.060111,34.688154]]],[[[128.035633,34.694725],[128.037481,34.693082],[128.034118,34.690322],[128.032712,34.693751],[128.035633,34.694725]]],[[[128.024006,34.698228],[128.026232,34.69739],[128.025124,34.696192],[128.020929,34.695772],[128.024006,34.698228]]],[[[128.050532,34.700111],[128.055626,34.699905],[128.057606,34.695844],[128.052001,34.693774],[128.047123,34.695114],[128.050532,34.700111]]],[[[128.031568,34.696028],[128.029055,34.697578],[128.030054,34.698252],[128.034472,34.696633],[128.031568,34.696028]]],[[[128.060089,34.697279],[128.057824,34.698052],[128.062474,34.70053],[128.065701,34.699375],[128.060089,34.697279]]],[[[127.996649,34.706136],[127.998707,34.704133],[127.997516,34.703128],[127.995271,34.703411],[127.996649,34.706136]]],[[[128.05187,34.722276],[128.055155,34.719829],[128.053091,34.718585],[128.051094,34.719877],[128.05187,34.722276]]],[[[128.063563,34.742091],[128.065518,34.739985],[128.064491,34.739488],[128.059083,34.740011],[128.063563,34.742091]]],[[[128.074078,34.755883],[128.073332,34.751119],[128.071039,34.750028],[128.071662,34.756838],[128.074078,34.755883]]],[[[128.032802,34.841127],[128.031015,34.840503],[128.025649,34.843366],[128.032802,34.841127]]],[[[128.015926,34.892997],[128.014209,34.882396],[128.00995,34.872854],[128.011996,34.867148],[128.01789,34.866446],[128.019796,34.863818],[128.024233,34.866393],[128.02513,34.867619],[128.020138,34.877239],[128.02143,34.881944],[128.034224,34.897276],[128.038374,34.897893],[128.038676,34.8939],[128.043491,34.898285],[128.047972,34.897158],[128.048026,34.8944],[128.042099,34.89271],[128.043124,34.890676],[128.047273,34.890634],[128.049972,34.888071],[128.050655,34.886302],[128.047084,34.884183],[128.047666,34.882211],[128.049699,34.884549],[128.05524,34.885287],[128.060362,34.883043],[128.058313,34.879449],[128.059924,34.87865],[128.060905,34.880761],[128.064114,34.878142],[128.062365,34.875644],[128.0645,34.870842],[128.067001,34.870338],[128.065301,34.861682],[128.057838,34.859682],[128.053453,34.852888],[128.054755,34.851985],[128.062347,34.855873],[128.062432,34.850935],[128.064838,34.84992],[128.060747,34.848301],[128.061529,34.844498],[128.076842,34.843931],[128.076878,34.839124],[128.081305,34.839159],[128.085022,34.836744],[128.084535,34.832953],[128.086962,34.828385],[128.077497,34.828271],[128.077124,34.832359],[128.07119,34.835757],[128.070352,34.832047],[128.06345,34.830342],[128.062256,34.833976],[128.05385,34.838231],[128.046484,34.835507],[128.024849,34.84647],[128.022902,34.84407],[128.024083,34.839228],[128.020923,34.839162],[128.019616,34.84289],[128.018534,34.837509],[128.012341,34.838397],[128.002667,34.835953],[127.987272,34.836404],[127.979286,34.840994],[127.96862,34.843563],[127.970405,34.848473],[127.965118,34.8525],[127.960867,34.863942],[127.961429,34.869738],[127.971389,34.877729],[127.978288,34.880092],[127.977642,34.886421],[127.980749,34.885847],[127.986866,34.894173],[127.990296,34.894952],[127.990063,34.900676],[127.987463,34.901262],[127.987664,34.902766],[127.993274,34.904006],[127.995921,34.908684],[128.003033,34.913674],[128.0025,34.915246],[128.006657,34.916879],[128.00701,34.919549],[128.01682,34.921199],[128.022225,34.919567],[128.029887,34.92228],[128.033403,34.919518],[128.033238,34.917114],[128.025641,34.901723],[128.015926,34.892997]]],[[[128.028526,34.900447],[128.030582,34.895092],[128.021393,34.88633],[128.024242,34.896332],[128.028526,34.900447]]],[[[128.080715,34.889582],[128.075095,34.885691],[128.070361,34.889745],[128.073228,34.894287],[128.072334,34.900071],[128.073673,34.901626],[128.071646,34.908908],[128.075162,34.910909],[128.080688,34.907492],[128.078644,34.904287],[128.082366,34.902678],[128.079559,34.901055],[128.084898,34.896637],[128.076689,34.894489],[128.077072,34.890474],[128.080715,34.889582]]],[[[128.060021,34.902798],[128.060546,34.901007],[128.056271,34.900541],[128.060021,34.902798]]],[[[128.08384,34.909314],[128.084892,34.909102],[128.082087,34.906278],[128.081338,34.908702],[128.08384,34.909314]]],[[[128.063653,34.909092],[128.064543,34.908821],[128.064123,34.907161],[128.061975,34.908251],[128.063653,34.909092]]],[[[128.045824,34.922627],[128.046003,34.921936],[128.043629,34.921692],[128.043403,34.923481],[128.045824,34.922627]]],[[[128.031584,34.927373],[128.028479,34.926708],[128.028111,34.929114],[128.031584,34.927373]]],[[[128.033622,34.936106],[128.033737,34.934479],[128.027959,34.935481],[128.027991,34.938115],[128.030655,34.938597],[128.033622,34.936106]]],[[[128.029003,34.942497],[128.029803,34.946526],[128.032223,34.943871],[128.029003,34.942497]]],[[[127.972101,34.962242],[127.969193,34.961515],[127.970253,34.962792],[127.972101,34.962242]]],[[[127.985695,34.96688],[127.988273,34.968598],[127.987386,34.973348],[127.99137,34.97056],[127.995284,34.970444],[127.990578,34.965742],[127.984078,34.965844],[127.981928,34.963478],[127.973796,34.96558],[127.964122,34.97099],[127.962349,34.980366],[127.963918,34.982385],[127.973595,34.980323],[127.98152,34.96907],[127.985695,34.96688]]],[[[127.998264,34.974964],[127.997491,34.973104],[127.99385,34.972859],[127.994906,34.977597],[127.998264,34.974964]]],[[[128.180399,34.563071],[128.183512,34.562885],[128.18532,34.572103],[128.190082,34.571773],[128.185091,34.560233],[128.178762,34.561222],[128.180399,34.563071]]],[[[128.301281,34.618602],[128.299105,34.61781],[128.297872,34.62157],[128.305312,34.625627],[128.309156,34.6162],[128.308125,34.615246],[128.301281,34.618602]]],[[[128.258282,34.645054],[128.264246,34.645472],[128.274105,34.640001],[128.27321,34.635325],[128.265123,34.634367],[128.274704,34.62477],[128.278475,34.628213],[128.278855,34.633799],[128.284413,34.638569],[128.290546,34.641014],[128.299234,34.639837],[128.299065,34.638139],[128.293654,34.635011],[128.296602,34.631378],[128.292097,34.62877],[128.289853,34.630196],[128.287376,34.626629],[128.286656,34.624068],[128.289539,34.619918],[128.2861,34.621642],[128.275585,34.619308],[128.272221,34.620865],[128.271475,34.623725],[128.263275,34.627373],[128.255914,34.619104],[128.254296,34.620369],[128.244091,34.618371],[128.245697,34.614405],[128.24329,34.61158],[128.235464,34.611787],[128.231263,34.617594],[128.241685,34.618827],[128.242736,34.622728],[128.234638,34.628574],[128.236793,34.635439],[128.229574,34.630661],[128.225151,34.63247],[128.223583,34.638087],[128.233436,34.639221],[128.235319,34.641214],[128.234909,34.643962],[128.227652,34.648808],[128.234029,34.652994],[128.236838,34.650748],[128.242642,34.652597],[128.252363,34.649355],[128.258282,34.645054]]],[[[128.260318,34.661407],[128.26114,34.660119],[128.259786,34.659498],[128.257577,34.661067],[128.260318,34.661407]]],[[[128.2437,34.667224],[128.248926,34.665715],[128.251611,34.668375],[128.254435,34.668271],[128.257304,34.666442],[128.253935,34.661936],[128.243791,34.664462],[128.2437,34.667224]]],[[[128.266744,34.669803],[128.268854,34.665873],[128.26727,34.664823],[128.262939,34.666469],[128.266744,34.669803]]],[[[128.302116,34.670778],[128.305178,34.671358],[128.305676,34.665975],[128.300957,34.666826],[128.302116,34.670778]]],[[[128.308516,34.6727],[128.307522,34.67066],[128.306915,34.670686],[128.306659,34.67308],[128.308516,34.6727]]],[[[128.277824,34.675217],[128.279221,34.675498],[128.27848,34.672784],[128.276688,34.673348],[128.277824,34.675217]]],[[[128.255537,34.670994],[128.243967,34.667733],[128.241933,34.671131],[128.23322,34.670503],[128.227071,34.67316],[128.221983,34.673031],[128.218255,34.679744],[128.221745,34.68045],[128.223528,34.675411],[128.229983,34.673136],[128.232816,34.673751],[128.233467,34.677828],[128.246566,34.677979],[128.25262,34.681155],[128.25426,34.674757],[128.259984,34.67498],[128.255537,34.670994]]],[[[128.26324,34.682758],[128.267792,34.678669],[128.265749,34.678454],[128.259507,34.681299],[128.26324,34.682758]]],[[[128.280316,34.687152],[128.279104,34.687526],[128.285203,34.691502],[128.288703,34.687636],[128.280316,34.687152]]],[[[128.191023,34.711365],[128.199234,34.705951],[128.201788,34.702387],[128.200026,34.698105],[128.202308,34.69565],[128.202377,34.691158],[128.197639,34.688497],[128.193759,34.692222],[128.183854,34.690393],[128.167715,34.702075],[128.168078,34.706955],[128.176213,34.711591],[128.182321,34.709158],[128.191023,34.711365]]],[[[128.29799,34.748899],[128.302662,34.745826],[128.292053,34.748254],[128.288433,34.753172],[128.287165,34.760024],[128.294508,34.763071],[128.300394,34.758196],[128.307923,34.756281],[128.306576,34.751533],[128.300678,34.753695],[128.29799,34.748899]]],[[[128.249083,34.796375],[128.252584,34.794976],[128.25027,34.793742],[128.249083,34.796375]]],[[[128.257809,34.801544],[128.256981,34.799542],[128.255261,34.803736],[128.256691,34.805152],[128.257809,34.801544]]],[[[128.250802,34.824431],[128.265326,34.818363],[128.266271,34.815443],[128.263139,34.813884],[128.260335,34.809163],[128.254761,34.808057],[128.245792,34.809817],[128.244858,34.813475],[128.238368,34.81098],[128.238291,34.809001],[128.242992,34.80841],[128.245661,34.801146],[128.246055,34.799162],[128.242224,34.794855],[128.238785,34.794774],[128.239433,34.797173],[128.236669,34.801276],[128.225509,34.799759],[128.222582,34.802466],[128.223885,34.807769],[128.213321,34.806789],[128.20866,34.808193],[128.209792,34.811546],[128.215552,34.812498],[128.213565,34.815118],[128.198392,34.817946],[128.20085,34.825338],[128.204903,34.822193],[128.211346,34.821508],[128.211943,34.823676],[128.206721,34.827391],[128.212478,34.831292],[128.217492,34.839058],[128.225203,34.837971],[128.236534,34.841505],[128.237983,34.837532],[128.2409,34.834164],[128.245307,34.832722],[128.250802,34.824431]]],[[[128.17768,34.818916],[128.173544,34.820522],[128.176447,34.821906],[128.178033,34.821684],[128.17768,34.818916]]],[[[128.141678,34.824594],[128.135734,34.823351],[128.129271,34.825593],[128.124438,34.831922],[128.125866,34.834922],[128.132882,34.836104],[128.143663,34.831328],[128.141678,34.824594]]],[[[128.159363,34.836478],[128.159607,34.835147],[128.15815,34.83518],[128.157669,34.837537],[128.159363,34.836478]]],[[[128.223086,34.852396],[128.23295,34.845227],[128.228477,34.841773],[128.221402,34.844058],[128.221635,34.842199],[128.219631,34.841577],[128.214975,34.843266],[128.203683,34.841807],[128.200442,34.839482],[128.199114,34.831569],[128.189843,34.825848],[128.181708,34.826713],[128.179569,34.828733],[128.179002,34.831523],[128.18398,34.834117],[128.182208,34.83749],[128.179507,34.836517],[128.172078,34.838374],[128.167014,34.841957],[128.168289,34.852434],[128.190585,34.859359],[128.195802,34.860379],[128.205137,34.858287],[128.210471,34.855449],[128.210511,34.852236],[128.223086,34.852396]]],[[[128.177603,34.891918],[128.182114,34.88969],[128.181469,34.884236],[128.176459,34.885892],[128.177603,34.891918]]],[[[128.281451,34.890952],[128.279689,34.890557],[128.279237,34.891027],[128.280642,34.893727],[128.281451,34.890952]]],[[[128.249524,34.894095],[128.251979,34.896957],[128.254936,34.895041],[128.252702,34.891244],[128.249524,34.894095]]],[[[128.208335,34.908955],[128.207868,34.906803],[128.206639,34.907072],[128.206441,34.908718],[128.208335,34.908955]]],[[[128.263576,34.917396],[128.263469,34.91569],[128.261987,34.915763],[128.260885,34.918305],[128.263576,34.917396]]],[[[128.206197,34.922034],[128.207761,34.922227],[128.208,34.918921],[128.206197,34.922034]]],[[[128.308699,34.926545],[128.312147,34.921297],[128.310249,34.922152],[128.308699,34.926545]]],[[[128.223487,34.933908],[128.227279,34.933414],[128.227365,34.928594],[128.223242,34.922773],[128.217669,34.92589],[128.217937,34.927972],[128.220398,34.928468],[128.219806,34.93121],[128.223487,34.933908]]],[[[128.261341,34.933964],[128.263222,34.93391],[128.262593,34.928186],[128.260707,34.930964],[128.261341,34.933964]]],[[[128.2024,34.933783],[128.203787,34.931463],[128.199334,34.933281],[128.2024,34.933783]]],[[[128.250885,34.936911],[128.252572,34.93507],[128.250559,34.933295],[128.249396,34.935063],[128.250885,34.936911]]],[[[128.239178,34.938369],[128.238207,34.935633],[128.237352,34.936132],[128.237157,34.93923],[128.239178,34.938369]]],[[[128.445038,34.548573],[128.447395,34.547211],[128.446258,34.543859],[128.44034,34.538925],[128.435277,34.537385],[128.435569,34.540692],[128.445038,34.548573]]],[[[128.322295,34.622461],[128.326476,34.619884],[128.318295,34.619504],[128.314765,34.622587],[128.31606,34.62385],[128.322295,34.622461]]],[[[128.394358,34.637293],[128.388241,34.636084],[128.38819,34.637755],[128.394054,34.639637],[128.394358,34.637293]]],[[[128.360421,34.647486],[128.362749,34.64866],[128.367863,34.646193],[128.368243,34.642038],[128.371199,34.640754],[128.376503,34.645229],[128.378846,34.644875],[128.381255,34.640022],[128.375589,34.638571],[128.37899,34.633062],[128.362164,34.642808],[128.359924,34.642895],[128.356211,34.638832],[128.345745,34.641434],[128.343526,34.645197],[128.344078,34.649576],[128.349363,34.649928],[128.352011,34.652406],[128.360421,34.647486]]],[[[128.348329,34.662019],[128.35179,34.657136],[128.350728,34.655284],[128.341435,34.657956],[128.33963,34.662773],[128.348329,34.662019]]],[[[128.315562,34.66374],[128.317346,34.658599],[128.314491,34.659771],[128.315562,34.66374]]],[[[128.427044,34.732655],[128.429741,34.730016],[128.428483,34.71967],[128.423821,34.721995],[128.423366,34.730218],[128.427044,34.732655]]],[[[128.392323,34.736124],[128.39978,34.74059],[128.405887,34.735874],[128.406552,34.729595],[128.397994,34.72986],[128.392323,34.736124]]],[[[128.391828,34.736828],[128.378235,34.73788],[128.380698,34.741094],[128.388454,34.740953],[128.391828,34.736828]]],[[[128.414795,34.746566],[128.404058,34.741637],[128.402138,34.742998],[128.403204,34.745869],[128.398894,34.746772],[128.404245,34.750349],[128.407462,34.747883],[128.420054,34.747454],[128.421346,34.754817],[128.424675,34.755907],[128.426259,34.754449],[128.422611,34.745973],[128.41697,34.744051],[128.414795,34.746566]]],[[[128.393829,34.754716],[128.395958,34.75259],[128.398323,34.75355],[128.398641,34.755929],[128.401527,34.755477],[128.399935,34.750416],[128.394268,34.751287],[128.391394,34.754114],[128.393829,34.754716]]],[[[128.40868,34.75261],[128.403888,34.752572],[128.406462,34.755462],[128.409139,34.755226],[128.40868,34.75261]]],[[[128.390589,34.766433],[128.392157,34.763962],[128.390597,34.764101],[128.390589,34.766433]]],[[[128.368372,34.771503],[128.369126,34.770994],[128.366837,34.769282],[128.368372,34.771503]]],[[[128.37998,34.780834],[128.380951,34.780693],[128.379392,34.778202],[128.377131,34.779209],[128.37998,34.780834]]],[[[128.363492,34.776835],[128.359912,34.774215],[128.355368,34.778916],[128.35681,34.780775],[128.36187,34.779791],[128.362584,34.784754],[128.368736,34.786332],[128.368997,34.784126],[128.374334,34.7826],[128.372067,34.775999],[128.363492,34.776835]]],[[[128.358401,34.787114],[128.362305,34.785688],[128.361132,34.784582],[128.358868,34.784644],[128.358401,34.787114]]],[[[128.355222,34.821328],[128.360331,34.818302],[128.357138,34.814756],[128.363545,34.814965],[128.369302,34.811295],[128.356438,34.812777],[128.346434,34.817235],[128.346624,34.819517],[128.350521,34.821982],[128.353983,34.820142],[128.355222,34.821328]]],[[[128.344592,34.81905],[128.345393,34.81701],[128.344459,34.816931],[128.342785,34.818046],[128.344592,34.81905]]],[[[128.314256,34.830664],[128.313776,34.833063],[128.31713,34.833134],[128.319595,34.83556],[128.317465,34.831121],[128.314256,34.830664]]],[[[128.357833,34.852818],[128.359709,34.851179],[128.358702,34.850711],[128.354493,34.852018],[128.357833,34.852818]]],[[[128.368565,34.85365],[128.369401,34.850124],[128.367516,34.850464],[128.36622,34.853595],[128.368565,34.85365]]],[[[128.347323,34.866114],[128.343536,34.864735],[128.349889,34.867292],[128.351265,34.863686],[128.347323,34.866114]]],[[[128.338733,34.868925],[128.33883,34.868544],[128.332892,34.871124],[128.338733,34.868925]]],[[[128.376735,34.876191],[128.37625,34.87569],[128.37415,34.877955],[128.375531,34.878662],[128.376735,34.876191]]],[[[128.425313,34.895068],[128.42353,34.889533],[128.421134,34.894098],[128.424551,34.896559],[128.425313,34.895068]]],[[[128.324546,34.922588],[128.318256,34.922204],[128.321057,34.9268],[128.324505,34.925203],[128.324546,34.922588]]],[[[128.337782,34.924172],[128.340308,34.923929],[128.335993,34.921675],[128.33768,34.926873],[128.337782,34.924172]]],[[[128.341271,34.924051],[128.340308,34.923929],[128.342241,34.925104],[128.341271,34.924051]]],[[[128.333677,34.927922],[128.331605,34.922799],[128.32868,34.921913],[128.330122,34.926001],[128.333677,34.927922]]],[[[128.439683,34.925717],[128.433083,34.924822],[128.433771,34.925914],[128.438166,34.927259],[128.439683,34.925717]]],[[[128.342669,34.931027],[128.338158,34.930182],[128.339122,34.931245],[128.342669,34.931027]]],[[[128.327083,34.942738],[128.324615,34.941337],[128.324243,34.941794],[128.325134,34.943428],[128.327083,34.942738]]],[[[128.433368,34.941655],[128.433075,34.94415],[128.435857,34.944464],[128.433368,34.941655]]],[[[128.550047,34.61838],[128.545166,34.618695],[128.545501,34.620729],[128.548523,34.621824],[128.550047,34.61838]]],[[[128.556471,34.630913],[128.551753,34.62184],[128.549461,34.622187],[128.545415,34.627888],[128.549254,34.630707],[128.556471,34.630913]]],[[[128.547477,34.701279],[128.549665,34.697116],[128.544147,34.697353],[128.541291,34.699679],[128.547477,34.701279]]],[[[128.557947,34.705625],[128.559218,34.703944],[128.557438,34.702744],[128.555306,34.704595],[128.557947,34.705625]]],[[[128.56622,34.707507],[128.566008,34.706607],[128.560491,34.707073],[128.55272,34.718309],[128.559779,34.715882],[128.56622,34.707507]]],[[[128.462194,34.720563],[128.460976,34.716891],[128.466251,34.711779],[128.467103,34.706782],[128.456882,34.702354],[128.451101,34.704165],[128.447672,34.708413],[128.45045,34.713674],[128.45987,34.717969],[128.459114,34.721424],[128.454471,34.726435],[128.454968,34.728985],[128.460426,34.731545],[128.464062,34.735892],[128.471762,34.729285],[128.465101,34.721365],[128.462194,34.720563]]],[[[128.45439,34.722214],[128.452456,34.719965],[128.45215,34.720181],[128.45282,34.7228],[128.45439,34.722214]]],[[[128.529638,34.727048],[128.519889,34.728528],[128.522905,34.733032],[128.529557,34.73524],[128.537552,34.732127],[128.535434,34.728928],[128.529638,34.727048]]],[[[128.502612,34.739397],[128.505965,34.740321],[128.514597,34.73683],[128.514347,34.734297],[128.504419,34.732087],[128.501541,34.738292],[128.495451,34.731438],[128.486042,34.73646],[128.481596,34.734924],[128.48315,34.737503],[128.481721,34.739392],[128.467,34.739037],[128.465782,34.741069],[128.475015,34.746677],[128.485116,34.745265],[128.494188,34.750382],[128.497015,34.748733],[128.502612,34.739397]]],[[[128.534514,34.764413],[128.530047,34.761698],[128.530536,34.757812],[128.538041,34.756875],[128.541657,34.760653],[128.546512,34.761604],[128.558943,34.759915],[128.560692,34.756047],[128.554211,34.755125],[128.553813,34.753566],[128.560926,34.750458],[128.551338,34.747959],[128.535815,34.754831],[128.524781,34.754653],[128.515897,34.758747],[128.510948,34.75875],[128.509231,34.764983],[128.513147,34.766675],[128.534514,34.764413]]],[[[128.529361,34.766053],[128.529173,34.766501],[128.531385,34.766696],[128.529361,34.766053]]],[[[128.46377,34.779071],[128.460744,34.775217],[128.460646,34.779503],[128.46377,34.779071]]],[[[128.497541,34.786878],[128.497889,34.785682],[128.494696,34.785473],[128.497541,34.786878]]],[[[128.533295,34.7883],[128.535197,34.787308],[128.531308,34.785539],[128.533295,34.7883]]],[[[128.482397,34.808701],[128.484535,34.813505],[128.4893,34.812813],[128.485172,34.807369],[128.491807,34.801473],[128.489799,34.795744],[128.493447,34.782699],[128.497511,34.781834],[128.504848,34.784521],[128.506735,34.783592],[128.505077,34.781016],[128.510941,34.778913],[128.510614,34.770555],[128.508622,34.766646],[128.501103,34.764933],[128.491223,34.75724],[128.484266,34.757915],[128.478564,34.762157],[128.474991,34.758846],[128.469491,34.760767],[128.473301,34.771027],[128.47291,34.775595],[128.468541,34.783141],[128.464763,34.781666],[128.459423,34.786495],[128.462229,34.789186],[128.461397,34.793905],[128.463536,34.796847],[128.461353,34.806],[128.468589,34.800871],[128.466016,34.787941],[128.467443,34.787864],[128.468708,34.795185],[128.472805,34.796917],[128.472889,34.803726],[128.476495,34.804588],[128.482211,34.799749],[128.482429,34.797603],[128.485765,34.797743],[128.478404,34.806075],[128.468708,34.804652],[128.466896,34.81057],[128.464046,34.810967],[128.468231,34.817658],[128.478017,34.815758],[128.484758,34.81782],[128.483541,34.815299],[128.478684,34.81415],[128.48023,34.808395],[128.482397,34.808701]]],[[[128.513336,34.798194],[128.519345,34.798223],[128.519044,34.795556],[128.521233,34.793144],[128.51606,34.792353],[128.51055,34.795454],[128.513336,34.798194]]],[[[128.507699,34.799373],[128.504968,34.792161],[128.504959,34.787045],[128.501792,34.78819],[128.500027,34.792637],[128.498595,34.790003],[128.494763,34.791432],[128.494689,34.794337],[128.49792,34.796718],[128.498064,34.802396],[128.500404,34.804165],[128.502713,34.801993],[128.510912,34.80075],[128.507699,34.799373]]],[[[128.491399,34.812977],[128.496186,34.813397],[128.499324,34.81143],[128.494018,34.809299],[128.491399,34.812977]]],[[[128.459506,34.813002],[128.456024,34.809621],[128.455535,34.811499],[128.458837,34.815076],[128.459506,34.813002]]],[[[128.526369,34.811546],[128.530144,34.813391],[128.534244,34.822555],[128.54185,34.825221],[128.546897,34.823402],[128.54684,34.816486],[128.540717,34.806997],[128.534979,34.803106],[128.528001,34.802635],[128.526369,34.811546]]],[[[128.470456,34.82964],[128.479502,34.825007],[128.476417,34.820651],[128.471332,34.82167],[128.468538,34.825588],[128.462865,34.827204],[128.463465,34.832739],[128.465556,34.835073],[128.472951,34.833125],[128.473396,34.831318],[128.470456,34.82964]]],[[[128.4941,34.831637],[128.496856,34.831422],[128.496023,34.828065],[128.493123,34.82838],[128.4941,34.831637]]],[[[128.456313,34.837952],[128.462282,34.838659],[128.459667,34.836918],[128.455209,34.836745],[128.456313,34.837952]]],[[[128.711051,34.878511],[128.714546,34.874842],[128.718415,34.877224],[128.71791,34.881998],[128.723635,34.882125],[128.724309,34.887108],[128.72941,34.888797],[128.731754,34.891701],[128.734951,34.891068],[128.735747,34.885555],[128.739857,34.885],[128.741251,34.88793],[128.752284,34.895563],[128.749528,34.88923],[128.743599,34.884289],[128.744966,34.879413],[128.738915,34.878298],[128.741594,34.875961],[128.744167,34.868405],[128.733564,34.861952],[128.72863,34.86258],[128.729283,34.867147],[128.724722,34.866894],[128.723825,34.864843],[128.729579,34.858698],[128.730043,34.853009],[128.734586,34.851864],[128.736561,34.846393],[128.734984,34.842737],[128.725607,34.840973],[128.720357,34.849116],[128.717168,34.849457],[128.703146,34.841904],[128.701286,34.839263],[128.704061,34.831889],[128.710317,34.828759],[128.719029,34.837955],[128.724835,34.833544],[128.726782,34.829188],[128.725866,34.826428],[128.7194,34.824841],[128.721031,34.815631],[128.72768,34.81059],[128.733107,34.799886],[128.737374,34.798942],[128.740669,34.792535],[128.740761,34.786703],[128.736238,34.785619],[128.727916,34.79254],[128.720076,34.791767],[128.709309,34.794569],[128.709273,34.798015],[128.713379,34.799636],[128.714393,34.802006],[128.708073,34.812608],[128.696379,34.806941],[128.69537,34.804746],[128.699496,34.802127],[128.699077,34.797362],[128.691344,34.796587],[128.687939,34.797782],[128.687762,34.79964],[128.692921,34.805575],[128.691568,34.807538],[128.673462,34.813353],[128.66872,34.812093],[128.66728,34.809816],[128.669879,34.805805],[128.666572,34.801239],[128.669408,34.798374],[128.66694,34.79293],[128.674345,34.785731],[128.670048,34.780102],[128.664824,34.779047],[128.657755,34.774019],[128.648954,34.779015],[128.646252,34.778217],[128.641325,34.773513],[128.63832,34.763005],[128.649883,34.750778],[128.647436,34.747112],[128.652889,34.742742],[128.662111,34.742181],[128.668515,34.745792],[128.676073,34.744492],[128.683587,34.737752],[128.682959,34.736075],[128.677644,34.737417],[128.675793,34.736237],[128.676266,34.728014],[128.671472,34.730416],[128.670906,34.738641],[128.666492,34.735007],[128.662057,34.737179],[128.656015,34.736658],[128.655428,34.739304],[128.653783,34.739326],[128.651662,34.733777],[128.638894,34.735126],[128.628638,34.729849],[128.627516,34.732791],[128.629839,34.73472],[128.627312,34.736336],[128.625612,34.73357],[128.621563,34.732116],[128.620966,34.729636],[128.622497,34.728485],[128.621899,34.730604],[128.625285,34.73086],[128.627905,34.729318],[128.631382,34.720211],[128.638551,34.717702],[128.6421,34.712378],[128.635263,34.708475],[128.627577,34.712573],[128.623338,34.712554],[128.618815,34.705528],[128.615797,34.705342],[128.610233,34.701119],[128.599684,34.703594],[128.59747,34.707242],[128.591829,34.708446],[128.585309,34.706722],[128.5802,34.702265],[128.576631,34.701935],[128.575525,34.706246],[128.578796,34.710123],[128.58028,34.716089],[128.586577,34.715706],[128.587527,34.717578],[128.583159,34.723364],[128.593488,34.723531],[128.603326,34.726643],[128.604414,34.730926],[128.606889,34.731345],[128.605596,34.735327],[128.600412,34.736676],[128.595448,34.735158],[128.59075,34.737856],[128.585994,34.736846],[128.576825,34.741054],[128.577519,34.753559],[128.58178,34.756519],[128.578961,34.762058],[128.583681,34.765088],[128.587275,34.7618],[128.590713,34.764695],[128.599279,34.763226],[128.600676,34.764564],[128.601083,34.766745],[128.590745,34.770482],[128.59701,34.777456],[128.581765,34.775127],[128.575693,34.77826],[128.573578,34.774496],[128.567288,34.772892],[128.568015,34.770777],[128.563959,34.765669],[128.554521,34.766421],[128.551878,34.775301],[128.555267,34.778944],[128.560751,34.778452],[128.568555,34.785829],[128.556866,34.789244],[128.55524,34.784315],[128.543056,34.774886],[128.53991,34.777454],[128.542222,34.785007],[128.53829,34.786531],[128.538066,34.788219],[128.548048,34.789145],[128.550825,34.794165],[128.562521,34.791067],[128.564216,34.792835],[128.579067,34.794434],[128.583596,34.797429],[128.584479,34.803525],[128.581833,34.805476],[128.584955,34.808384],[128.58359,34.817184],[128.585445,34.820635],[128.595012,34.826302],[128.595057,34.828618],[128.59286,34.827383],[128.586234,34.831983],[128.584585,34.838917],[128.575862,34.843342],[128.581582,34.844274],[128.587221,34.840971],[128.588634,34.84693],[128.577917,34.853688],[128.573166,34.854211],[128.56735,34.846115],[128.563205,34.843631],[128.563344,34.832704],[128.543209,34.833716],[128.540498,34.835806],[128.537896,34.834098],[128.539039,34.831231],[128.53653,34.829103],[128.532831,34.831373],[128.533813,34.833562],[128.524247,34.832424],[128.523639,34.831194],[128.527833,34.829527],[128.521109,34.826803],[128.526813,34.825578],[128.528464,34.821216],[128.522278,34.823915],[128.519425,34.822419],[128.523925,34.816583],[128.516516,34.808113],[128.510494,34.80894],[128.509136,34.817705],[128.501635,34.822553],[128.500553,34.825408],[128.503021,34.828176],[128.501407,34.83319],[128.507994,34.837653],[128.496634,34.832804],[128.493218,34.836225],[128.481822,34.840359],[128.478344,34.848939],[128.481367,34.855342],[128.475766,34.855659],[128.475739,34.868462],[128.471725,34.872671],[128.472432,34.877497],[128.475986,34.879345],[128.475796,34.883002],[128.479439,34.886991],[128.483899,34.888138],[128.490478,34.896376],[128.491677,34.900605],[128.494311,34.901479],[128.498289,34.89849],[128.501164,34.902235],[128.497656,34.902993],[128.496868,34.907372],[128.506451,34.903892],[128.505735,34.90659],[128.499586,34.910909],[128.502856,34.911079],[128.507238,34.907832],[128.514065,34.909133],[128.516304,34.9115],[128.515042,34.915087],[128.518259,34.915105],[128.52725,34.923773],[128.540931,34.917445],[128.547816,34.908389],[128.55524,34.906908],[128.559947,34.902345],[128.567873,34.899381],[128.573024,34.899189],[128.576027,34.901418],[128.575769,34.903942],[128.570421,34.907204],[128.570703,34.908629],[128.585606,34.914086],[128.588979,34.906968],[128.592903,34.906648],[128.592707,34.903637],[128.598261,34.900941],[128.607028,34.906273],[128.606562,34.900185],[128.612032,34.90131],[128.614454,34.89814],[128.614216,34.894873],[128.61816,34.891228],[128.623971,34.892042],[128.626009,34.898155],[128.616483,34.908716],[128.61543,34.916618],[128.613541,34.916519],[128.614264,34.914894],[128.612344,34.913181],[128.60778,34.915166],[128.611236,34.92324],[128.603606,34.924765],[128.597212,34.936395],[128.587275,34.941281],[128.585495,34.946428],[128.582593,34.9484],[128.586923,34.94728],[128.58821,34.953067],[128.593786,34.949512],[128.59653,34.951507],[128.599441,34.956113],[128.597389,34.965523],[128.598971,34.968211],[128.606069,34.970343],[128.610735,34.968346],[128.611731,34.965141],[128.60901,34.964306],[128.606186,34.958249],[128.616302,34.964306],[128.631793,34.962551],[128.632766,34.964183],[128.630223,34.966442],[128.631422,34.967587],[128.636093,34.965879],[128.636401,34.96365],[128.64383,34.958713],[128.646704,34.961286],[128.650424,34.959107],[128.650465,34.961138],[128.646498,34.96274],[128.646005,34.967487],[128.650062,34.976901],[128.652034,34.97676],[128.650179,34.979248],[128.646847,34.980344],[128.637486,34.977316],[128.63041,34.977743],[128.628785,34.975596],[128.622308,34.98296],[128.619171,34.981363],[128.617751,34.974683],[128.61261,34.972487],[128.608668,34.974708],[128.612531,34.980439],[128.610966,34.984316],[128.615656,34.987386],[128.617891,34.98483],[128.621318,34.98623],[128.621969,34.989499],[128.625901,34.992771],[128.625124,34.99495],[128.615276,34.994889],[128.616531,34.999113],[128.633713,34.999524],[128.634594,35.002548],[128.631069,35.005101],[128.630909,35.008862],[128.63649,35.015322],[128.638726,35.015725],[128.64137,35.013087],[128.640347,35.0118],[128.644182,35.013001],[128.648602,35.022916],[128.653501,35.017549],[128.655484,35.011209],[128.652808,35.009318],[128.653715,35.004872],[128.649945,35.003959],[128.64653,35.000266],[128.647283,34.996883],[128.652784,34.996471],[128.651551,34.993451],[128.647889,34.994947],[128.645755,34.993771],[128.648352,34.9859],[128.647311,34.98071],[128.655067,34.978822],[128.657849,34.980229],[128.658893,34.982369],[128.652816,34.984127],[128.6554,34.991017],[128.665967,34.989644],[128.658858,34.994097],[128.658662,34.997897],[128.663689,34.99794],[128.660903,35.001217],[128.66564,35.00037],[128.665945,34.994434],[128.66873,34.99835],[128.6712,34.998612],[128.675211,34.988918],[128.679026,34.987333],[128.681574,34.991401],[128.678604,34.996088],[128.673653,34.997985],[128.67316,35.000365],[128.682325,35.001672],[128.681526,35.006685],[128.6797,35.008539],[128.676177,35.003843],[128.667512,35.006483],[128.667062,35.008021],[128.667608,35.011202],[128.67119,35.012882],[128.671494,35.021924],[128.668999,35.026426],[128.675018,35.020758],[128.675255,35.032371],[128.683329,35.03306],[128.684447,35.034774],[128.676279,35.038347],[128.674701,35.040613],[128.676934,35.040978],[128.686877,35.038912],[128.692608,35.030924],[128.699301,35.031769],[128.699473,35.037155],[128.705829,35.031875],[128.712575,35.032324],[128.718549,35.024618],[128.721718,35.023733],[128.72203,35.018573],[128.717569,35.012295],[128.717624,35.00913],[128.712848,35.005046],[128.710692,35.005422],[128.709138,35.008756],[128.702467,35.006017],[128.70154,35.001928],[128.706873,35.001062],[128.707518,34.997346],[128.704322,34.996896],[128.702256,34.998754],[128.694356,34.997604],[128.693346,34.995246],[128.694676,34.992706],[128.700142,34.992482],[128.701371,34.990833],[128.697879,34.981857],[128.695511,34.980703],[128.697158,34.973118],[128.699997,34.970903],[128.70369,34.972186],[128.706762,34.966735],[128.716577,34.964719],[128.718919,34.961769],[128.71539,34.959694],[128.715764,34.957445],[128.727334,34.946965],[128.726225,34.937046],[128.721393,34.935779],[128.722165,34.93824],[128.72024,34.940986],[128.718705,34.939426],[128.720847,34.938407],[128.719059,34.936208],[128.715698,34.936404],[128.720325,34.93357],[128.720011,34.927169],[128.717259,34.924786],[128.720617,34.918757],[128.72402,34.91777],[128.723815,34.91369],[128.720724,34.909483],[128.713268,34.912953],[128.710441,34.910501],[128.717491,34.900555],[128.707394,34.899076],[128.703977,34.891305],[128.696719,34.891348],[128.698123,34.885321],[128.69599,34.881353],[128.711051,34.878511]]],[[[128.466222,34.867939],[128.469074,34.868977],[128.468483,34.863946],[128.465843,34.863808],[128.466222,34.867939]]],[[[128.484002,34.897342],[128.485918,34.895035],[128.481529,34.895285],[128.480972,34.896688],[128.484002,34.897342]]],[[[128.475186,34.911433],[128.479581,34.909188],[128.476266,34.904502],[128.46614,34.905761],[128.46393,34.909768],[128.464447,34.913668],[128.468146,34.917868],[128.464914,34.920848],[128.475091,34.918933],[128.47231,34.917516],[128.475186,34.911433]]],[[[128.566178,34.912681],[128.565695,34.911668],[128.56371,34.911986],[128.563463,34.915162],[128.566178,34.912681]]],[[[128.485502,34.917114],[128.486369,34.91593],[128.484536,34.914702],[128.483575,34.916455],[128.485502,34.917114]]],[[[128.489371,34.929212],[128.48511,34.930292],[128.484255,34.934036],[128.486525,34.935805],[128.487458,34.941011],[128.491684,34.931121],[128.489371,34.929212]]],[[[128.530027,34.933748],[128.530211,34.928724],[128.524825,34.927498],[128.522464,34.92981],[128.518215,34.930092],[128.519204,34.93358],[128.511678,34.941739],[128.511344,34.943722],[128.517405,34.946385],[128.51488,34.949886],[128.517779,34.9516],[128.516987,34.958838],[128.511533,34.964081],[128.518507,34.976061],[128.532512,34.972918],[128.536971,34.968905],[128.536917,34.966014],[128.53237,34.960319],[128.5223,34.956033],[128.526481,34.947002],[128.5348,34.941799],[128.532868,34.937334],[128.526621,34.939619],[128.525975,34.934681],[128.530027,34.933748]]],[[[128.489063,34.953612],[128.483896,34.9548],[128.48438,34.960439],[128.481976,34.963588],[128.483336,34.966013],[128.486933,34.967199],[128.490003,34.965978],[128.486985,34.964245],[128.485079,34.959946],[128.486636,34.956871],[128.490957,34.955231],[128.489063,34.953612]]],[[[128.562266,35.052462],[128.555315,35.053549],[128.548852,35.061856],[128.542627,35.066183],[128.541936,35.069056],[128.552429,35.070239],[128.561768,35.066934],[128.563786,35.063883],[128.560496,35.063893],[128.568613,35.054633],[128.562266,35.052462]]],[[[128.573317,35.064796],[128.570806,35.064949],[128.570275,35.066539],[128.572534,35.067232],[128.573317,35.064796]]],[[[128.49624,35.073101],[128.497483,35.070132],[128.495518,35.069271],[128.493742,35.071123],[128.49624,35.073101]]],[[[128.555381,35.071692],[128.552657,35.072692],[128.5555,35.073847],[128.563189,35.072332],[128.555381,35.071692]]],[[[128.548402,35.073506],[128.546999,35.073878],[128.548042,35.075152],[128.550504,35.07483],[128.548402,35.073506]]],[[[128.488334,35.083932],[128.494749,35.080721],[128.492052,35.077171],[128.488448,35.077313],[128.488334,35.083932]]],[[[128.547528,35.085559],[128.548502,35.080654],[128.542502,35.078321],[128.542821,35.085838],[128.547528,35.085559]]],[[[128.49321,35.094012],[128.493291,35.089022],[128.492629,35.088392],[128.488184,35.092342],[128.49321,35.094012]]],[[[128.518425,35.093244],[128.516612,35.088642],[128.514447,35.096082],[128.521694,35.096432],[128.518425,35.093244]]],[[[128.512238,35.096289],[128.514133,35.095793],[128.511837,35.094307],[128.510436,35.094671],[128.512238,35.096289]]],[[[128.577743,34.640123],[128.571605,34.633239],[128.563367,34.632337],[128.559885,34.63556],[128.570476,34.641],[128.577967,34.651247],[128.580291,34.649833],[128.578247,34.646053],[128.584713,34.644682],[128.584588,34.641303],[128.577743,34.640123]]],[[[128.579307,34.655813],[128.573749,34.653369],[128.572339,34.654615],[128.572916,34.656945],[128.577931,34.657775],[128.579307,34.655813]]],[[[128.61864,34.684149],[128.623934,34.686142],[128.624764,34.684236],[128.618952,34.681829],[128.614142,34.683745],[128.614678,34.685086],[128.61864,34.684149]]],[[[128.578093,34.68866],[128.584213,34.680867],[128.577086,34.680905],[128.574015,34.68226],[128.578093,34.68866]]],[[[128.616493,34.686578],[128.615132,34.687438],[128.619851,34.688723],[128.616493,34.686578]]],[[[128.608691,34.692071],[128.608149,34.695741],[128.61,34.696475],[128.611869,34.692829],[128.608691,34.692071]]],[[[128.599737,34.693452],[128.598355,34.693259],[128.597778,34.695078],[128.600596,34.695672],[128.599737,34.693452]]],[[[128.609078,34.698887],[128.609138,34.699392],[128.611786,34.699062],[128.612686,34.698124],[128.609078,34.698887]]],[[[128.647781,34.710867],[128.648975,34.709849],[128.643978,34.710244],[128.643757,34.711803],[128.647781,34.710867]]],[[[128.685828,34.736221],[128.685788,34.731407],[128.683789,34.729191],[128.682406,34.72981],[128.682412,34.735216],[128.685828,34.736221]]],[[[128.680736,34.807255],[128.683299,34.805367],[128.680517,34.80455],[128.680736,34.807255]]],[[[128.635559,34.977008],[128.636143,34.976935],[128.633371,34.971606],[128.629574,34.972672],[128.635559,34.977008]]],[[[128.61456,35.010452],[128.613636,35.014024],[128.615894,35.015981],[128.619708,35.015796],[128.623756,35.009958],[128.627148,35.009357],[128.629582,35.00594],[128.61456,35.010452]]],[[[128.642208,35.020138],[128.642081,35.016649],[128.640212,35.015266],[128.637912,35.019205],[128.639401,35.021006],[128.642208,35.020138]]],[[[128.672362,35.05763],[128.669933,35.055884],[128.665686,35.060181],[128.67009,35.060274],[128.672362,35.05763]]],[[[128.574585,35.063467],[128.575706,35.060837],[128.570256,35.05696],[128.569789,35.062369],[128.574585,35.063467]]],[[[128.637381,35.066028],[128.638229,35.06251],[128.634801,35.060024],[128.631262,35.060924],[128.637381,35.066028]]],[[[128.697617,35.079171],[128.697245,35.077208],[128.693045,35.076832],[128.697617,35.079171]]],[[[128.664042,35.092101],[128.666037,35.09094],[128.66296,35.090352],[128.661512,35.091811],[128.664042,35.092101]]],[[[128.671467,35.09882],[128.672638,35.097987],[128.670548,35.096891],[128.671467,35.09882]]],[[[128.659045,35.102568],[128.660787,35.100667],[128.660963,35.094073],[128.653251,35.099599],[128.647577,35.099898],[128.649113,35.105797],[128.661803,35.105373],[128.659045,35.102568]]],[[[128.650557,35.116314],[128.649112,35.118017],[128.650563,35.118919],[128.652324,35.117821],[128.650557,35.116314]]],[[[128.583382,35.180012],[128.584153,35.177169],[128.583818,35.176911],[128.578417,35.178828],[128.583382,35.180012]]],[[[128.710246,34.772672],[128.718068,34.768504],[128.711766,34.767403],[128.709332,34.769452],[128.710246,34.772672]]],[[[128.716667,34.780978],[128.712653,34.781173],[128.710945,34.785434],[128.710883,34.787635],[128.714432,34.790144],[128.718127,34.788511],[128.715647,34.783962],[128.716667,34.780978]]],[[[128.753157,34.816887],[128.745878,34.814414],[128.749461,34.823939],[128.754957,34.826604],[128.751478,34.819442],[128.753157,34.816887]]],[[[128.734427,34.969441],[128.736365,34.967628],[128.729865,34.964699],[128.724965,34.967354],[128.725618,34.971417],[128.734427,34.969441]]],[[[128.728218,35.02499],[128.724075,35.024352],[128.725051,35.026646],[128.728218,35.02499]]],[[[128.716803,35.04051],[128.71887,35.039129],[128.716678,35.038044],[128.716803,35.04051]]],[[[128.762992,35.065995],[128.766613,35.066946],[128.768962,35.065391],[128.763995,35.059835],[128.761199,35.061098],[128.762992,35.065995]]],[[[128.708718,35.080861],[128.707825,35.081982],[128.712793,35.082189],[128.714659,35.080509],[128.708718,35.080861]]],[[[128.722887,35.08392],[128.718928,35.084207],[128.721178,35.088005],[128.723366,35.088449],[128.722887,35.08392]]],[[[128.719462,35.093107],[128.72274,35.091238],[128.719123,35.089494],[128.717971,35.091497],[128.719462,35.093107]]]]}},{"type":"Feature","properties":{"code":"50","name":"제주특별자치도","full_name":"제주특별자치도","sido_code":"50","sgg_code":"50110","admin_level":"sido","source":"vuski/admdongkor","source_version":"ver20260701"},"geometry":{"type":"MultiPolygon","coordinates":[[[[126.265437,33.120841],[126.269055,33.124197],[126.271132,33.116889],[126.270352,33.112615],[126.267197,33.11193],[126.265107,33.113969],[126.265437,33.120841]]],[[[126.262619,33.169093],[126.269876,33.176663],[126.274974,33.175425],[126.279194,33.171203],[126.280219,33.167435],[126.269826,33.161121],[126.267462,33.166175],[126.262619,33.169093]]],[[[126.310982,33.208581],[126.31204,33.206675],[126.308773,33.205513],[126.308121,33.209887],[126.310982,33.208581]]],[[[126.291949,33.204178],[126.295751,33.198497],[126.294721,33.196016],[126.289098,33.194523],[126.286041,33.19651],[126.284709,33.200206],[126.279538,33.198314],[126.277742,33.199926],[126.276439,33.19565],[126.271599,33.193939],[126.264679,33.196006],[126.260201,33.20064],[126.261171,33.204971],[126.263675,33.205371],[126.262406,33.209573],[126.255271,33.209602],[126.252312,33.213903],[126.249363,33.213115],[126.239858,33.225709],[126.235133,33.228041],[126.232458,33.234474],[126.219259,33.241792],[126.21221,33.240778],[126.199826,33.245925],[126.191438,33.252333],[126.191962,33.253907],[126.182218,33.258912],[126.178007,33.267511],[126.169439,33.274132],[126.16817,33.281615],[126.160697,33.28518],[126.159389,33.29387],[126.165847,33.299038],[126.162173,33.308634],[126.166178,33.318397],[126.164988,33.322101],[126.161196,33.323868],[126.162266,33.331727],[126.159812,33.333107],[126.159076,33.336623],[126.161483,33.339092],[126.164156,33.338914],[126.167257,33.346375],[126.174547,33.348276],[126.177237,33.346654],[126.17929,33.35395],[126.178186,33.357201],[126.17995,33.359729],[126.186992,33.363951],[126.19999,33.366215],[126.205193,33.373116],[126.212661,33.376647],[126.213788,33.379743],[126.211793,33.381622],[126.220822,33.38747],[126.221516,33.390801],[126.226348,33.391023],[126.228855,33.393861],[126.232068,33.39095],[126.236421,33.396113],[126.240906,33.395776],[126.240941,33.401483],[126.249636,33.402056],[126.248846,33.405847],[126.250431,33.409109],[126.253713,33.412551],[126.262821,33.416329],[126.259703,33.422755],[126.257861,33.417045],[126.252187,33.416855],[126.256565,33.41748],[126.257838,33.42635],[126.26228,33.426622],[126.259965,33.434685],[126.261601,33.437518],[126.269711,33.439268],[126.273197,33.437161],[126.277485,33.444265],[126.281936,33.443595],[126.285385,33.446029],[126.288939,33.444495],[126.290817,33.447779],[126.292187,33.447582],[126.292214,33.444227],[126.296378,33.447518],[126.299503,33.447535],[126.306085,33.452866],[126.310339,33.460308],[126.308044,33.466355],[126.31331,33.469797],[126.320297,33.467571],[126.326187,33.469166],[126.335483,33.466931],[126.341503,33.47146],[126.352205,33.474434],[126.353207,33.477915],[126.3567,33.479401],[126.368397,33.478855],[126.380298,33.484639],[126.385364,33.48959],[126.391003,33.489859],[126.394686,33.484391],[126.398345,33.484026],[126.403853,33.486254],[126.407248,33.485537],[126.410939,33.490138],[126.418648,33.489545],[126.423749,33.495805],[126.431848,33.494529],[126.445633,33.498934],[126.451218,33.497502],[126.454287,33.500744],[126.452107,33.501872],[126.454621,33.504633],[126.462745,33.503338],[126.464563,33.508895],[126.468265,33.510598],[126.480059,33.510029],[126.483819,33.512114],[126.482999,33.514731],[126.48518,33.518157],[126.493081,33.521328],[126.497674,33.521338],[126.50156,33.518328],[126.509259,33.516823],[126.514165,33.516529],[126.517334,33.519905],[126.527701,33.518835],[126.539738,33.530813],[126.5453,33.527737],[126.544504,33.523386],[126.550671,33.52367],[126.548843,33.520842],[126.550658,33.520636],[126.558408,33.52271],[126.562411,33.527866],[126.565811,33.524672],[126.573458,33.525338],[126.572537,33.527166],[126.574781,33.529372],[126.584199,33.527169],[126.587316,33.532806],[126.597371,33.53777],[126.603155,33.535243],[126.610684,33.536797],[126.611987,33.538753],[126.627037,33.54008],[126.632671,33.53706],[126.633768,33.545024],[126.63837,33.546307],[126.636933,33.54978],[126.639881,33.55107],[126.64365,33.556663],[126.658049,33.55212],[126.658429,33.548278],[126.665735,33.544437],[126.667989,33.546304],[126.669034,33.544802],[126.673151,33.545484],[126.675275,33.552688],[126.678481,33.55358],[126.680704,33.553647],[126.683268,33.550634],[126.687408,33.55095],[126.690024,33.553519],[126.694696,33.552005],[126.697096,33.553963],[126.715138,33.554867],[126.718134,33.558818],[126.730805,33.562691],[126.740066,33.555924],[126.741546,33.557043],[126.739493,33.557436],[126.740217,33.559205],[126.749044,33.561281],[126.758934,33.559253],[126.760878,33.560439],[126.762032,33.565426],[126.766118,33.566909],[126.780289,33.567296],[126.794208,33.560259],[126.796917,33.556585],[126.799805,33.556951],[126.801564,33.559754],[126.808492,33.558726],[126.814245,33.562907],[126.827917,33.560099],[126.827462,33.555685],[126.830394,33.551934],[126.830136,33.547272],[126.833489,33.543433],[126.84182,33.538861],[126.84539,33.533905],[126.850977,33.534003],[126.852601,33.530944],[126.858781,33.530436],[126.857503,33.526998],[126.859018,33.526132],[126.864457,33.52602],[126.866915,33.530904],[126.871834,33.531661],[126.89246,33.528941],[126.897348,33.525065],[126.902912,33.526075],[126.903635,33.521943],[126.907516,33.520916],[126.90584,33.518168],[126.901812,33.517415],[126.904127,33.515169],[126.899543,33.511701],[126.907563,33.511676],[126.913872,33.508168],[126.915928,33.501592],[126.912007,33.493582],[126.91295,33.49058],[126.916708,33.490011],[126.917821,33.486866],[126.916029,33.48522],[126.910563,33.486789],[126.907063,33.485428],[126.90467,33.487071],[126.90268,33.482371],[126.903892,33.479668],[126.90613,33.478008],[126.90943,33.479707],[126.912451,33.473222],[126.913831,33.472558],[126.913848,33.475767],[126.921367,33.47389],[126.920472,33.469619],[126.92774,33.475894],[126.924438,33.470624],[126.928073,33.469371],[126.928433,33.473837],[126.935532,33.473872],[126.936093,33.477621],[126.935625,33.47175],[126.938248,33.468185],[126.937923,33.465454],[126.940145,33.462285],[126.944769,33.461373],[126.948411,33.457747],[126.947138,33.455582],[126.940751,33.454329],[126.934196,33.459752],[126.930484,33.458409],[126.930742,33.455361],[126.925142,33.449237],[126.925436,33.445601],[126.922743,33.445416],[126.922272,33.443343],[126.925438,33.443162],[126.923841,33.438467],[126.9253,33.43531],[126.929957,33.43516],[126.93713,33.429181],[126.930878,33.421953],[126.922084,33.426672],[126.92481,33.430027],[126.923023,33.433976],[126.916656,33.433454],[126.918977,33.427414],[126.912057,33.419184],[126.912151,33.413872],[126.908902,33.411486],[126.908708,33.406759],[126.903425,33.403074],[126.906394,33.398618],[126.907132,33.391193],[126.883278,33.383407],[126.882266,33.379387],[126.873695,33.371665],[126.873178,33.365423],[126.868086,33.363661],[126.87017,33.354924],[126.863626,33.347276],[126.861409,33.346926],[126.856803,33.337813],[126.850847,33.334887],[126.849773,33.336271],[126.843041,33.330936],[126.843452,33.32786],[126.849553,33.3253],[126.848231,33.31986],[126.844186,33.319132],[126.834321,33.308061],[126.823802,33.304926],[126.820001,33.305556],[126.819499,33.307366],[126.815605,33.306679],[126.808529,33.301386],[126.80361,33.303863],[126.799471,33.302619],[126.793618,33.303793],[126.791282,33.302214],[126.778134,33.306637],[126.772994,33.300512],[126.767358,33.297902],[126.765472,33.291964],[126.749951,33.284002],[126.750891,33.282593],[126.748011,33.279393],[126.738812,33.276558],[126.733277,33.280959],[126.731916,33.278397],[126.723717,33.278248],[126.723147,33.276191],[126.705852,33.273343],[126.698565,33.270303],[126.678675,33.270637],[126.677216,33.266798],[126.670847,33.270632],[126.661,33.267009],[126.663985,33.269781],[126.661667,33.27142],[126.662193,33.273968],[126.658757,33.274001],[126.660908,33.26833],[126.65695,33.267512],[126.653228,33.269314],[126.644041,33.266938],[126.641312,33.264313],[126.640323,33.256982],[126.627457,33.251301],[126.624121,33.252064],[126.621151,33.248441],[126.620137,33.249558],[126.620082,33.243237],[126.618097,33.240355],[126.611236,33.24039],[126.599392,33.235931],[126.593081,33.237506],[126.589281,33.242887],[126.586328,33.243717],[126.570581,33.243636],[126.567356,33.240608],[126.570689,33.237182],[126.565742,33.235368],[126.567499,33.236057],[126.561531,33.239611],[126.560346,33.242245],[126.559925,33.237491],[126.56337,33.238323],[126.564659,33.233452],[126.550752,33.24108],[126.547973,33.237277],[126.542846,33.238181],[126.540034,33.240765],[126.533926,33.23805],[126.520852,33.240693],[126.519589,33.237016],[126.509192,33.230024],[126.497524,33.227535],[126.496244,33.229351],[126.488464,33.229936],[126.483725,33.226556],[126.478659,33.225997],[126.479085,33.222729],[126.476025,33.221597],[126.470313,33.222525],[126.467471,33.226616],[126.460921,33.23031],[126.459188,33.237228],[126.454395,33.239927],[126.436238,33.235076],[126.435583,33.232052],[126.432478,33.231695],[126.423663,33.236081],[126.418967,33.241313],[126.410579,33.24405],[126.392934,33.236876],[126.384619,33.231479],[126.381617,33.232228],[126.378263,33.230005],[126.376885,33.231512],[126.369754,33.228669],[126.368287,33.230664],[126.355335,33.23529],[126.349741,33.234313],[126.344364,33.235971],[126.333632,33.233956],[126.336349,33.23569],[126.334667,33.238639],[126.328421,33.24036],[126.317636,33.236878],[126.315329,33.231377],[126.312252,33.23251],[126.30912,33.228235],[126.302607,33.226649],[126.297603,33.222754],[126.295199,33.220031],[126.297335,33.21835],[126.291949,33.204178]]],[[[126.162498,33.310868],[126.159234,33.310578],[126.159472,33.312213],[126.162498,33.310868]]],[[[126.151079,33.313764],[126.15375,33.311393],[126.145866,33.309371],[126.143714,33.31134],[126.151079,33.313764]]],[[[126.2218,33.410023],[126.223069,33.411708],[126.22874,33.41245],[126.232113,33.410203],[126.231279,33.404747],[126.223234,33.405031],[126.2218,33.410023]]],[[[126.303388,33.903],[126.302974,33.903679],[126.304555,33.903825],[126.305722,33.902224],[126.303388,33.903]]],[[[126.343972,33.905155],[126.343183,33.900874],[126.341749,33.902849],[126.343972,33.905155]]],[[[126.320479,33.913852],[126.320068,33.915289],[126.326417,33.91325],[126.324697,33.908844],[126.321656,33.91032],[126.32269,33.911677],[126.320479,33.913852]]],[[[126.312254,33.940707],[126.312793,33.939841],[126.309005,33.939111],[126.312254,33.940707]]],[[[126.338775,33.951242],[126.342812,33.949394],[126.341949,33.945877],[126.328351,33.944257],[126.324433,33.94115],[126.324832,33.935514],[126.327655,33.935526],[126.329979,33.93293],[126.330531,33.930967],[126.328508,33.930354],[126.320728,33.930385],[126.315835,33.941555],[126.310607,33.945114],[126.311456,33.946281],[126.305482,33.947348],[126.302881,33.950118],[126.3048,33.95395],[126.310479,33.952548],[126.31474,33.954908],[126.324493,33.952034],[126.33683,33.957112],[126.342754,33.954683],[126.338306,33.953233],[126.338775,33.951242]]],[[[126.294432,33.961457],[126.301839,33.958478],[126.302396,33.953959],[126.299326,33.951999],[126.282098,33.96183],[126.288607,33.962657],[126.286538,33.964716],[126.283967,33.963988],[126.284076,33.968065],[126.294027,33.966181],[126.300221,33.961947],[126.297024,33.962962],[126.294432,33.961457]]],[[[126.377055,33.965894],[126.379899,33.968455],[126.382251,33.967444],[126.377729,33.963663],[126.377055,33.965894]]],[[[126.283495,33.97082],[126.28417,33.968323],[126.281493,33.968672],[126.28152,33.971165],[126.283495,33.97082]]],[[[126.349402,33.980698],[126.345237,33.982942],[126.34657,33.985347],[126.353745,33.982052],[126.349402,33.980698]]],[[[126.258167,33.986309],[126.258721,33.985043],[126.256264,33.983935],[126.258167,33.986309]]],[[[126.324669,33.988369],[126.325994,33.985505],[126.322642,33.985437],[126.319474,33.98868],[126.324669,33.988369]]],[[[126.252713,33.989628],[126.252599,33.986231],[126.246298,33.98755],[126.249432,33.990749],[126.252713,33.989628]]],[[[126.264589,33.989969],[126.264066,33.991248],[126.267791,33.990779],[126.264589,33.989969]]],[[[126.345265,34.011468],[126.351882,34.006954],[126.347794,34.005345],[126.330778,34.010758],[126.336137,34.0134],[126.339909,34.011287],[126.345265,34.011468]]],[[[126.516375,33.220587],[126.519217,33.217051],[126.515757,33.21571],[126.512901,33.21767],[126.516375,33.220587]]],[[[126.388713,33.965989],[126.389592,33.966659],[126.390054,33.960956],[126.387858,33.962114],[126.388713,33.965989]]],[[[126.391075,33.993658],[126.390313,33.995454],[126.392333,33.99541],[126.391075,33.993658]]],[[[126.568454,33.225135],[126.56292,33.226214],[126.563675,33.227891],[126.566791,33.227849],[126.568454,33.225135]]],[[[126.596197,33.231084],[126.598491,33.232402],[126.602958,33.229599],[126.596226,33.228835],[126.596197,33.231084]]],[[[126.915482,33.475826],[126.917311,33.47525],[126.914696,33.475635],[126.913951,33.477785],[126.915482,33.475826]]],[[[126.914364,33.479136],[126.911028,33.476962],[126.911171,33.48062],[126.914364,33.479136]]],[[[126.967166,33.516532],[126.972982,33.514165],[126.972759,33.511304],[126.966562,33.511169],[126.971484,33.4984],[126.966657,33.48948],[126.962953,33.489292],[126.959585,33.492324],[126.956168,33.490852],[126.943231,33.494671],[126.944412,33.497024],[126.940761,33.506684],[126.944012,33.513066],[126.947874,33.515197],[126.949013,33.518831],[126.947034,33.52279],[126.955428,33.525709],[126.962373,33.519017],[126.957967,33.514737],[126.958894,33.512759],[126.967166,33.516532]]],[[[126.696307,33.560133],[126.697165,33.554858],[126.692672,33.556951],[126.696307,33.560133]]]]}},{"type":"Feature","properties":{"code":"51","name":"강원특별자치도","full_name":"강원특별자치도","sido_code":"51","sgg_code":"51110","admin_level":"sido","source":"vuski/admdongkor","source_version":"ver20260701"},"geometry":{"type":"Polygon","coordinates":[[[127.806766,37.147236],[127.801714,37.14453],[127.795193,37.146183],[127.789513,37.144403],[127.782529,37.151109],[127.767296,37.157797],[127.754683,37.174463],[127.743853,37.210097],[127.750862,37.222242],[127.750115,37.226602],[127.746397,37.229632],[127.747646,37.243475],[127.748858,37.24748],[127.758308,37.258027],[127.754703,37.278519],[127.755783,37.282841],[127.753796,37.289009],[127.756504,37.294686],[127.754765,37.297692],[127.761923,37.302113],[127.768075,37.302483],[127.768556,37.308263],[127.762187,37.320783],[127.760694,37.340716],[127.757817,37.345742],[127.761173,37.363788],[127.759485,37.367044],[127.763164,37.369895],[127.777798,37.371195],[127.775847,37.378419],[127.776585,37.383243],[127.783144,37.390269],[127.783694,37.398612],[127.78787,37.401329],[127.794608,37.424249],[127.803964,37.429044],[127.798618,37.442382],[127.799554,37.451679],[127.796557,37.459791],[127.796346,37.463609],[127.800563,37.468159],[127.799682,37.472188],[127.787926,37.475976],[127.782046,37.481646],[127.780598,37.488176],[127.776268,37.488431],[127.774476,37.491647],[127.760335,37.492342],[127.759362,37.503657],[127.764862,37.502719],[127.773944,37.506095],[127.78114,37.512998],[127.783987,37.512188],[127.796747,37.523571],[127.796533,37.52851],[127.805073,37.530245],[127.806385,37.53501],[127.809505,37.536737],[127.821927,37.538023],[127.828617,37.536387],[127.842399,37.539023],[127.846676,37.544019],[127.846351,37.547791],[127.849105,37.549587],[127.849448,37.553211],[127.837105,37.56046],[127.826858,37.560751],[127.812904,37.564641],[127.81033,37.572845],[127.804874,37.575195],[127.80426,37.578864],[127.800375,37.582133],[127.793355,37.58541],[127.785965,37.578553],[127.767033,37.582602],[127.764584,37.585808],[127.753495,37.591875],[127.739473,37.587163],[127.721039,37.590678],[127.708125,37.586402],[127.697938,37.591578],[127.700248,37.59667],[127.696528,37.600368],[127.687204,37.604333],[127.685942,37.606725],[127.667564,37.617335],[127.66368,37.624016],[127.652414,37.622669],[127.649441,37.624725],[127.646876,37.63292],[127.639368,37.632882],[127.62756,37.642623],[127.623401,37.64138],[127.616134,37.647166],[127.61085,37.646941],[127.607219,37.651035],[127.602348,37.651339],[127.598595,37.64674],[127.58568,37.642107],[127.583217,37.639029],[127.583469,37.635364],[127.579512,37.633127],[127.564574,37.633067],[127.558982,37.628449],[127.548264,37.633195],[127.546822,37.63756],[127.537019,37.643002],[127.535434,37.649683],[127.543913,37.651587],[127.546486,37.657433],[127.552807,37.661547],[127.549212,37.667571],[127.550148,37.685463],[127.558425,37.706021],[127.558064,37.7143],[127.5624,37.721039],[127.55968,37.723145],[127.559861,37.728513],[127.552093,37.728262],[127.548195,37.723422],[127.540803,37.719091],[127.525385,37.726901],[127.510927,37.717692],[127.507307,37.719673],[127.507212,37.72888],[127.509905,37.734861],[127.537621,37.751335],[127.544477,37.759938],[127.540329,37.771078],[127.521593,37.791338],[127.522892,37.795781],[127.53716,37.812372],[127.535187,37.817835],[127.524755,37.824453],[127.526952,37.835143],[127.535218,37.84366],[127.541571,37.846364],[127.54932,37.846854],[127.552318,37.853114],[127.562425,37.855477],[127.565901,37.858675],[127.569142,37.86632],[127.576806,37.873041],[127.585058,37.875897],[127.602193,37.874535],[127.605865,37.876693],[127.608815,37.883264],[127.6076,37.889858],[127.617722,37.906528],[127.616242,37.914981],[127.612072,37.920809],[127.612522,37.925161],[127.616602,37.929451],[127.613761,37.939386],[127.60904,37.943649],[127.604818,37.944163],[127.602668,37.947715],[127.60331,37.954234],[127.601394,37.956052],[127.594125,37.956879],[127.587851,37.961259],[127.573222,37.964055],[127.561251,37.962776],[127.544326,37.968121],[127.547095,37.979763],[127.539741,38.001181],[127.523506,38.001874],[127.501412,37.999558],[127.497273,38.003612],[127.472158,38.006064],[127.461393,38.012899],[127.456821,38.018865],[127.456266,38.027262],[127.450951,38.037613],[127.452225,38.047441],[127.445656,38.050982],[127.446676,38.054334],[127.443709,38.059013],[127.445992,38.062625],[127.446983,38.070788],[127.443908,38.099367],[127.440873,38.108377],[127.430759,38.115272],[127.412058,38.102723],[127.406003,38.106065],[127.403009,38.113195],[127.385763,38.114263],[127.378089,38.117737],[127.371972,38.113662],[127.370896,38.110036],[127.364453,38.107039],[127.346006,38.104264],[127.338945,38.101364],[127.33739,38.089816],[127.329929,38.094311],[127.321192,38.095225],[127.312478,38.107364],[127.311292,38.115974],[127.307225,38.119356],[127.302738,38.115675],[127.295864,38.116315],[127.292337,38.114082],[127.288192,38.116711],[127.285593,38.115109],[127.283204,38.11648],[127.281954,38.124744],[127.276741,38.125448],[127.277391,38.132494],[127.275551,38.136788],[127.287179,38.151353],[127.284643,38.157753],[127.287523,38.160884],[127.287245,38.168708],[127.297283,38.174784],[127.29586,38.17642],[127.289332,38.176898],[127.28312,38.182883],[127.266123,38.180498],[127.264425,38.178277],[127.265995,38.175858],[127.265048,38.17352],[127.258502,38.16865],[127.255863,38.163965],[127.239621,38.154544],[127.233887,38.147326],[127.223737,38.147266],[127.222521,38.138109],[127.218888,38.139236],[127.213416,38.143377],[127.211982,38.146722],[127.208196,38.147138],[127.202885,38.153407],[127.189586,38.161377],[127.186044,38.173387],[127.1904,38.188855],[127.179377,38.184653],[127.166248,38.198077],[127.172234,38.205958],[127.172189,38.210424],[127.16956,38.21385],[127.159435,38.219071],[127.161464,38.223038],[127.159591,38.226047],[127.162492,38.232218],[127.158361,38.238904],[127.148948,38.242683],[127.146968,38.239722],[127.130538,38.232559],[127.126273,38.233769],[127.12288,38.23251],[127.113005,38.237589],[127.109863,38.243809],[127.113987,38.265274],[127.109283,38.292038],[127.126374,38.30158],[127.132134,38.313573],[127.139113,38.315385],[127.153698,38.30424],[127.216919,38.322006],[127.218899,38.326249],[127.24544,38.333675],[127.251886,38.330008],[127.262391,38.327834],[127.278901,38.325378],[127.286842,38.326352],[127.302613,38.314084],[127.305506,38.316901],[127.317868,38.318516],[127.32314,38.321096],[127.327442,38.326787],[127.338319,38.332026],[127.348083,38.32898],[127.353792,38.329477],[127.368826,38.33289],[127.384863,38.339919],[127.398229,38.336857],[127.402403,38.338825],[127.424544,38.334333],[127.43687,38.32418],[127.449109,38.317224],[127.465458,38.32044],[127.472792,38.319375],[127.486775,38.303687],[127.503201,38.303276],[127.515068,38.306513],[127.541651,38.32524],[127.550786,38.329512],[127.588086,38.340106],[127.610884,38.340422],[127.617454,38.332785],[127.638363,38.329124],[127.675151,38.330044],[127.690196,38.333155],[127.699936,38.343376],[127.714669,38.34344],[127.72108,38.337014],[127.730077,38.337733],[127.73815,38.34434],[127.746734,38.348169],[127.761455,38.345831],[127.772487,38.352759],[127.777542,38.353761],[127.78568,38.345582],[127.797793,38.32669],[127.812804,38.32529],[127.839782,38.289093],[127.887557,38.309023],[127.914914,38.310745],[127.942227,38.306385],[127.979518,38.283575],[128.000959,38.277379],[128.00878,38.318231],[128.032269,38.31999],[128.032536,38.316241],[128.034239,38.315424],[128.052484,38.312811],[128.063482,38.313514],[128.081854,38.320292],[128.102007,38.331257],[128.150666,38.351356],[128.201213,38.376766],[128.215609,38.382257],[128.243056,38.402526],[128.249011,38.412642],[128.265567,38.423878],[128.271201,38.429753],[128.282223,38.435263],[128.301436,38.472048],[128.303204,38.479243],[128.301457,38.487271],[128.305453,38.506747],[128.313273,38.515055],[128.309686,38.525274],[128.311571,38.532468],[128.311075,38.546868],[128.315284,38.564467],[128.311361,38.598029],[128.313846,38.603343],[128.321261,38.609583],[128.342327,38.611424],[128.358205,38.616952],[128.359968,38.609356],[128.371853,38.592643],[128.397184,38.567149],[128.402845,38.565595],[128.404965,38.55486],[128.410266,38.555535],[128.410124,38.550582],[128.407265,38.550455],[128.406152,38.541568],[128.411536,38.535387],[128.412404,38.530522],[128.416006,38.529379],[128.417401,38.524507],[128.423302,38.522526],[128.423142,38.515627],[128.424815,38.512815],[128.421412,38.506947],[128.428148,38.505817],[128.42921,38.503248],[128.427037,38.499588],[128.43042,38.497768],[128.430475,38.493665],[128.433965,38.4892],[128.440902,38.488047],[128.443087,38.485811],[128.439076,38.483202],[128.44172,38.474807],[128.449025,38.472513],[128.449935,38.46759],[128.456307,38.462869],[128.461942,38.45494],[128.468624,38.451085],[128.459232,38.44285],[128.463396,38.447284],[128.461032,38.448682],[128.456089,38.446605],[128.454672,38.439862],[128.458199,38.430008],[128.479156,38.402442],[128.498032,38.384737],[128.501203,38.384857],[128.515801,38.371676],[128.516069,38.357552],[128.526345,38.338391],[128.537718,38.337599],[128.539693,38.3247],[128.546079,38.322444],[128.551061,38.314212],[128.568812,38.26886],[128.583454,38.255223],[128.589919,38.242275],[128.58936,38.234606],[128.584861,38.231131],[128.596656,38.215797],[128.602246,38.214245],[128.601546,38.212356],[128.603119,38.207433],[128.602612,38.205211],[128.601767,38.210252],[128.594505,38.210666],[128.594902,38.206416],[128.600169,38.206553],[128.596082,38.206204],[128.59603,38.200255],[128.609282,38.18368],[128.615172,38.180828],[128.610194,38.178891],[128.61059,38.173372],[128.607507,38.17291],[128.609082,38.161052],[128.611268,38.158371],[128.609319,38.151953],[128.613075,38.145241],[128.625399,38.129267],[128.6295,38.12952],[128.634027,38.124116],[128.633348,38.120082],[128.635906,38.116404],[128.662454,38.092457],[128.667186,38.091965],[128.67111,38.084332],[128.673454,38.083106],[128.673285,38.07853],[128.678338,38.075086],[128.676307,38.071113],[128.676864,38.067189],[128.686522,38.055958],[128.702556,38.041146],[128.726379,38.024039],[128.735181,38.023995],[128.736943,38.022453],[128.737436,38.020456],[128.734662,38.017228],[128.734195,38.00757],[128.742647,37.995844],[128.750148,37.992921],[128.751237,37.990353],[128.749982,37.989192],[128.752233,37.986298],[128.757192,37.983416],[128.761427,37.983888],[128.764905,37.980302],[128.760257,37.976684],[128.7617,37.973734],[128.766855,37.972759],[128.766415,37.969463],[128.764162,37.968535],[128.769981,37.962735],[128.770226,37.958382],[128.783151,37.947481],[128.786691,37.94799],[128.790533,37.945137],[128.790984,37.938357],[128.788821,37.937568],[128.799092,37.926591],[128.824138,37.907824],[128.830444,37.906492],[128.832007,37.903774],[128.830453,37.904958],[128.829331,37.903535],[128.834909,37.89762],[128.832814,37.891222],[128.834071,37.886635],[128.830531,37.883927],[128.843113,37.871115],[128.847912,37.86952],[128.848779,37.864174],[128.875773,37.841458],[128.878539,37.836174],[128.876001,37.837315],[128.875821,37.834997],[128.87928,37.829663],[128.927409,37.788615],[128.948837,37.771864],[128.950912,37.772072],[128.953398,37.76993],[128.951849,37.76771],[128.956149,37.763675],[128.984861,37.742236],[128.988686,37.742943],[128.991434,37.732595],[128.995119,37.727007],[129.011973,37.713651],[129.01439,37.707581],[129.040372,37.687017],[129.045602,37.685797],[129.049367,37.68064],[129.05653,37.675774],[129.058137,37.672603],[129.054613,37.665056],[129.057176,37.658848],[129.052749,37.650203],[129.05075,37.647598],[129.052204,37.652509],[129.049124,37.652079],[129.046334,37.647453],[129.044146,37.642544],[129.045506,37.636666],[129.052272,37.626404],[129.05777,37.626276],[129.064563,37.623035],[129.054039,37.625656],[129.054303,37.621441],[129.060166,37.619967],[129.063097,37.614952],[129.073042,37.606067],[129.11584,37.57936],[129.116432,37.570828],[129.122152,37.557822],[129.117948,37.549219],[129.11791,37.545126],[129.116663,37.549359],[129.112242,37.54935],[129.112988,37.539332],[129.124784,37.525815],[129.122255,37.521532],[129.124342,37.51732],[129.135236,37.504898],[129.148249,37.498119],[129.135641,37.503967],[129.13137,37.501394],[129.136341,37.496377],[129.12417,37.490383],[129.126127,37.487378],[129.144932,37.496648],[129.142182,37.492165],[129.14711,37.491727],[129.157762,37.481608],[129.163444,37.473447],[129.165899,37.473727],[129.166959,37.470397],[129.17833,37.463602],[129.190055,37.451765],[129.192091,37.437966],[129.187429,37.437518],[129.189284,37.434456],[129.194054,37.432462],[129.190721,37.431905],[129.192591,37.430686],[129.193218,37.424162],[129.200923,37.41289],[129.227678,37.393245],[129.250584,37.380986],[129.260459,37.380567],[129.252804,37.374598],[129.251217,37.363453],[129.257799,37.357805],[129.25743,37.35512],[129.260932,37.352923],[129.260813,37.347349],[129.266926,37.34221],[129.26813,37.338956],[129.266616,37.33187],[129.271021,37.329286],[129.2681,37.326727],[129.269131,37.323495],[129.288165,37.309865],[129.296747,37.311584],[129.299215,37.310343],[129.302295,37.3039],[129.300678,37.295101],[129.301987,37.292192],[129.306399,37.289952],[129.309992,37.291832],[129.31146,37.286265],[129.317312,37.286997],[129.314687,37.289394],[129.318287,37.290516],[129.321794,37.28864],[129.320679,37.283701],[129.329224,37.280348],[129.329862,37.278228],[129.327712,37.275085],[129.329528,37.272131],[129.32744,37.264313],[129.334656,37.260565],[129.340888,37.255014],[129.342621,37.251008],[129.349019,37.247876],[129.350324,37.23899],[129.356758,37.235696],[129.346991,37.229746],[129.345745,37.226234],[129.345907,37.229077],[129.343648,37.229241],[129.341309,37.225639],[129.341137,37.222469],[129.344311,37.21947],[129.3479,37.209527],[129.343079,37.19525],[129.339706,37.19416],[129.343455,37.183404],[129.341689,37.17784],[129.344315,37.176417],[129.346015,37.169008],[129.357976,37.158814],[129.364096,37.146362],[129.356528,37.144799],[129.347758,37.146544],[129.333515,37.141739],[129.324539,37.141654],[129.320756,37.13585],[129.311997,37.131911],[129.309835,37.128575],[129.304754,37.128092],[129.298187,37.124539],[129.295151,37.120287],[129.294461,37.114406],[129.276792,37.118693],[129.271959,37.116993],[129.269714,37.107462],[129.266104,37.102348],[129.249632,37.095883],[129.24126,37.085732],[129.225584,37.073403],[129.231013,37.06929],[129.233223,37.064196],[129.228912,37.056922],[129.233029,37.049853],[129.233164,37.044119],[129.238368,37.040664],[129.238057,37.038816],[129.225089,37.044537],[129.213548,37.042729],[129.204993,37.044863],[129.195779,37.04249],[129.194575,37.040573],[129.186487,37.041607],[129.183698,37.049276],[129.176099,37.057621],[129.170971,37.060069],[129.166442,37.069469],[129.155812,37.06918],[129.153126,37.073656],[129.14375,37.076945],[129.142299,37.081143],[129.134593,37.081349],[129.128078,37.084215],[129.127443,37.088941],[129.12367,37.091176],[129.108589,37.093523],[129.104258,37.098292],[129.095796,37.100461],[129.072936,37.090876],[129.070001,37.087355],[129.070936,37.084181],[129.065763,37.078631],[129.0678,37.074477],[129.065138,37.069063],[129.058071,37.064574],[129.0577,37.067481],[129.054579,37.069589],[129.050289,37.068417],[129.034312,37.07576],[129.019679,37.076181],[129.014517,37.079091],[129.00926,37.078117],[128.995216,37.081223],[128.993102,37.084556],[128.969555,37.082132],[128.95978,37.077505],[128.953612,37.080993],[128.953294,37.084867],[128.943793,37.095246],[128.930109,37.091935],[128.922324,37.092069],[128.916715,37.084871],[128.91727,37.079929],[128.909954,37.071343],[128.909729,37.066867],[128.89611,37.055664],[128.896165,37.044898],[128.888728,37.047134],[128.885824,37.050793],[128.878323,37.053583],[128.875632,37.044853],[128.872735,37.044589],[128.863645,37.049167],[128.847799,37.051538],[128.836184,37.066389],[128.831965,37.067992],[128.832222,37.075771],[128.826976,37.078101],[128.80859,37.077535],[128.802873,37.085355],[128.785062,37.08772],[128.779778,37.092317],[128.773222,37.087351],[128.777523,37.083042],[128.77809,37.079194],[128.770061,37.074989],[128.768529,37.068468],[128.765013,37.063994],[128.757068,37.070055],[128.752002,37.056398],[128.760841,37.04347],[128.762089,37.036693],[128.751365,37.028323],[128.734277,37.040281],[128.718603,37.04396],[128.712476,37.042525],[128.708938,37.03923],[128.700434,37.041059],[128.689267,37.053034],[128.683886,37.051567],[128.67541,37.05877],[128.657489,37.061081],[128.655727,37.064586],[128.628303,37.07498],[128.628051,37.081583],[128.623231,37.087147],[128.606317,37.076579],[128.601448,37.078971],[128.601797,37.082781],[128.595391,37.081857],[128.591663,37.078209],[128.562125,37.090362],[128.550823,37.085823],[128.537972,37.090045],[128.53474,37.098396],[128.522251,37.103374],[128.51201,37.096115],[128.511217,37.098061],[128.514833,37.104281],[128.512392,37.113702],[128.500817,37.120094],[128.490147,37.122853],[128.480332,37.111554],[128.465119,37.109878],[128.450842,37.112421],[128.445015,37.107364],[128.435236,37.11127],[128.435507,37.109751],[128.4304,37.107251],[128.430103,37.103832],[128.424817,37.102386],[128.422879,37.104436],[128.422519,37.113038],[128.418579,37.119797],[128.411107,37.122169],[128.406648,37.126783],[128.395919,37.128694],[128.401616,37.134792],[128.401717,37.138489],[128.403613,37.139527],[128.402632,37.142433],[128.401008,37.146376],[128.384371,37.158184],[128.379072,37.155214],[128.377104,37.151643],[128.364499,37.155433],[128.359463,37.149956],[128.350131,37.158014],[128.34287,37.154251],[128.336983,37.157873],[128.3307,37.150303],[128.327382,37.152971],[128.325626,37.148263],[128.311279,37.145285],[128.304159,37.13705],[128.296459,37.133984],[128.292238,37.138945],[128.284318,37.14267],[128.27938,37.142695],[128.273281,37.147416],[128.270816,37.153956],[128.266256,37.156112],[128.264695,37.16051],[128.276286,37.172047],[128.280537,37.173147],[128.29091,37.170073],[128.298182,37.172298],[128.295866,37.183029],[128.31286,37.187972],[128.313209,37.19669],[128.321575,37.195934],[128.327442,37.198754],[128.329713,37.202151],[128.330504,37.216538],[128.320465,37.219358],[128.315552,37.223464],[128.308559,37.216916],[128.2885,37.215155],[128.281305,37.209623],[128.268386,37.208069],[128.25859,37.215955],[128.251201,37.229212],[128.242946,37.226395],[128.237146,37.22933],[128.23462,37.226407],[128.228699,37.227844],[128.228422,37.230298],[128.224373,37.232955],[128.219525,37.24052],[128.215245,37.241938],[128.214839,37.246344],[128.210311,37.245965],[128.207936,37.24892],[128.201235,37.248815],[128.194655,37.245843],[128.174182,37.232527],[128.175988,37.228359],[128.172652,37.224749],[128.1731,37.218782],[128.164172,37.213282],[128.153572,37.216053],[128.150025,37.220518],[128.14313,37.223588],[128.141088,37.229393],[128.133239,37.229745],[128.126817,37.234714],[128.121564,37.227498],[128.125216,37.221143],[128.105068,37.203787],[128.094913,37.199821],[128.08792,37.199989],[128.078811,37.19401],[128.059725,37.193619],[128.049682,37.189125],[128.043815,37.190652],[128.039697,37.188797],[128.031655,37.193692],[128.031798,37.199664],[128.029784,37.202496],[128.03335,37.20999],[128.039277,37.215553],[128.033347,37.218967],[128.031815,37.224016],[128.021314,37.232309],[128.019038,37.244399],[128.007528,37.251703],[127.979034,37.258495],[127.972647,37.256827],[127.96271,37.2499],[127.948087,37.246936],[127.945577,37.240488],[127.938656,37.240707],[127.921377,37.225914],[127.926655,37.219453],[127.932376,37.207495],[127.932945,37.194756],[127.936553,37.188808],[127.932829,37.182612],[127.93357,37.175972],[127.927116,37.169413],[127.926222,37.165178],[127.92312,37.16426],[127.915248,37.16918],[127.908454,37.167215],[127.901954,37.152009],[127.899375,37.150053],[127.894843,37.15632],[127.886682,37.160923],[127.870735,37.164392],[127.862046,37.161653],[127.861087,37.155423],[127.855883,37.156477],[127.855531,37.160284],[127.853545,37.161011],[127.8496,37.153377],[127.836501,37.151712],[127.82726,37.15285],[127.818375,37.147716],[127.806766,37.147236]]]}},{"type":"Feature","properties":{"code":"52","name":"전북특별자치도","full_name":"전북특별자치도","sido_code":"52","sgg_code":"52111","admin_level":"sido","source":"vuski/admdongkor","source_version":"ver20260701"},"geometry":{"type":"MultiPolygon","coordinates":[[[[126.647083,35.323952],[126.644734,35.319865],[126.628247,35.32054],[126.603997,35.335582],[126.598685,35.330285],[126.594493,35.329093],[126.586864,35.330709],[126.583362,35.328682],[126.581343,35.322894],[126.582474,35.319823],[126.589649,35.311975],[126.585048,35.300775],[126.577338,35.303958],[126.572619,35.310064],[126.568276,35.311222],[126.563601,35.30973],[126.550948,35.313602],[126.543085,35.309715],[126.531185,35.307472],[126.523269,35.315385],[126.520752,35.325039],[126.513917,35.327233],[126.513508,35.329447],[126.517603,35.333835],[126.517041,35.338004],[126.520419,35.348364],[126.513828,35.356699],[126.512821,35.362016],[126.507763,35.361402],[126.496787,35.350026],[126.493686,35.350542],[126.49225,35.354172],[126.495994,35.358341],[126.497309,35.373405],[126.486038,35.377687],[126.483145,35.38073],[126.482414,35.385078],[126.477393,35.386191],[126.490468,35.395045],[126.492813,35.409143],[126.491629,35.411299],[126.487549,35.413041],[126.477128,35.424952],[126.452035,35.426905],[126.447567,35.429806],[126.449836,35.431748],[126.445783,35.432433],[126.447943,35.434699],[126.44632,35.435229],[126.441839,35.435643],[126.431843,35.432265],[126.42793,35.434353],[126.435589,35.448447],[126.435149,35.450833],[126.440534,35.450495],[126.457949,35.478562],[126.461733,35.480554],[126.473681,35.506303],[126.478138,35.509191],[126.483415,35.519283],[126.481902,35.521192],[126.484178,35.522773],[126.486082,35.522111],[126.4912,35.511908],[126.496558,35.510052],[126.500595,35.524349],[126.510024,35.530336],[126.519315,35.533536],[126.534426,35.531978],[126.544609,35.527337],[126.543501,35.529367],[126.545896,35.532547],[126.54793,35.531448],[126.552322,35.536749],[126.555456,35.536455],[126.566974,35.543058],[126.591129,35.54183],[126.593981,35.540336],[126.593988,35.535124],[126.6026,35.542525],[126.602277,35.546128],[126.610457,35.554962],[126.616576,35.557132],[126.617247,35.569871],[126.624082,35.568488],[126.634114,35.574923],[126.636106,35.571926],[126.647898,35.569666],[126.666889,35.554142],[126.668723,35.555277],[126.665829,35.559836],[126.668569,35.560905],[126.668635,35.566104],[126.674205,35.568168],[126.672794,35.570548],[126.665854,35.575509],[126.659196,35.586092],[126.659515,35.589589],[126.651462,35.595101],[126.647315,35.591386],[126.642357,35.592011],[126.640002,35.594024],[126.641636,35.596515],[126.636728,35.599942],[126.636037,35.59342],[126.626947,35.590724],[126.625116,35.592972],[126.617159,35.584954],[126.61214,35.587217],[126.606598,35.585677],[126.60157,35.587116],[126.603283,35.590855],[126.598215,35.5943],[126.592955,35.588172],[126.585366,35.587638],[126.57525,35.590137],[126.554984,35.58531],[126.541096,35.588012],[126.531743,35.583785],[126.532418,35.580542],[126.529438,35.579356],[126.51647,35.580717],[126.517042,35.586069],[126.515107,35.587492],[126.510437,35.582789],[126.512805,35.581739],[126.511991,35.579246],[126.508629,35.579207],[126.498364,35.583777],[126.499875,35.584792],[126.498648,35.585897],[126.491713,35.58597],[126.485735,35.591518],[126.487666,35.593668],[126.486788,35.595738],[126.478854,35.601575],[126.470517,35.602818],[126.46804,35.601174],[126.469241,35.599414],[126.467325,35.596913],[126.465623,35.598604],[126.460654,35.613703],[126.462286,35.620508],[126.463761,35.618308],[126.470402,35.620279],[126.468385,35.62261],[126.46033,35.621704],[126.468617,35.628318],[126.468382,35.631142],[126.465063,35.633965],[126.460022,35.634148],[126.456063,35.636661],[126.461302,35.638097],[126.465936,35.644222],[126.470275,35.642697],[126.479406,35.644855],[126.483322,35.650081],[126.484278,35.655609],[126.500389,35.657361],[126.503623,35.659404],[126.514691,35.667452],[126.520646,35.676361],[126.524532,35.678407],[126.52822,35.677185],[126.531051,35.681433],[126.532928,35.690777],[126.538958,35.689977],[126.554281,35.697142],[126.554302,35.699941],[126.570283,35.694962],[126.579531,35.70146],[126.584887,35.708338],[126.588921,35.708425],[126.594371,35.712414],[126.601221,35.719565],[126.611546,35.736826],[126.626878,35.748645],[126.624208,35.778691],[126.625971,35.782167],[126.622804,35.785493],[126.622632,35.7887],[126.626226,35.795126],[126.632347,35.800405],[126.64299,35.797694],[126.699262,35.799439],[126.717273,35.793959],[126.728289,35.794102],[126.752299,35.785188],[126.768661,35.773618],[126.77295,35.766984],[126.772196,35.76309],[126.774716,35.757229],[126.777231,35.757646],[126.776386,35.767591],[126.769887,35.777521],[126.767824,35.785335],[126.776838,35.801488],[126.765844,35.804494],[126.765643,35.807412],[126.75732,35.808754],[126.733879,35.818162],[126.72258,35.827734],[126.698663,35.840201],[126.686477,35.841838],[126.685368,35.844184],[126.69946,35.856189],[126.710864,35.857475],[126.716078,35.860609],[126.71978,35.859963],[126.730842,35.866626],[126.745291,35.867135],[126.766213,35.861987],[126.764765,35.866096],[126.789154,35.865364],[126.798714,35.87375],[126.799487,35.87795],[126.796201,35.88274],[126.800284,35.889217],[126.8009,35.893751],[126.825294,35.898471],[126.838136,35.910494],[126.837284,35.911565],[126.828123,35.906784],[126.809143,35.90843],[126.791176,35.904835],[126.784146,35.902369],[126.76999,35.889005],[126.763051,35.89147],[126.741749,35.890031],[126.736335,35.891575],[126.725005,35.885773],[126.699133,35.893738],[126.676388,35.894656],[126.674891,35.889141],[126.667671,35.883425],[126.641083,35.88435],[126.620554,35.888368],[126.618219,35.887835],[126.61836,35.886126],[126.614052,35.885835],[126.611549,35.887569],[126.614748,35.891053],[126.610378,35.916605],[126.611523,35.929597],[126.616922,35.938521],[126.614953,35.942674],[126.595077,35.947501],[126.549428,35.943143],[126.549297,35.939674],[126.54297,35.939642],[126.542039,35.942436],[126.538371,35.942085],[126.533818,35.932484],[126.527736,35.933141],[126.5249,35.937341],[126.529306,35.942559],[126.525071,35.943527],[126.521601,35.94779],[126.523014,35.949769],[126.521139,35.971019],[126.551092,35.975042],[126.568689,35.973761],[126.568523,35.975909],[126.61011,35.978589],[126.628208,35.978019],[126.636888,35.980136],[126.64279,35.978887],[126.666444,35.984061],[126.677715,35.983401],[126.675687,35.990635],[126.686262,35.993236],[126.68011,35.999285],[126.704116,35.999689],[126.722951,35.995131],[126.728919,35.996003],[126.733366,35.998166],[126.748682,36.023543],[126.772301,36.031278],[126.795592,36.030499],[126.810094,36.033965],[126.829703,36.046904],[126.866163,36.062343],[126.874047,36.082665],[126.874899,36.091504],[126.872602,36.110876],[126.886737,36.135792],[126.892319,36.140728],[126.90492,36.143553],[126.923393,36.139332],[126.939159,36.15132],[126.956976,36.15642],[126.964141,36.155023],[126.968787,36.150721],[126.986301,36.145156],[127.000263,36.146825],[127.003447,36.149138],[127.012534,36.146156],[127.015658,36.148917],[127.020551,36.138119],[127.02366,36.136556],[127.039058,36.138869],[127.039593,36.142331],[127.044077,36.145189],[127.049762,36.142369],[127.051522,36.135181],[127.049577,36.132755],[127.058168,36.125098],[127.060792,36.125129],[127.060264,36.118914],[127.057785,36.116876],[127.05824,36.108245],[127.061106,36.104994],[127.061398,36.093487],[127.070164,36.087572],[127.071801,36.084357],[127.074533,36.084492],[127.081601,36.077923],[127.08806,36.075672],[127.089838,36.072421],[127.093611,36.075132],[127.101784,36.075702],[127.1229,36.063192],[127.131093,36.065785],[127.133623,36.069513],[127.133506,36.081339],[127.137163,36.086849],[127.149256,36.090306],[127.151252,36.089921],[127.153771,36.084786],[127.169205,36.08391],[127.181592,36.094565],[127.188844,36.092451],[127.195852,36.086021],[127.199329,36.086013],[127.201678,36.087477],[127.200498,36.091539],[127.203491,36.093937],[127.204968,36.100479],[127.21219,36.100611],[127.219358,36.096963],[127.225561,36.099222],[127.235367,36.093851],[127.243206,36.084809],[127.254055,36.083656],[127.257024,36.08747],[127.247296,36.093698],[127.246009,36.096574],[127.246082,36.104456],[127.250192,36.107411],[127.251612,36.112263],[127.257644,36.114156],[127.26428,36.109074],[127.274988,36.107741],[127.285259,36.112419],[127.294019,36.112532],[127.295888,36.120081],[127.302365,36.125448],[127.309064,36.123879],[127.314381,36.118635],[127.322882,36.125843],[127.322999,36.130086],[127.338482,36.130493],[127.344443,36.118073],[127.350935,36.116423],[127.353383,36.113406],[127.354972,36.10831],[127.347892,36.098388],[127.349663,36.095233],[127.360001,36.089507],[127.357163,36.086763],[127.357244,36.083156],[127.361734,36.076181],[127.359272,36.070572],[127.360295,36.068307],[127.363823,36.068613],[127.364552,36.065921],[127.360602,36.061068],[127.361752,36.058857],[127.360414,36.055998],[127.361143,36.053306],[127.373079,36.043524],[127.374379,36.034265],[127.379347,36.030405],[127.377831,36.022816],[127.383591,36.021801],[127.391864,36.017155],[127.396756,36.010067],[127.401145,36.007901],[127.426266,36.026467],[127.434667,36.027734],[127.434318,36.02435],[127.437296,36.02051],[127.435275,36.014205],[127.437408,36.009119],[127.444581,36.006846],[127.447906,35.999224],[127.448166,35.993448],[127.455975,35.983784],[127.463434,35.984409],[127.465208,35.988183],[127.468223,35.987744],[127.47585,35.980524],[127.487607,35.978015],[127.495454,35.986511],[127.501992,35.986447],[127.505816,35.980355],[127.508465,35.979898],[127.514111,35.983442],[127.524732,35.985569],[127.535813,35.99494],[127.536332,36.000697],[127.532312,36.008128],[127.54018,36.011734],[127.536289,36.021394],[127.539304,36.026007],[127.53792,36.032975],[127.531605,36.034858],[127.53165,36.041142],[127.547279,36.038028],[127.552609,36.032735],[127.566845,36.0307],[127.575565,36.022656],[127.582565,36.026705],[127.590995,36.025017],[127.599965,36.013085],[127.606672,36.010785],[127.611233,36.001587],[127.614392,36.001284],[127.618209,36.008078],[127.617379,36.017199],[127.610141,36.024921],[127.615979,36.026601],[127.624416,36.024654],[127.62765,36.027087],[127.62819,36.032175],[127.635072,36.03107],[127.638057,36.032896],[127.632117,36.035593],[127.630188,36.041272],[127.619083,36.041239],[127.620325,36.062557],[127.624344,36.066706],[127.637267,36.067006],[127.637756,36.068359],[127.644713,36.06657],[127.648613,36.062678],[127.649125,36.058011],[127.654042,36.056413],[127.660405,36.038067],[127.665428,36.036766],[127.669201,36.038297],[127.672685,36.04176],[127.670811,36.051918],[127.688584,36.06282],[127.691268,36.058676],[127.695234,36.058667],[127.696725,36.056217],[127.695048,36.046384],[127.696467,36.041199],[127.702105,36.035207],[127.704993,36.033652],[127.71187,36.035409],[127.716962,36.034396],[127.719835,36.030441],[127.723284,36.03109],[127.727813,36.026099],[127.728153,36.03043],[127.732443,36.032235],[127.736704,36.030859],[127.740488,36.024869],[127.742944,36.025031],[127.743485,36.028255],[127.747899,36.029351],[127.75262,36.024694],[127.761104,36.025459],[127.763048,36.021295],[127.758765,36.014994],[127.764705,36.012082],[127.781394,36.016159],[127.787853,36.014249],[127.800222,36.026255],[127.818743,36.028022],[127.825812,36.032736],[127.849373,36.039663],[127.853421,36.039054],[127.856217,36.032965],[127.86065,36.031276],[127.865325,36.025066],[127.876926,36.022442],[127.875375,36.014889],[127.878818,36.001311],[127.876002,35.999379],[127.875815,35.996723],[127.886702,35.992108],[127.89303,35.987081],[127.893739,35.984468],[127.889596,35.979526],[127.89624,35.977906],[127.896508,35.972043],[127.900394,35.966886],[127.904019,35.954518],[127.911467,35.94945],[127.906464,35.940567],[127.88251,35.928824],[127.883791,35.923767],[127.882621,35.918787],[127.88761,35.914579],[127.882397,35.913081],[127.877231,35.907496],[127.87093,35.904643],[127.85954,35.906491],[127.858275,35.897017],[127.850746,35.890052],[127.852801,35.880727],[127.845133,35.876332],[127.843576,35.869068],[127.84094,35.866871],[127.830878,35.869743],[127.825331,35.868434],[127.814013,35.856719],[127.812733,35.852829],[127.803873,35.857178],[127.7993,35.853819],[127.780487,35.848259],[127.772153,35.83893],[127.758395,35.836689],[127.744412,35.844335],[127.738077,35.835126],[127.738651,35.82697],[127.7326,35.820839],[127.730407,35.813654],[127.725391,35.813114],[127.723385,35.810608],[127.723848,35.804587],[127.720416,35.801284],[127.719277,35.797061],[127.710354,35.791619],[127.706518,35.791857],[127.700367,35.788954],[127.684989,35.777847],[127.679033,35.76927],[127.670029,35.771679],[127.664137,35.767013],[127.66182,35.749833],[127.663601,35.74502],[127.660304,35.7384],[127.663436,35.72476],[127.659753,35.716088],[127.660774,35.709748],[127.657636,35.706572],[127.649155,35.703989],[127.649549,35.701622],[127.645047,35.697656],[127.640383,35.686665],[127.640261,35.67231],[127.635148,35.667088],[127.629074,35.664201],[127.629597,35.656635],[127.622477,35.651008],[127.620248,35.646263],[127.620406,35.641792],[127.624486,35.638079],[127.624134,35.632348],[127.635468,35.618472],[127.621134,35.615007],[127.618188,35.610311],[127.612995,35.608686],[127.612681,35.599705],[127.607566,35.594774],[127.610588,35.584862],[127.604366,35.578698],[127.594588,35.573361],[127.590742,35.567015],[127.587409,35.565164],[127.585406,35.554586],[127.591076,35.554169],[127.59434,35.548125],[127.606429,35.542837],[127.611934,35.535691],[127.618802,35.53705],[127.622861,35.533764],[127.628722,35.535752],[127.624497,35.527329],[127.630871,35.520822],[127.634158,35.52105],[127.634082,35.51298],[127.641865,35.505058],[127.644946,35.499044],[127.650835,35.497632],[127.650204,35.490128],[127.652722,35.48567],[127.63677,35.478464],[127.637862,35.470829],[127.635678,35.462549],[127.636925,35.459316],[127.645073,35.44951],[127.652012,35.450825],[127.667902,35.447925],[127.672856,35.443353],[127.665537,35.43634],[127.665823,35.428597],[127.663507,35.425501],[127.661978,35.416656],[127.650036,35.407731],[127.646447,35.402664],[127.63542,35.399819],[127.625563,35.385487],[127.624617,35.376559],[127.622396,35.373202],[127.610335,35.366296],[127.612123,35.355946],[127.622862,35.343949],[127.622766,35.338397],[127.620416,35.332327],[127.614846,35.330563],[127.60813,35.325316],[127.60551,35.318963],[127.5932,35.311929],[127.585667,35.309144],[127.57745,35.308959],[127.567486,35.318795],[127.555379,35.321982],[127.552069,35.325149],[127.542981,35.328183],[127.540656,35.334413],[127.530537,35.337283],[127.524745,35.344897],[127.517348,35.34708],[127.514222,35.351341],[127.508225,35.353337],[127.501413,35.358826],[127.495621,35.360814],[127.486105,35.358366],[127.477591,35.365012],[127.472837,35.36618],[127.458613,35.36362],[127.454214,35.360728],[127.442891,35.361277],[127.44134,35.364428],[127.431323,35.359532],[127.422757,35.350839],[127.416029,35.340947],[127.415496,35.337281],[127.409871,35.333235],[127.407369,35.328365],[127.401547,35.325102],[127.398487,35.311741],[127.394039,35.310489],[127.384451,35.303276],[127.380287,35.304534],[127.374576,35.312509],[127.367094,35.314516],[127.356361,35.321259],[127.330906,35.315077],[127.32942,35.311047],[127.323649,35.308997],[127.324112,35.306461],[127.30851,35.303123],[127.305241,35.303238],[127.301683,35.308353],[127.288417,35.314175],[127.265181,35.313716],[127.259542,35.311751],[127.25221,35.315174],[127.250374,35.318556],[127.235715,35.329147],[127.232388,35.334945],[127.224511,35.336635],[127.219676,35.335487],[127.216107,35.32958],[127.217424,35.320765],[127.215744,35.316578],[127.200878,35.315802],[127.186839,35.322553],[127.183134,35.330076],[127.186098,35.336194],[127.181632,35.338018],[127.179794,35.337372],[127.179625,35.332391],[127.172902,35.330331],[127.171333,35.332952],[127.159481,35.32663],[127.151386,35.31798],[127.146572,35.315415],[127.145398,35.309121],[127.129952,35.309305],[127.125965,35.303416],[127.11568,35.299553],[127.105504,35.299198],[127.078559,35.310861],[127.07208,35.312612],[127.065576,35.310563],[127.061795,35.317074],[127.051598,35.316639],[127.046551,35.318267],[127.043326,35.321764],[127.042976,35.323491],[127.051051,35.329542],[127.052301,35.340211],[127.056205,35.340079],[127.062515,35.336111],[127.070294,35.339727],[127.067264,35.345349],[127.069653,35.351694],[127.065336,35.357015],[127.070279,35.366122],[127.063666,35.369921],[127.064942,35.375629],[127.055902,35.384927],[127.051647,35.379237],[127.046435,35.376942],[127.039133,35.379958],[127.040336,35.382586],[127.038887,35.384597],[127.030214,35.390464],[127.027283,35.394925],[127.02727,35.399943],[127.032016,35.40116],[127.042219,35.398912],[127.047239,35.402789],[127.047861,35.405603],[127.045594,35.40806],[127.04911,35.421886],[127.052303,35.426858],[127.04907,35.431258],[127.04396,35.43379],[127.040421,35.431917],[127.036989,35.433619],[127.037098,35.441229],[127.03462,35.447527],[127.035911,35.458774],[127.034628,35.465802],[127.023705,35.463472],[127.01443,35.457454],[127.00298,35.463214],[127.000015,35.461575],[126.997917,35.446106],[126.994163,35.439775],[126.985203,35.436571],[126.981617,35.426462],[126.970394,35.42743],[126.970542,35.417645],[126.976236,35.407461],[126.976539,35.400103],[126.963372,35.394765],[126.954798,35.396711],[126.935526,35.394365],[126.932758,35.395148],[126.93007,35.400277],[126.93357,35.405804],[126.917463,35.402118],[126.916955,35.405193],[126.920667,35.410892],[126.915867,35.415863],[126.910985,35.415565],[126.90853,35.416666],[126.907371,35.420277],[126.902964,35.421087],[126.903724,35.429952],[126.897925,35.432677],[126.897488,35.435608],[126.904664,35.440901],[126.900026,35.4423],[126.894844,35.448481],[126.884001,35.45099],[126.880504,35.455466],[126.876259,35.456239],[126.868692,35.461389],[126.861563,35.461655],[126.850617,35.465979],[126.839636,35.462129],[126.838136,35.464571],[126.840576,35.466392],[126.843137,35.475987],[126.84228,35.480093],[126.839886,35.483095],[126.831245,35.480073],[126.826127,35.486301],[126.818579,35.485759],[126.813963,35.482942],[126.812935,35.476627],[126.815028,35.473637],[126.813574,35.468847],[126.792852,35.467182],[126.782157,35.47034],[126.77252,35.468379],[126.761677,35.464865],[126.749501,35.451146],[126.740908,35.452323],[126.738118,35.449034],[126.744377,35.440746],[126.748431,35.43996],[126.751679,35.43612],[126.751771,35.423162],[126.754297,35.417936],[126.753965,35.416243],[126.748413,35.415163],[126.744433,35.409295],[126.737442,35.405721],[126.736083,35.403248],[126.722145,35.399998],[126.722045,35.398351],[126.729574,35.394586],[126.732076,35.38414],[126.731065,35.376461],[126.719434,35.364921],[126.704582,35.365113],[126.699207,35.349649],[126.691471,35.35158],[126.685478,35.344586],[126.666735,35.351548],[126.660231,35.344198],[126.659394,35.334355],[126.656532,35.333228],[126.652608,35.327686],[126.644818,35.32783],[126.647083,35.323952]]],[[[126.48097,35.537072],[126.478747,35.538676],[126.482928,35.540146],[126.48495,35.538136],[126.48097,35.537072]]],[[[126.482754,35.540394],[126.476679,35.543992],[126.480881,35.546819],[126.484977,35.544506],[126.482754,35.540394]]],[[[126.587702,35.570374],[126.587384,35.573682],[126.588096,35.572544],[126.590076,35.571475],[126.587702,35.570374]]],[[[126.248952,35.573996],[126.24133,35.573331],[126.244202,35.578018],[126.245832,35.57636],[126.248643,35.577776],[126.248952,35.573996]]],[[[126.297018,35.589055],[126.299204,35.590666],[126.299451,35.586542],[126.297307,35.586892],[126.297018,35.589055]]],[[[126.315623,35.61061],[126.311174,35.604616],[126.304868,35.600494],[126.303664,35.595754],[126.288957,35.591838],[126.288935,35.589508],[126.279789,35.580281],[126.266343,35.576199],[126.262598,35.57121],[126.266624,35.568871],[126.26668,35.566811],[126.259672,35.570752],[126.254006,35.582752],[126.249412,35.584186],[126.248447,35.587069],[126.254167,35.58991],[126.264767,35.588503],[126.270858,35.589983],[126.269303,35.593507],[126.256786,35.593805],[126.259379,35.597924],[126.264448,35.59533],[126.27306,35.599047],[126.267754,35.604905],[126.27088,35.608616],[126.275452,35.604183],[126.277983,35.606302],[126.280787,35.605822],[126.279612,35.602859],[126.283554,35.604246],[126.285006,35.606745],[126.27596,35.612767],[126.275355,35.61727],[126.284114,35.614141],[126.287996,35.608523],[126.291771,35.609799],[126.28778,35.614737],[126.294446,35.618418],[126.290625,35.606001],[126.294148,35.604276],[126.297673,35.61168],[126.303349,35.612593],[126.300531,35.618396],[126.305338,35.618614],[126.30387,35.621306],[126.301112,35.620664],[126.303955,35.621766],[126.307569,35.62045],[126.315623,35.61061]]],[[[126.264133,35.608327],[126.26608,35.610786],[126.267621,35.609068],[126.266924,35.607515],[126.264133,35.608327]]],[[[126.284886,35.621987],[126.282584,35.625767],[126.285208,35.625529],[126.286748,35.627673],[126.28482,35.632898],[126.280503,35.629081],[126.278649,35.630007],[126.276011,35.625599],[126.273616,35.6266],[126.275887,35.628436],[126.273668,35.632456],[126.276404,35.634858],[126.282123,35.633649],[126.286551,35.635529],[126.290766,35.633584],[126.294405,35.627925],[126.284886,35.621987]]],[[[126.123874,35.633115],[126.120477,35.639545],[126.112608,35.637137],[126.111358,35.64269],[126.115725,35.645087],[126.12125,35.644931],[126.129813,35.635942],[126.123874,35.633115]]],[[[126.107621,35.660114],[126.1104,35.658188],[126.109194,35.656568],[126.105389,35.656373],[126.104645,35.659311],[126.0988,35.660602],[126.108318,35.668152],[126.110855,35.665746],[126.107621,35.660114]]],[[[126.487342,35.661073],[126.482128,35.660482],[126.482309,35.662086],[126.485882,35.665462],[126.487342,35.661073]]],[[[126.121172,35.664314],[126.118713,35.665178],[126.12168,35.666335],[126.121172,35.664314]]],[[[126.459978,35.728707],[126.462511,35.728962],[126.460969,35.726134],[126.459158,35.726404],[126.459978,35.728707]]],[[[126.531991,35.725881],[126.526356,35.729857],[126.528648,35.731366],[126.532417,35.730553],[126.531991,35.725881]]],[[[126.520289,35.731659],[126.517929,35.737778],[126.522788,35.736255],[126.524477,35.732761],[126.520289,35.731659]]],[[[126.458601,35.734872],[126.45627,35.734318],[126.454318,35.728519],[126.451199,35.728371],[126.448452,35.731367],[126.451003,35.738006],[126.440551,35.741219],[126.439871,35.743031],[126.447918,35.748634],[126.454617,35.744919],[126.458601,35.734872]]],[[[126.469327,35.73829],[126.468433,35.738898],[126.469712,35.740577],[126.47245,35.739034],[126.469327,35.73829]]],[[[126.464609,35.741182],[126.466924,35.740723],[126.465439,35.738872],[126.462602,35.739442],[126.464609,35.741182]]],[[[126.463528,35.750726],[126.467181,35.75246],[126.47005,35.747589],[126.463719,35.747886],[126.463528,35.750726]]],[[[126.410833,35.800977],[126.412995,35.802301],[126.412049,35.798323],[126.410833,35.800977]]],[[[126.437606,35.805074],[126.437835,35.80195],[126.425121,35.793115],[126.419079,35.793678],[126.413412,35.7985],[126.420418,35.810292],[126.421838,35.809783],[126.420355,35.808651],[126.421224,35.806811],[126.431781,35.802263],[126.432711,35.808842],[126.434362,35.809214],[126.433496,35.806022],[126.437555,35.806058],[126.435855,35.808021],[126.436521,35.810654],[126.440584,35.808158],[126.439899,35.805585],[126.437606,35.805074]]],[[[126.42975,35.809624],[126.431461,35.812049],[126.431751,35.80963],[126.429833,35.808138],[126.42975,35.809624]]],[[[126.375253,35.817792],[126.371759,35.819185],[126.371215,35.815893],[126.376363,35.814249],[126.379573,35.805391],[126.383136,35.803187],[126.376581,35.804334],[126.37583,35.799868],[126.374088,35.79988],[126.371967,35.80593],[126.367118,35.810132],[126.368019,35.821366],[126.373367,35.820888],[126.375253,35.817792]]],[[[126.44428,35.814377],[126.446575,35.813086],[126.444284,35.812409],[126.44428,35.814377]]],[[[126.400343,35.813101],[126.398849,35.808198],[126.394231,35.808742],[126.394009,35.810914],[126.396432,35.810353],[126.396614,35.814432],[126.387344,35.818197],[126.389157,35.82189],[126.397363,35.818966],[126.397975,35.812417],[126.400343,35.813101]]],[[[126.417255,35.823688],[126.425739,35.817815],[126.415924,35.820438],[126.416878,35.811956],[126.415045,35.805945],[126.4089,35.804591],[126.409426,35.806492],[126.406117,35.809127],[126.40149,35.804445],[126.400363,35.805675],[126.402852,35.812022],[126.409685,35.814682],[126.412676,35.82249],[126.41189,35.824509],[126.404156,35.827684],[126.402149,35.825444],[126.398939,35.826497],[126.399281,35.828178],[126.404151,35.832807],[126.415261,35.829524],[126.417255,35.823688]]],[[[126.480738,35.818882],[126.482357,35.817197],[126.487722,35.81786],[126.487421,35.815668],[126.480691,35.812078],[126.470344,35.810743],[126.462176,35.813258],[126.46497,35.818231],[126.46181,35.81905],[126.457309,35.814501],[126.453905,35.815679],[126.453284,35.813397],[126.457162,35.8102],[126.453661,35.805988],[126.449268,35.807491],[126.449508,35.816179],[126.445669,35.818822],[126.447742,35.819616],[126.451053,35.817036],[126.453317,35.81838],[126.444708,35.82336],[126.445424,35.826295],[126.441568,35.82769],[126.444233,35.831684],[126.450489,35.832143],[126.45561,35.830868],[126.459565,35.826115],[126.475772,35.822469],[126.490963,35.838203],[126.48533,35.845037],[126.489923,35.847181],[126.50045,35.844222],[126.499249,35.837399],[126.480738,35.818882]]],[[[126.484001,35.842273],[126.473307,35.84213],[126.4823,35.846444],[126.484001,35.842273]]],[[[126.379881,35.847477],[126.372006,35.846024],[126.36137,35.846307],[126.358606,35.848801],[126.364835,35.848013],[126.367478,35.850425],[126.367259,35.85327],[126.378163,35.853534],[126.386121,35.856535],[126.388261,35.852795],[126.379881,35.847477]]],[[[126.352383,35.853433],[126.353642,35.849364],[126.342091,35.849989],[126.337532,35.852436],[126.339344,35.854603],[126.352383,35.853433]]],[[[126.332393,35.85615],[126.333887,35.85326],[126.330233,35.852257],[126.332393,35.85615]]],[[[126.325624,35.85755],[126.327449,35.852834],[126.317018,35.854162],[126.319311,35.856842],[126.315578,35.857165],[126.316547,35.853684],[126.3136,35.855855],[126.315121,35.859067],[126.325624,35.85755]]],[[[126.4228,35.854979],[126.406888,35.858404],[126.394706,35.854699],[126.398607,35.85837],[126.407013,35.859498],[126.432857,35.855915],[126.4228,35.854979]]],[[[126.523021,36.033262],[126.521782,36.033699],[126.523162,36.035341],[126.524639,36.03388],[126.523021,36.033262]]],[[[126.554811,36.029398],[126.551059,36.033385],[126.541962,36.035639],[126.540712,36.037257],[126.543657,36.041596],[126.543211,36.043972],[126.554899,36.047237],[126.558618,36.038413],[126.557064,36.03035],[126.554811,36.029398]]],[[[126.528995,36.039264],[126.532509,36.036014],[126.530195,36.035026],[126.523166,36.03716],[126.529663,36.042083],[126.528995,36.039264]]],[[[126.545485,36.046355],[126.545394,36.045501],[126.543152,36.046187],[126.545485,36.046355]]],[[[126.445319,36.073668],[126.442728,36.076855],[126.435075,36.076125],[126.430233,36.079924],[126.427963,36.085966],[126.435279,36.085396],[126.437717,36.087781],[126.446032,36.082019],[126.445319,36.073668]]],[[[125.992002,36.110168],[125.989521,36.112119],[125.984301,36.119778],[125.982499,36.118993],[125.984306,36.112968],[125.980409,36.110428],[125.976099,36.113067],[125.973426,36.112016],[125.966507,36.126412],[125.969241,36.127565],[125.986507,36.122347],[125.994899,36.122453],[125.995677,36.117787],[125.992002,36.110168]]]]}}]}
