{
  "features": [
    {
      "geometry": {
        "coordinates": [
          127.5922589,
          37.2457847
        ],
        "type": "Point"
      },
      "properties": {
        "ac_pair_count": 4,
        "connected_physical_pair_count": 4,
        "coordinate_method": "LOCAL_OSM_PUBLIC_MAP_EXTRACT",
        "coordinate_tier": "GEO_C_STRONG_NAME_MATCH",
        "facility_type": "SUBSTATION",
        "fgn": "FGN0_000307",
        "highest_voltage_kv": 154,
        "hvdc_link_count": 0,
        "is_orphan": false,
        "legacy_gist_reference": false,
        "name": "가남",
        "nmi": "NMI000308",
        "voltage_band": "154",
        "voltage_classes": "154"
      },
      "type": "Feature"
    },
    {
      "geometry": {
        "coordinates": [
          127.1184572,
          37.4947762
        ],
        "type": "Point"
      },
      "properties": {
        "ac_pair_count": 3,
        "connected_physical_pair_count": 3,
        "coordinate_method": "LOCAL_OSM_PUBLIC_MAP_EXTRACT",
        "coordinate_tier": "GEO_C_STRONG_NAME_MATCH",
        "facility_type": "SUBSTATION",
        "fgn": "FGN0_000308",
        "highest_voltage_kv": 154,
        "hvdc_link_count": 0,
        "is_orphan": false,
        "legacy_gist_reference": false,
        "name": "가락",
        "nmi": "NMI000309",
        "voltage_band": "154",
        "voltage_classes": "154"
      },
      "type": "Feature"
    },
    {
      "geometry": {
        "coordinates": [
          127.3359915,
          36.2984346
        ],
        "type": "Point"
      },
      "properties": {
        "ac_pair_count": 2,
        "connected_physical_pair_count": 2,
        "coordinate_method": "LOCAL_OSM_PUBLIC_MAP_EXTRACT",
        "coordinate_tier": "GEO_C_STRONG_NAME_MATCH",
        "facility_type": "SUBSTATION",
        "fgn": "FGN0_000310",
        "highest_voltage_kv": 154,
        "hvdc_link_count": 0,
        "is_orphan": false,
        "legacy_gist_reference": false,
        "name": "가수원",
        "nmi": "NMI000311",
        "voltage_band": "154",
        "voltage_classes": "154"
      },
      "type": "Feature"
    },
    {
      "geometry": {
        "coordinates": [
          128.3803916,
          35.2698501
        ],
        "type": "Point"
      },
      "properties": {
        "ac_pair_count": 3,
        "connected_physical_pair_count": 3,
        "coordinate_method": "LOCAL_OSM_PUBLIC_MAP_EXTRACT",
        "coordinate_tier": "GEO_C_STRONG_NAME_MATCH",
        "facility_type": "SUBSTATION",
        "fgn": "FGN0_000311",
        "highest_voltage_kv": 154,
        "hvdc_link_count": 0,
        "is_orphan": false,
        "legacy_gist_reference": false,
        "name": "가야",
        "nmi": "NMI000312",
        "voltage_band": "154",
        "voltage_classes": "154"
      },
      "type": "Feature"
    },
    {
      "geometry": {
        "coordinates": [
          126.8363648,
          37.5706465
        ],
        "type": "Point"
      },
      "properties": {
        "ac_pair_count": 3,
        "connected_physical_pair_count": 3,
        "coordinate_method": "LOCAL_OSM_PUBLIC_MAP_EXTRACT",
        "coordinate_tier": "GEO_C_STRONG_NAME_MATCH",
        "facility_type": "SUBSTATION",
        "fgn": "FGN0_000312",
        "highest_voltage_kv": 154,
        "hvdc_link_count": 0,
        "is_orphan": false,
        "legacy_gist_reference": false,
        "name": "가양",
        "nmi": "NMI000313",
        "voltage_band": "154",
        "voltage_classes": "154"
      },
      "type": "Feature"
    },
    {
      "geometry": {
        "coordinates": [
          126.66200197777684,
          37.52501587863998
        ],
        "type": "Point"
      },
      "properties": {
        "ac_pair_count": 5,
        "connected_physical_pair_count": 5,
        "coordinate_method": "OFFLINE_APPROVED_OFFICIAL_FACILITY_SITE_GEOMETRY_REPLAY",
        "coordinate_tier": "GEO_B_FACILITY_SITE",
        "facility_type": "SWITCHING_STATION",
        "fgn": "FGN0_000010",
        "highest_voltage_kv": 345,
        "hvdc_link_count": 0,
        "is_orphan": false,
        "legacy_gist_reference": false,
        "name": "가정",
        "nmi": "NMI000010",
        "voltage_band": "345",
        "voltage_classes": "345"
      },
      "type": "Feature"
    },
    {
      "geometry": {
        "coordinates": [
          127.4985215,
          37.8136747
        ],
        "type": "Point"
      },
      "properties": {
        "ac_pair_count": 1,
        "connected_physical_pair_count": 1,
        "coordinate_method": "LOCAL_OSM_PUBLIC_MAP_EXTRACT",
        "coordinate_tier": "GEO_C_STRONG_NAME_MATCH",
        "facility_type": "SUBSTATION",
        "fgn": "FGN0_000313",
        "highest_voltage_kv": 154,
        "hvdc_link_count": 0,
        "is_orphan": false,
        "legacy_gist_reference": false,
        "name": "가평",
        "nmi": "NMI000314",
        "voltage_band": "154",
        "voltage_classes": "154"
      },
      "type": "Feature"
    },
    {
      "geometry": {
        "coordinates": [
          128.4506891,
          38.3866735
        ],
        "type": "Point"
      },
      "properties": {
        "ac_pair_count": 2,
        "connected_physical_pair_count": 2,
        "coordinate_method": "LOCAL_OSM_PUBLIC_MAP_EXTRACT",
        "coordinate_tier": "GEO_C_STRONG_NAME_MATCH",
        "facility_type": "SUBSTATION",
        "fgn": "FGN0_000314",
        "highest_voltage_kv": 154,
        "hvdc_link_count": 0,
        "is_orphan": false,
        "legacy_gist_reference": false,
        "name": "간성",
        "nmi": "NMI000315",
        "voltage_band": "154",
        "voltage_classes": "154"
      },
      "type": "Feature"
    },
    {
      "geometry": {
        "coordinates": [
          126.728359,
          37.51618881
        ],
        "type": "Point"
      },
      "properties": {
        "ac_pair_count": 4,
        "connected_physical_pair_count": 4,
        "coordinate_method": "USER_PROVIDED_INDEPENDENT_WEB_VERIFICATION_WITH_PUBLIC_MAP_CORROBORATION",
        "coordinate_tier": "GEO_C_STRONG_NAME_MATCH",
        "facility_type": "SUBSTATION",
        "fgn": "FGN0_000012",
        "highest_voltage_kv": 345,
        "hvdc_link_count": 0,
        "is_orphan": false,
        "legacy_gist_reference": false,
        "name": "갈산",
        "nmi": "NMI000012",
        "voltage_band": "345",
        "voltage_classes": "154;345"
      },
      "type": "Feature"
    },
    {
      "geometry": {
        "coordinates": [
          127.6837555,
          37.117993
        ],
        "type": "Point"
      },
      "properties": {
        "ac_pair_count": 3,
        "connected_physical_pair_count": 3,
        "coordinate_method": "LOCAL_OSM_PUBLIC_MAP_EXTRACT",
        "coordinate_tier": "GEO_C_STRONG_NAME_MATCH",
        "facility_type": "SUBSTATION",
        "fgn": "FGN0_000315",
        "highest_voltage_kv": 154,
        "hvdc_link_count": 0,
        "is_orphan": false,
        "legacy_gist_reference": false,
        "name": "감곡",
        "nmi": "NMI000316",
        "voltage_band": "154",
        "voltage_classes": "154"
      },
      "type": "Feature"
    },
    {
      "geometry": {
        "coordinates": [
          127.06499910000001,
          37.511720100000005
        ],
        "type": "Point"
      },
      "properties": {
        "ac_pair_count": 3,
        "connected_physical_pair_count": 3,
        "coordinate_method": "OSM_GLOBAL_POWER_GRID_KOREA_REFERENCE_V0",
        "coordinate_tier": "GEO_C_STRONG_NAME_MATCH",
        "facility_type": "SUBSTATION",
        "fgn": "FGN0_000316",
        "highest_voltage_kv": 154,
        "hvdc_link_count": 0,
        "is_orphan": false,
        "legacy_gist_reference": false,
        "name": "강남",
        "nmi": "NMI000317",
        "voltage_band": "154",
        "voltage_classes": "154"
      },
      "type": "Feature"
    },
    {
      "geometry": {
        "coordinates": [
          127.1508299,
          37.5368118
        ],
        "type": "Point"
      },
      "properties": {
        "ac_pair_count": 4,
        "connected_physical_pair_count": 4,
        "coordinate_method": "LOCAL_OSM_PUBLIC_MAP_EXTRACT",
        "coordinate_tier": "GEO_C_STRONG_NAME_MATCH",
        "facility_type": "SUBSTATION",
        "fgn": "FGN0_000013",
        "highest_voltage_kv": 345,
        "hvdc_link_count": 0,
        "is_orphan": false,
        "legacy_gist_reference": false,
        "name": "강동",
        "nmi": "NMI000013",
        "voltage_band": "345",
        "voltage_classes": "154;345"
      },
      "type": "Feature"
    },
    {
      "geometry": {
        "coordinates": [
          128.8741514,
          37.7450295
        ],
        "type": "Point"
      },
      "properties": {
        "ac_pair_count": 4,
        "connected_physical_pair_count": 4,
        "coordinate_method": "LOCAL_OSM_PUBLIC_MAP_EXTRACT",
        "coordinate_tier": "GEO_C_STRONG_NAME_MATCH",
        "facility_type": "SUBSTATION",
        "fgn": "FGN0_000317",
        "highest_voltage_kv": 154,
        "hvdc_link_count": 0,
        "is_orphan": false,
        "legacy_gist_reference": false,
        "name": "강릉",
        "nmi": "NMI000318",
        "voltage_band": "154",
        "voltage_classes": "154"
      },
      "type": "Feature"
    },
    {
      "geometry": {
        "coordinates": [
          126.7548317,
          34.645628
        ],
        "type": "Point"
      },
      "properties": {
        "ac_pair_count": 6,
        "connected_physical_pair_count": 6,
        "coordinate_method": "LOCAL_OSM_PUBLIC_MAP_EXTRACT",
        "coordinate_tier": "GEO_C_STRONG_NAME_MATCH",
        "facility_type": "SUBSTATION",
        "fgn": "FGN0_000318",
        "highest_voltage_kv": 154,
        "hvdc_link_count": 0,
        "is_orphan": false,
        "legacy_gist_reference": false,
        "name": "강진",
        "nmi": "NMI000319",
        "voltage_band": "154",
        "voltage_classes": "154"
      },
      "type": "Feature"
    },
    {
      "geometry": {
        "coordinates": [
          128.4733322,
          35.844824
        ],
        "type": "Point"
      },
      "properties": {
        "ac_pair_count": 4,
        "connected_physical_pair_count": 4,
        "coordinate_method": "LOCAL_OSM_PUBLIC_MAP_EXTRACT",
        "coordinate_tier": "GEO_C_STRONG_NAME_MATCH",
        "facility_type": "SUBSTATION",
        "fgn": "FGN0_000319",
        "highest_voltage_kv": 154,
        "hvdc_link_count": 0,
        "is_orphan": false,
        "legacy_gist_reference": false,
        "name": "강창",
        "nmi": "NMI000320",
        "voltage_band": "154",
        "voltage_classes": "154"
      },
      "type": "Feature"
    },
    {
      "geometry": {
        "coordinates": [
          126.481413,
          37.6817305
        ],
        "type": "Point"
      },
      "properties": {
        "ac_pair_count": 2,
        "connected_physical_pair_count": 2,
        "coordinate_method": "LOCAL_OSM_PUBLIC_MAP_EXTRACT",
        "coordinate_tier": "GEO_C_STRONG_NAME_MATCH",
        "facility_type": "SUBSTATION",
        "fgn": "FGN0_000320",
        "highest_voltage_kv": 154,
        "hvdc_link_count": 0,
        "is_orphan": false,
        "legacy_gist_reference": false,
        "name": "강화",
        "nmi": "NMI000321",
        "voltage_band": "154",
        "voltage_classes": "154"
      },
      "type": "Feature"
    },
    {
      "geometry": {
        "coordinates": [
          129.0197053,
          35.1504214
        ],
        "type": "Point"
      },
      "properties": {
        "ac_pair_count": 3,
        "connected_physical_pair_count": 3,
        "coordinate_method": "LOCAL_OSM_PUBLIC_MAP_EXTRACT",
        "coordinate_tier": "GEO_C_STRONG_NAME_MATCH",
        "facility_type": "SUBSTATION",
        "fgn": "FGN0_000321",
        "highest_voltage_kv": 154,
        "hvdc_link_count": 0,
        "is_orphan": false,
        "legacy_gist_reference": false,
        "name": "개금",
        "nmi": "NMI000322",
        "voltage_band": "154",
        "voltage_classes": "154"
      },
      "type": "Feature"
    },
    {
      "geometry": {
        "coordinates": [
          128.1139749,
          35.1615024
        ],
        "type": "Point"
      },
      "properties": {
        "ac_pair_count": 5,
        "connected_physical_pair_count": 5,
        "coordinate_method": "LOCAL_OSM_PUBLIC_MAP_EXTRACT",
        "coordinate_tier": "GEO_C_STRONG_NAME_MATCH",
        "facility_type": "SUBSTATION",
        "fgn": "FGN0_000322",
        "highest_voltage_kv": 154,
        "hvdc_link_count": 0,
        "is_orphan": false,
        "legacy_gist_reference": false,
        "name": "개양",
        "nmi": "NMI000323",
        "voltage_band": "154",
        "voltage_classes": "154"
      },
      "type": "Feature"
    },
    {
      "geometry": {
        "coordinates": [
          127.0739299,
          37.4838842
        ],
        "type": "Point"
      },
      "properties": {
        "ac_pair_count": 3,
        "connected_physical_pair_count": 3,
        "coordinate_method": "LOCAL_OSM_PUBLIC_MAP_EXTRACT",
        "coordinate_tier": "GEO_C_STRONG_NAME_MATCH",
        "facility_type": "SUBSTATION",
        "fgn": "FGN0_000323",
        "highest_voltage_kv": 154,
        "hvdc_link_count": 0,
        "is_orphan": false,
        "legacy_gist_reference": false,
        "name": "개포",
        "nmi": "NMI000324",
        "voltage_band": "154",
        "voltage_classes": "154"
      },
      "type": "Feature"
    },
    {
      "geometry": {
        "coordinates": [
          128.6302398,
          34.8715706
        ],
        "type": "Point"
      },
      "properties": {
        "ac_pair_count": 3,
        "connected_physical_pair_count": 3,
        "coordinate_method": "LOCAL_OSM_PUBLIC_MAP_EXTRACT",
        "coordinate_tier": "GEO_C_STRONG_NAME_MATCH",
        "facility_type": "SUBSTATION",
        "fgn": "FGN0_000324",
        "highest_voltage_kv": 154,
        "hvdc_link_count": 0,
        "is_orphan": false,
        "legacy_gist_reference": false,
        "name": "거제",
        "nmi": "NMI000325",
        "voltage_band": "154",
        "voltage_classes": "154"
      },
      "type": "Feature"
    },
    {
      "geometry": {
        "coordinates": [
          127.9133718,
          35.6656603
        ],
        "type": "Point"
      },
      "properties": {
        "ac_pair_count": 2,
        "connected_physical_pair_count": 2,
        "coordinate_method": "LOCAL_OSM_PUBLIC_MAP_EXTRACT",
        "coordinate_tier": "GEO_C_STRONG_NAME_MATCH",
        "facility_type": "SUBSTATION",
        "fgn": "FGN0_000325",
        "highest_voltage_kv": 154,
        "hvdc_link_count": 0,
        "is_orphan": false,
        "legacy_gist_reference": false,
        "name": "거창",
        "nmi": "NMI000326",
        "voltage_band": "154",
        "voltage_classes": "154"
      },
      "type": "Feature"
    },
    {
      "geometry": {
        "coordinates": [
          129.125955,
          35.8274065
        ],
        "type": "Point"
      },
      "properties": {
        "ac_pair_count": 2,
        "connected_physical_pair_count": 2,
        "coordinate_method": "LOCAL_OSM_PUBLIC_MAP_EXTRACT",
        "coordinate_tier": "GEO_C_STRONG_NAME_MATCH",
        "facility_type": "SUBSTATION",
        "fgn": "FGN0_000326",
        "highest_voltage_kv": 154,
        "hvdc_link_count": 0,
        "is_orphan": false,
        "legacy_gist_reference": false,
        "name": "건천",
        "nmi": "NMI000327",
        "voltage_band": "154",
        "voltage_classes": "154"
      },
      "type": "Feature"
    },
    {
      "geometry": {
        "coordinates": [
          128.6105482,
          35.9134401
        ],
        "type": "Point"
      },
      "properties": {
        "ac_pair_count": 2,
        "connected_physical_pair_count": 2,
        "coordinate_method": "LOCAL_OSM_PUBLIC_MAP_EXTRACT",
        "coordinate_tier": "GEO_C_STRONG_NAME_MATCH",
        "facility_type": "SUBSTATION",
        "fgn": "FGN0_000327",
        "highest_voltage_kv": 154,
        "hvdc_link_count": 0,
        "is_orphan": false,
        "legacy_gist_reference": false,
        "name": "검단",
        "nmi": "NMI000328",
        "voltage_band": "154",
        "voltage_classes": "154"
      },
      "type": "Feature"
    },
    {
      "geometry": {
        "coordinates": [
          128.8365747257208,
          35.8717638046789
        ],
        "type": "Point"
      },
      "properties": {
        "ac_pair_count": 2,
        "connected_physical_pair_count": 2,
        "coordinate_method": "Official exact-PNU parcel, EPSG:900913 to EPSG:5179 interior representative_point then EPSG:4326",
        "coordinate_tier": "GEO_B_FACILITY_SITE",
        "facility_type": "SUBSTATION",
        "fgn": "FGN0_000014",
        "highest_voltage_kv": 154,
        "hvdc_link_count": 0,
        "is_orphan": false,
        "legacy_gist_reference": false,
        "name": "경산",
        "nmi": "NMI000014",
        "voltage_band": "154",
        "voltage_classes": "154"
      },
      "type": "Feature"
    },
    {
      "geometry": {
        "coordinates": [
          126.6473007,
          37.5500346
        ],
        "type": "Point"
      },
      "properties": {
        "ac_pair_count": 4,
        "connected_physical_pair_count": 4,
        "coordinate_method": "LOCAL_OSM_PUBLIC_MAP_EXTRACT",
        "coordinate_tier": "GEO_C_STRONG_NAME_MATCH",
        "facility_type": "SUBSTATION",
        "fgn": "FGN0_000328",
        "highest_voltage_kv": 154,
        "hvdc_link_count": 0,
        "is_orphan": false,
        "legacy_gist_reference": false,
        "name": "경서",
        "nmi": "NMI000329",
        "voltage_band": "154",
        "voltage_classes": "154"
      },
      "type": "Feature"
    },
    {
      "geometry": {
        "coordinates": [
          129.2429167,
          35.8473597
        ],
        "type": "Point"
      },
      "properties": {
        "ac_pair_count": 2,
        "connected_physical_pair_count": 2,
        "coordinate_method": "LOCAL_OSM_PUBLIC_MAP_EXTRACT",
        "coordinate_tier": "GEO_C_STRONG_NAME_MATCH",
        "facility_type": "SUBSTATION",
        "fgn": "FGN0_000329",
        "highest_voltage_kv": 154,
        "hvdc_link_count": 0,
        "is_orphan": false,
        "legacy_gist_reference": false,
        "name": "경주",
        "nmi": "NMI000330",
        "voltage_band": "154",
        "voltage_classes": "154"
      },
      "type": "Feature"
    },
    {
      "geometry": {
        "coordinates": [
          126.9371534,
          35.1840125
        ],
        "type": "Point"
      },
      "properties": {
        "ac_pair_count": 6,
        "connected_physical_pair_count": 6,
        "coordinate_method": "LOCAL_OSM_PUBLIC_MAP_EXTRACT",
        "coordinate_tier": "GEO_C_STRONG_NAME_MATCH",
        "facility_type": "SUBSTATION",
        "fgn": "FGN0_000330",
        "highest_voltage_kv": 154,
        "hvdc_link_count": 0,
        "is_orphan": false,
        "legacy_gist_reference": false,
        "name": "계림",
        "nmi": "NMI000331",
        "voltage_band": "154",
        "voltage_classes": "154"
      },
      "type": "Feature"
    },
    {
      "geometry": {
        "coordinates": [
          126.69667142878595,
          37.58307902307416
        ],
        "type": "Point"
      },
      "properties": {
        "ac_pair_count": 4,
        "connected_physical_pair_count": 4,
        "coordinate_method": "V6_LOCAL_EUM_VWORLD_EXACT_NAMED_FACILITY_POLYGON",
        "coordinate_tier": "GEO_C_STRONG_NAME_MATCH",
        "facility_type": "SUBSTATION",
        "fgn": "FGN0_000331",
        "highest_voltage_kv": 154,
        "hvdc_link_count": 0,
        "is_orphan": false,
        "legacy_gist_reference": false,
        "name": "계양",
        "nmi": "NMI000332",
        "voltage_band": "154",
        "voltage_classes": "154"
      },
      "type": "Feature"
    },
    {
      "geometry": {
        "coordinates": [
          126.8174847,
          37.5392968
        ],
        "type": "Point"
      },
      "properties": {
        "ac_pair_count": 2,
        "connected_physical_pair_count": 2,
        "coordinate_method": "LOCAL_OSM_PUBLIC_MAP_EXTRACT",
        "coordinate_tier": "GEO_C_STRONG_NAME_MATCH",
        "facility_type": "SUBSTATION",
        "fgn": "FGN0_000332",
        "highest_voltage_kv": 154,
        "hvdc_link_count": 0,
        "is_orphan": false,
        "legacy_gist_reference": false,
        "name": "고강",
        "nmi": "NMI000333",
        "voltage_band": "154",
        "voltage_classes": "154"
      },
      "type": "Feature"
    },
    {
      "geometry": {
        "coordinates": [
          127.05770287466157,
          37.02662504995675
        ],
        "type": "Point"
      },
      "properties": {
        "ac_pair_count": 8,
        "connected_physical_pair_count": 8,
        "coordinate_method": "Official exact-PNU parcel, EPSG:900913 to EPSG:5179 interior representative_point then EPSG:4326",
        "coordinate_tier": "GEO_B_FACILITY_SITE",
        "facility_type": "SUBSTATION",
        "fgn": "FGN0_000015",
        "highest_voltage_kv": 345,
        "hvdc_link_count": 0,
        "is_orphan": false,
        "legacy_gist_reference": false,
        "name": "고덕",
        "nmi": "NMI000015",
        "voltage_band": "345",
        "voltage_classes": "154;345"
      },
      "type": "Feature"
    },
    {
      "geometry": {
        "coordinates": [
          127.059643670708,
          37.0263580512429
        ],
        "type": "Point"
      },
      "properties": {
        "ac_pair_count": 4,
        "connected_physical_pair_count": 4,
        "coordinate_method": "V7_WEB_VERIFIED_EXACT_EQUIPMENT_NOTICE_ADDRESS_GEOCODE",
        "coordinate_tier": "GEO_B_OFFICIAL_ADDRESS",
        "facility_type": "SUBSTATION",
        "fgn": "FGN0_000016",
        "highest_voltage_kv": 345,
        "hvdc_link_count": 0,
        "is_orphan": false,
        "legacy_gist_reference": false,
        "name": "고덕2",
        "nmi": "NMI000016",
        "voltage_band": "345",
        "voltage_classes": "154;345"
      },
      "type": "Feature"
    },
    {
      "geometry": {
        "coordinates": [
          128.4048417,
          35.7338051
        ],
        "type": "Point"
      },
      "properties": {
        "ac_pair_count": 7,
        "connected_physical_pair_count": 7,
        "coordinate_method": "LOCAL_OSM_PUBLIC_MAP_EXTRACT",
        "coordinate_tier": "GEO_C_STRONG_NAME_MATCH",
        "facility_type": "SUBSTATION",
        "fgn": "FGN0_000017",
        "highest_voltage_kv": 345,
        "hvdc_link_count": 0,
        "is_orphan": false,
        "legacy_gist_reference": false,
        "name": "고령",
        "nmi": "NMI000017",
        "voltage_band": "345",
        "voltage_classes": "154;345"
      },
      "type": "Feature"
    },
    {
      "geometry": {
        "coordinates": [
          129.28950434656457,
          35.32208704831464
        ],
        "type": "Point"
      },
      "properties": {
        "ac_pair_count": 8,
        "connected_physical_pair_count": 8,
        "coordinate_method": "Official exact-PNU parcel, EPSG:900913 to EPSG:5179 interior representative_point then EPSG:4326",
        "coordinate_tier": "GEO_B_FACILITY_SITE",
        "facility_type": "PLANT_SWITCHYARD",
        "fgn": "FGN0_000018",
        "highest_voltage_kv": 765,
        "hvdc_link_count": 0,
        "is_orphan": false,
        "legacy_gist_reference": false,
        "name": "고리NP",
        "nmi": "NMI000018",
        "voltage_band": "765",
        "voltage_classes": "154;345;765"
      },
      "type": "Feature"
    },
    {
      "geometry": {
        "coordinates": [
          128.33397292776777,
          34.968095477933524
        ],
        "type": "Point"
      },
      "properties": {
        "ac_pair_count": 3,
        "connected_physical_pair_count": 3,
        "coordinate_method": "Official exact-PNU parcel, EPSG:900913 to EPSG:5179 interior representative_point then EPSG:4326",
        "coordinate_tier": "GEO_B_FACILITY_SITE",
        "facility_type": "SUBSTATION",
        "fgn": "FGN0_000333",
        "highest_voltage_kv": 154,
        "hvdc_link_count": 0,
        "is_orphan": false,
        "legacy_gist_reference": false,
        "name": "고성",
        "nmi": "NMI000334",
        "voltage_band": "154",
        "voltage_classes": "154"
      },
      "type": "Feature"
    },
    {
      "geometry": {
        "coordinates": [
          128.11827834217277,
          34.910510278745946
        ],
        "type": "Point"
      },
      "properties": {
        "ac_pair_count": 2,
        "connected_physical_pair_count": 2,
        "coordinate_method": "Shapely representative_point of official exact-address building geometry union in EPSG:5179; pyproj always_xy to EPSG:4326",
        "coordinate_tier": "GEO_B_FACILITY_SITE",
        "facility_type": "PLANT_SWITCHYARD",
        "fgn": "FGN0_000020",
        "highest_voltage_kv": 345,
        "hvdc_link_count": 0,
        "is_orphan": false,
        "legacy_gist_reference": false,
        "name": "고성하이",
        "nmi": "NMI000020",
        "voltage_band": "345",
        "voltage_classes": "345"
      },
      "type": "Feature"
    },
    {
      "geometry": {
        "coordinates": [
          128.11827834217277,
          34.910510278745946
        ],
        "type": "Point"
      },
      "properties": {
        "ac_pair_count": 1,
        "connected_physical_pair_count": 1,
        "coordinate_method": "OFFLINE_APPROVED_OFFICIAL_GEOMETRY_REPLAY",
        "coordinate_tier": "GEO_B_FACILITY_SITE",
        "facility_type": "PLANT_SWITCHYARD",
        "fgn": "FGN0_000019",
        "highest_voltage_kv": 345,
        "hvdc_link_count": 0,
        "is_orphan": false,
        "legacy_gist_reference": false,
        "name": "고성하이발전",
        "nmi": "NMI000019",
        "voltage_band": "345",
        "voltage_classes": "345"
      },
      "type": "Feature"
    },
    {
      "geometry": {
        "coordinates": [
          128.3527018,
          36.1712866
        ],
        "type": "Point"
      },
      "properties": {
        "ac_pair_count": 3,
        "connected_physical_pair_count": 3,
        "coordinate_method": "LOCAL_OSM_PUBLIC_MAP_EXTRACT",
        "coordinate_tier": "GEO_C_STRONG_NAME_MATCH",
        "facility_type": "SUBSTATION",
        "fgn": "FGN0_000334",
        "highest_voltage_kv": 154,
        "hvdc_link_count": 0,
        "is_orphan": false,
        "legacy_gist_reference": false,
        "name": "고아",
        "nmi": "NMI000335",
        "voltage_band": "154",
        "voltage_classes": "154"
      },
      "type": "Feature"
    },
    {
      "geometry": {
        "coordinates": [
          126.8184613,
          37.6633339
        ],
        "type": "Point"
      },
      "properties": {
        "ac_pair_count": 2,
        "connected_physical_pair_count": 2,
        "coordinate_method": "LOCAL_OSM_PUBLIC_MAP_EXTRACT",
        "coordinate_tier": "GEO_C_STRONG_NAME_MATCH",
        "facility_type": "SUBSTATION",
        "fgn": "FGN0_000335",
        "highest_voltage_kv": 154,
        "hvdc_link_count": 0,
        "is_orphan": false,
        "legacy_gist_reference": false,
        "name": "고양",
        "nmi": "NMI000336",
        "voltage_band": "154",
        "voltage_classes": "154"
      },
      "type": "Feature"
    },
    {
      "geometry": {
        "coordinates": [
          126.6955209,
          37.3961905
        ],
        "type": "Point"
      },
      "properties": {
        "ac_pair_count": 1,
        "connected_physical_pair_count": 1,
        "coordinate_method": "LOCAL_OSM_PUBLIC_MAP_EXTRACT",
        "coordinate_tier": "GEO_C_STRONG_NAME_MATCH",
        "facility_type": "SUBSTATION",
        "fgn": "FGN0_000336",
        "highest_voltage_kv": 154,
        "hvdc_link_count": 0,
        "is_orphan": false,
        "legacy_gist_reference": false,
        "name": "고잔",
        "nmi": "NMI000337",
        "voltage_band": "154",
        "voltage_classes": "154"
      },
      "type": "Feature"
    },
    {
      "geometry": {
        "coordinates": [
          126.6924977,
          35.4483823
        ],
        "type": "Point"
      },
      "properties": {
        "ac_pair_count": 3,
        "connected_physical_pair_count": 3,
        "coordinate_method": "LOCAL_OSM_PUBLIC_MAP_EXTRACT",
        "coordinate_tier": "GEO_C_STRONG_NAME_MATCH",
        "facility_type": "SUBSTATION",
        "fgn": "FGN0_000021",
        "highest_voltage_kv": 345,
        "hvdc_link_count": 0,
        "is_orphan": false,
        "legacy_gist_reference": false,
        "name": "고창",
        "nmi": "NMI000021",
        "voltage_band": "345",
        "voltage_classes": "154;345"
      },
      "type": "Feature"
    },
    {
      "geometry": {
        "coordinates": [
          128.8397063,
          37.219213
        ],
        "type": "Point"
      },
      "properties": {
        "ac_pair_count": 2,
        "connected_physical_pair_count": 2,
        "coordinate_method": "LOCAL_OSM_PUBLIC_MAP_EXTRACT",
        "coordinate_tier": "GEO_C_STRONG_NAME_MATCH",
        "facility_type": "SUBSTATION",
        "fgn": "FGN0_000337",
        "highest_voltage_kv": 154,
        "hvdc_link_count": 0,
        "is_orphan": false,
        "legacy_gist_reference": false,
        "name": "고한",
        "nmi": "NMI000338",
        "voltage_band": "154",
        "voltage_classes": "154"
      },
      "type": "Feature"
    },
    {
      "geometry": {
        "coordinates": [
          127.254409,
          34.5781406
        ],
        "type": "Point"
      },
      "properties": {
        "ac_pair_count": 2,
        "connected_physical_pair_count": 2,
        "coordinate_method": "LOCAL_OSM_PUBLIC_MAP_EXTRACT",
        "coordinate_tier": "GEO_C_STRONG_NAME_MATCH",
        "facility_type": "SUBSTATION",
        "fgn": "FGN0_000338",
        "highest_voltage_kv": 154,
        "hvdc_link_count": 0,
        "is_orphan": false,
        "legacy_gist_reference": false,
        "name": "고흥",
        "nmi": "NMI000339",
        "voltage_band": "154",
        "voltage_classes": "154"
      },
      "type": "Feature"
    },
    {
      "geometry": {
        "coordinates": [
          127.2303053,
          35.3266724
        ],
        "type": "Point"
      },
      "properties": {
        "ac_pair_count": 4,
        "connected_physical_pair_count": 4,
        "coordinate_method": "LOCAL_OSM_PUBLIC_MAP_EXTRACT",
        "coordinate_tier": "GEO_C_STRONG_NAME_MATCH",
        "facility_type": "SUBSTATION",
        "fgn": "FGN0_000339",
        "highest_voltage_kv": 154,
        "hvdc_link_count": 0,
        "is_orphan": false,
        "legacy_gist_reference": false,
        "name": "곡성",
        "nmi": "NMI000340",
        "voltage_band": "154",
        "voltage_classes": "154"
      },
      "type": "Feature"
    },
    {
      "geometry": {
        "coordinates": [
          127.3362306,
          37.3715089
        ],
        "type": "Point"
      },
      "properties": {
        "ac_pair_count": 10,
        "connected_physical_pair_count": 10,
        "coordinate_method": "LOCAL_OSM_PUBLIC_MAP_EXTRACT",
        "coordinate_tier": "GEO_C_STRONG_NAME_MATCH",
        "facility_type": "SUBSTATION",
        "fgn": "FGN0_000022",
        "highest_voltage_kv": 345,
        "hvdc_link_count": 0,
        "is_orphan": false,
        "legacy_gist_reference": false,
        "name": "곤지암",
        "nmi": "NMI000022",
        "voltage_band": "345",
        "voltage_classes": "154;345"
      },
      "type": "Feature"
    },
    {
      "geometry": {
        "coordinates": [
          127.1606848,
          36.4815471
        ],
        "type": "Point"
      },
      "properties": {
        "ac_pair_count": 2,
        "connected_physical_pair_count": 2,
        "coordinate_method": "LOCAL_OSM_PUBLIC_MAP_EXTRACT",
        "coordinate_tier": "GEO_C_STRONG_NAME_MATCH",
        "facility_type": "SUBSTATION",
        "fgn": "FGN0_000340",
        "highest_voltage_kv": 154,
        "hvdc_link_count": 0,
        "is_orphan": false,
        "legacy_gist_reference": false,
        "name": "공주",
        "nmi": "NMI000341",
        "voltage_band": "154",
        "voltage_classes": "154"
      },
      "type": "Feature"
    },
    {
      "geometry": {
        "coordinates": [
          128.6121757,
          35.8863783
        ],
        "type": "Point"
      },
      "properties": {
        "ac_pair_count": 3,
        "connected_physical_pair_count": 3,
        "coordinate_method": "LOCAL_OSM_PUBLIC_MAP_EXTRACT",
        "coordinate_tier": "GEO_C_STRONG_NAME_MATCH",
        "facility_type": "SUBSTATION",
        "fgn": "FGN0_000341",
        "highest_voltage_kv": 154,
        "hvdc_link_count": 0,
        "is_orphan": false,
        "legacy_gist_reference": false,
        "name": "공평",
        "nmi": "NMI000342",
        "voltage_band": "154",
        "voltage_classes": "154"
      },
      "type": "Feature"
    },
    {
      "geometry": {
        "coordinates": [
          127.00271306391804,
          37.42595269261626
        ],
        "type": "Point"
      },
      "properties": {
        "ac_pair_count": 3,
        "connected_physical_pair_count": 3,
        "coordinate_method": "VWORLD_EUM_KEPCO_IDENTITY_CHAIN",
        "coordinate_tier": "GEO_A_CANONICAL",
        "facility_type": "SUBSTATION",
        "fgn": "FGN0_000023",
        "highest_voltage_kv": 345,
        "hvdc_link_count": 0,
        "is_orphan": false,
        "legacy_gist_reference": false,
        "name": "과천",
        "nmi": "NMI000023",
        "voltage_band": "345",
        "voltage_classes": "154;345"
      },
      "type": "Feature"
    },
    {
      "geometry": {
        "coordinates": [
          126.7028008,
          37.4391533
        ],
        "type": "Point"
      },
      "properties": {
        "ac_pair_count": 3,
        "connected_physical_pair_count": 3,
        "coordinate_method": "LOCAL_OSM_PUBLIC_MAP_EXTRACT",
        "coordinate_tier": "GEO_C_STRONG_NAME_MATCH",
        "facility_type": "SUBSTATION",
        "fgn": "FGN0_000342",
        "highest_voltage_kv": 154,
        "hvdc_link_count": 0,
        "is_orphan": false,
        "legacy_gist_reference": false,
        "name": "관교",
        "nmi": "NMI000343",
        "voltage_band": "154",
        "voltage_classes": "154"
      },
      "type": "Feature"
    },
    {
      "geometry": {
        "coordinates": [
          126.9547167,
          37.4002486
        ],
        "type": "Point"
      },
      "properties": {
        "ac_pair_count": 2,
        "connected_physical_pair_count": 2,
        "coordinate_method": "LOCAL_OSM_PUBLIC_MAP_EXTRACT",
        "coordinate_tier": "GEO_C_STRONG_NAME_MATCH",
        "facility_type": "SUBSTATION",
        "fgn": "FGN0_000343",
        "highest_voltage_kv": 154,
        "hvdc_link_count": 0,
        "is_orphan": false,
        "legacy_gist_reference": false,
        "name": "관양",
        "nmi": "NMI000344",
        "voltage_band": "154",
        "voltage_classes": "154"
      },
      "type": "Feature"
    },
    {
      "geometry": {
        "coordinates": [
          128.5421825,
          35.943926
        ],
        "type": "Point"
      },
      "properties": {
        "ac_pair_count": 2,
        "connected_physical_pair_count": 2,
        "coordinate_method": "LOCAL_OSM_PUBLIC_MAP_EXTRACT",
        "coordinate_tier": "GEO_C_STRONG_NAME_MATCH",
        "facility_type": "SUBSTATION",
        "fgn": "FGN0_000344",
        "highest_voltage_kv": 154,
        "hvdc_link_count": 0,
        "is_orphan": false,
        "legacy_gist_reference": false,
        "name": "관음",
        "nmi": "NMI000345",
        "voltage_band": "154",
        "voltage_classes": "154"
      },
      "type": "Feature"
    },
    {
      "geometry": {
        "coordinates": [
          126.5819017,
          36.3818689
        ],
        "type": "Point"
      },
      "properties": {
        "ac_pair_count": 4,
        "connected_physical_pair_count": 4,
        "coordinate_method": "LOCAL_OSM_PUBLIC_MAP_EXTRACT",
        "coordinate_tier": "GEO_C_STRONG_NAME_MATCH",
        "facility_type": "SUBSTATION",
        "fgn": "FGN0_000345",
        "highest_voltage_kv": 154,
        "hvdc_link_count": 0,
        "is_orphan": false,
        "legacy_gist_reference": false,
        "name": "관창",
        "nmi": "NMI000346",
        "voltage_band": "154",
        "voltage_classes": "154"
      },
      "type": "Feature"
    },
    {
      "geometry": {
        "coordinates": [
          126.866018007341,
          37.477020688462
        ],
        "type": "Point"
      },
      "properties": {
        "ac_pair_count": 3,
        "connected_physical_pair_count": 3,
        "coordinate_method": "V24_MOIS_OFFICIAL_BUILDING_GEOMETRY",
        "coordinate_tier": "GEO_B_OFFICIAL_ADDRESS",
        "facility_type": "SUBSTATION",
        "fgn": "FGN0_000346",
        "highest_voltage_kv": 154,
        "hvdc_link_count": 0,
        "is_orphan": false,
        "legacy_gist_reference": false,
        "name": "광명",
        "nmi": "NMI000347",
        "voltage_band": "154",
        "voltage_classes": "154"
      },
      "type": "Feature"
    },
    {
      "geometry": {
        "coordinates": [
          127.6227454,
          34.9701005
        ],
        "type": "Point"
      },
      "properties": {
        "ac_pair_count": 12,
        "connected_physical_pair_count": 12,
        "coordinate_method": "OPENSTREETMAP_STRONG_EXACT_NAME_MATCH_WITH_LOCAL_IDENTITY_CONTROL",
        "coordinate_tier": "GEO_C_STRONG_NAME_MATCH",
        "facility_type": "SUBSTATION",
        "fgn": "FGN0_000024",
        "highest_voltage_kv": 345,
        "hvdc_link_count": 0,
        "is_orphan": false,
        "legacy_gist_reference": false,
        "name": "광양",
        "nmi": "NMI000024",
        "voltage_band": "345",
        "voltage_classes": "154;345"
      },
      "type": "Feature"
    },
    {
      "geometry": {
        "coordinates": [
          127.7751428,
          34.8889132
        ],
        "type": "Point"
      },
      "properties": {
        "ac_pair_count": 1,
        "connected_physical_pair_count": 1,
        "coordinate_method": "OPENSTREETMAP_STRONG_EXACT_NAME_MATCH_WITH_LOCAL_IDENTITY_CONTROL",
        "coordinate_tier": "GEO_C_STRONG_NAME_MATCH",
        "facility_type": "PLANT_SWITCHYARD",
        "fgn": "FGN0_000027",
        "highest_voltage_kv": 345,
        "hvdc_link_count": 0,
        "is_orphan": false,
        "legacy_gist_reference": false,
        "name": "광양복합",
        "nmi": "NMI000027",
        "voltage_band": "345",
        "voltage_classes": "345"
      },
      "type": "Feature"
    },
    {
      "geometry": {
        "coordinates": [
          127.65132617002533,
          34.90709444736432
        ],
        "type": "Point"
      },
      "properties": {
        "ac_pair_count": 1,
        "connected_physical_pair_count": 1,
        "coordinate_method": "OFFLINE_APPROVED_OFFICIAL_FACILITY_SITE_GEOMETRY_REPLAY",
        "coordinate_tier": "GEO_B_FACILITY_SITE",
        "facility_type": "SOURCE_SCOPED_UNRESOLVED",
        "fgn": "FGN0_000984",
        "highest_voltage_kv": 154,
        "hvdc_link_count": 0,
        "is_orphan": false,
        "legacy_gist_reference": false,
        "name": "광양항SS",
        "nmi": "",
        "voltage_band": "154",
        "voltage_classes": "154"
      },
      "type": "Feature"
    },
    {
      "geometry": {
        "coordinates": [
          127.775301,
          34.8888335
        ],
        "type": "Point"
      },
      "properties": {
        "ac_pair_count": 3,
        "connected_physical_pair_count": 3,
        "coordinate_method": "LOCAL_OSM_PUBLIC_MAP_EXTRACT",
        "coordinate_tier": "GEO_C_STRONG_NAME_MATCH",
        "facility_type": "PLANT_SWITCHYARD",
        "fgn": "FGN0_000026",
        "highest_voltage_kv": 345,
        "hvdc_link_count": 0,
        "is_orphan": false,
        "legacy_gist_reference": false,
        "name": "광양CC",
        "nmi": "NMI000026",
        "voltage_band": "345",
        "voltage_classes": "345"
      },
      "type": "Feature"
    },
    {
      "geometry": {
        "coordinates": [
          127.0991543,
          37.5460356
        ],
        "type": "Point"
      },
      "properties": {
        "ac_pair_count": 4,
        "connected_physical_pair_count": 4,
        "coordinate_method": "LOCAL_OSM_PUBLIC_MAP_EXTRACT",
        "coordinate_tier": "GEO_C_STRONG_NAME_MATCH",
        "facility_type": "SUBSTATION",
        "fgn": "FGN0_000347",
        "highest_voltage_kv": 154,
        "hvdc_link_count": 0,
        "is_orphan": false,
        "legacy_gist_reference": false,
        "name": "광장",
        "nmi": "NMI000348",
        "voltage_band": "154",
        "voltage_classes": "154"
      },
      "type": "Feature"
    },
    {
      "geometry": {
        "coordinates": [
          128.3715465,
          36.0990897
        ],
        "type": "Point"
      },
      "properties": {
        "ac_pair_count": 2,
        "connected_physical_pair_count": 2,
        "coordinate_method": "LOCAL_OSM_PUBLIC_MAP_EXTRACT",
        "coordinate_tier": "GEO_C_STRONG_NAME_MATCH",
        "facility_type": "SUBSTATION",
        "fgn": "FGN0_000348",
        "highest_voltage_kv": 154,
        "hvdc_link_count": 0,
        "is_orphan": false,
        "legacy_gist_reference": false,
        "name": "광평",
        "nmi": "NMI000349",
        "voltage_band": "154",
        "voltage_classes": "154"
      },
      "type": "Feature"
    },
    {
      "geometry": {
        "coordinates": [
          127.43186112435737,
          36.98535609002282
        ],
        "type": "Point"
      },
      "properties": {
        "ac_pair_count": 2,
        "connected_physical_pair_count": 2,
        "coordinate_method": "OFFLINE_APPROVED_OFFICIAL_FACILITY_SITE_GEOMETRY_REPLAY",
        "coordinate_tier": "GEO_B_FACILITY_SITE",
        "facility_type": "SOURCE_SCOPED_UNRESOLVED",
        "fgn": "FGN0_000923",
        "highest_voltage_kv": 154,
        "hvdc_link_count": 0,
        "is_orphan": false,
        "legacy_gist_reference": false,
        "name": "광혜원SS",
        "nmi": "",
        "voltage_band": "154",
        "voltage_classes": "154"
      },
      "type": "Feature"
    },
    {
      "geometry": {
        "coordinates": [
          127.7864718,
          36.8274344
        ],
        "type": "Point"
      },
      "properties": {
        "ac_pair_count": 2,
        "connected_physical_pair_count": 2,
        "coordinate_method": "LOCAL_OSM_PUBLIC_MAP_EXTRACT",
        "coordinate_tier": "GEO_C_STRONG_NAME_MATCH",
        "facility_type": "SUBSTATION",
        "fgn": "FGN0_000349",
        "highest_voltage_kv": 154,
        "hvdc_link_count": 0,
        "is_orphan": false,
        "legacy_gist_reference": false,
        "name": "괴산",
        "nmi": "NMI000350",
        "voltage_band": "154",
        "voltage_classes": "154"
      },
      "type": "Feature"
    },
    {
      "geometry": {
        "coordinates": [
          127.0123696,
          37.4858239
        ],
        "type": "Point"
      },
      "properties": {
        "ac_pair_count": 1,
        "connected_physical_pair_count": 1,
        "coordinate_method": "LOCAL_OSM_PUBLIC_MAP_EXTRACT",
        "coordinate_tier": "GEO_C_STRONG_NAME_MATCH",
        "facility_type": "SUBSTATION",
        "fgn": "FGN0_000350",
        "highest_voltage_kv": 154,
        "hvdc_link_count": 0,
        "is_orphan": false,
        "legacy_gist_reference": false,
        "name": "교대",
        "nmi": "NMI000351",
        "voltage_band": "154",
        "voltage_classes": "154"
      },
      "type": "Feature"
    },
    {
      "geometry": {
        "coordinates": [
          126.878247,
          37.477186
        ],
        "type": "Point"
      },
      "properties": {
        "ac_pair_count": 4,
        "connected_physical_pair_count": 4,
        "coordinate_method": "LOCAL_OSM_PUBLIC_MAP_EXTRACT",
        "coordinate_tier": "GEO_C_STRONG_NAME_MATCH",
        "facility_type": "SUBSTATION",
        "fgn": "FGN0_000351",
        "highest_voltage_kv": 154,
        "hvdc_link_count": 0,
        "is_orphan": false,
        "legacy_gist_reference": false,
        "name": "구공",
        "nmi": "NMI000352",
        "voltage_band": "154",
        "voltage_classes": "154"
      },
      "type": "Feature"
    },
    {
      "geometry": {
        "coordinates": [
          127.4590501,
          35.1953225
        ],
        "type": "Point"
      },
      "properties": {
        "ac_pair_count": 1,
        "connected_physical_pair_count": 1,
        "coordinate_method": "LOCAL_OSM_PUBLIC_MAP_EXTRACT",
        "coordinate_tier": "GEO_C_STRONG_NAME_MATCH",
        "facility_type": "SUBSTATION",
        "fgn": "FGN0_000352",
        "highest_voltage_kv": 154,
        "hvdc_link_count": 0,
        "is_orphan": false,
        "legacy_gist_reference": false,
        "name": "구례",
        "nmi": "NMI000353",
        "voltage_band": "154",
        "voltage_classes": "154"
      },
      "type": "Feature"
    },
    {
      "geometry": {
        "coordinates": [
          126.8833449,
          37.497992
        ],
        "type": "Point"
      },
      "properties": {
        "ac_pair_count": 2,
        "connected_physical_pair_count": 2,
        "coordinate_method": "LOCAL_OSM_PUBLIC_MAP_EXTRACT",
        "coordinate_tier": "GEO_C_STRONG_NAME_MATCH",
        "facility_type": "SUBSTATION",
        "fgn": "FGN0_000353",
        "highest_voltage_kv": 154,
        "hvdc_link_count": 0,
        "is_orphan": false,
        "legacy_gist_reference": false,
        "name": "구로",
        "nmi": "NMI000354",
        "voltage_band": "154",
        "voltage_classes": "154"
      },
      "type": "Feature"
    },
    {
      "geometry": {
        "coordinates": [
          128.2788272,
          35.3148532
        ],
        "type": "Point"
      },
      "properties": {
        "ac_pair_count": 1,
        "connected_physical_pair_count": 1,
        "coordinate_method": "LOCAL_OSM_PUBLIC_MAP_EXTRACT",
        "coordinate_tier": "GEO_C_STRONG_NAME_MATCH",
        "facility_type": "SUBSTATION",
        "fgn": "FGN0_000354",
        "highest_voltage_kv": 154,
        "hvdc_link_count": 0,
        "is_orphan": false,
        "legacy_gist_reference": false,
        "name": "구룡",
        "nmi": "NMI000355",
        "voltage_band": "154",
        "voltage_classes": "154"
      },
      "type": "Feature"
    },
    {
      "geometry": {
        "coordinates": [
          127.1454334,
          37.603282
        ],
        "type": "Point"
      },
      "properties": {
        "ac_pair_count": 3,
        "connected_physical_pair_count": 3,
        "coordinate_method": "LOCAL_OSM_PUBLIC_MAP_EXTRACT",
        "coordinate_tier": "GEO_C_STRONG_NAME_MATCH",
        "facility_type": "SUBSTATION",
        "fgn": "FGN0_000355",
        "highest_voltage_kv": 154,
        "hvdc_link_count": 0,
        "is_orphan": false,
        "legacy_gist_reference": false,
        "name": "구리",
        "nmi": "NMI000356",
        "voltage_band": "154",
        "voltage_classes": "154"
      },
      "type": "Feature"
    },
    {
      "geometry": {
        "coordinates": [
          126.89323,
          37.0829026
        ],
        "type": "Point"
      },
      "properties": {
        "ac_pair_count": 2,
        "connected_physical_pair_count": 2,
        "coordinate_method": "LOCAL_OSM_PUBLIC_MAP_EXTRACT",
        "coordinate_tier": "GEO_C_STRONG_NAME_MATCH",
        "facility_type": "SUBSTATION",
        "fgn": "FGN0_000356",
        "highest_voltage_kv": 154,
        "hvdc_link_count": 0,
        "is_orphan": false,
        "legacy_gist_reference": false,
        "name": "구문천",
        "nmi": "NMI000357",
        "voltage_band": "154",
        "voltage_classes": "154"
      },
      "type": "Feature"
    },
    {
      "geometry": {
        "coordinates": [
          128.3765582,
          36.1181201
        ],
        "type": "Point"
      },
      "properties": {
        "ac_pair_count": 3,
        "connected_physical_pair_count": 3,
        "coordinate_method": "LOCAL_OSM_PUBLIC_MAP_EXTRACT",
        "coordinate_tier": "GEO_C_STRONG_NAME_MATCH",
        "facility_type": "SUBSTATION",
        "fgn": "FGN0_000357",
        "highest_voltage_kv": 154,
        "hvdc_link_count": 0,
        "is_orphan": false,
        "legacy_gist_reference": false,
        "name": "구미",
        "nmi": "NMI000358",
        "voltage_band": "154",
        "voltage_classes": "154"
      },
      "type": "Feature"
    },
    {
      "geometry": {
        "coordinates": [
          129.0977074537125,
          35.24805142005072
        ],
        "type": "Point"
      },
      "properties": {
        "ac_pair_count": 3,
        "connected_physical_pair_count": 3,
        "coordinate_method": "OFFICIAL_EXACT_PNU_PARCEL_INTERIOR_REPRESENTATIVE_POINT",
        "coordinate_tier": "GEO_B_FACILITY_SITE",
        "facility_type": "SUBSTATION",
        "fgn": "FGN0_000358",
        "highest_voltage_kv": 154,
        "hvdc_link_count": 0,
        "is_orphan": false,
        "legacy_gist_reference": false,
        "name": "구서",
        "nmi": "NMI000359",
        "voltage_band": "154",
        "voltage_classes": "154"
      },
      "type": "Feature"
    },
    {
      "geometry": {
        "coordinates": [
          128.5749519,
          35.9452311
        ],
        "type": "Point"
      },
      "properties": {
        "ac_pair_count": 4,
        "connected_physical_pair_count": 4,
        "coordinate_method": "LOCAL_OSM_PUBLIC_MAP_EXTRACT",
        "coordinate_tier": "GEO_C_STRONG_NAME_MATCH",
        "facility_type": "SUBSTATION",
        "fgn": "FGN0_000028",
        "highest_voltage_kv": 345,
        "hvdc_link_count": 0,
        "is_orphan": false,
        "legacy_gist_reference": false,
        "name": "구암",
        "nmi": "NMI000028",
        "voltage_band": "345",
        "voltage_classes": "154;345"
      },
      "type": "Feature"
    },
    {
      "geometry": {
        "coordinates": [
          127.0956959,
          37.5358559
        ],
        "type": "Point"
      },
      "properties": {
        "ac_pair_count": 2,
        "connected_physical_pair_count": 2,
        "coordinate_method": "LOCAL_OSM_PUBLIC_MAP_EXTRACT",
        "coordinate_tier": "GEO_C_STRONG_NAME_MATCH",
        "facility_type": "SUBSTATION",
        "fgn": "FGN0_000359",
        "highest_voltage_kv": 154,
        "hvdc_link_count": 0,
        "is_orphan": false,
        "legacy_gist_reference": false,
        "name": "구의",
        "nmi": "NMI000360",
        "voltage_band": "154",
        "voltage_classes": "154"
      },
      "type": "Feature"
    },
    {
      "geometry": {
        "coordinates": [
          128.4307578,
          35.6353608
        ],
        "type": "Point"
      },
      "properties": {
        "ac_pair_count": 3,
        "connected_physical_pair_count": 3,
        "coordinate_method": "LOCAL_OSM_PUBLIC_MAP_EXTRACT",
        "coordinate_tier": "GEO_C_STRONG_NAME_MATCH",
        "facility_type": "SUBSTATION",
        "fgn": "FGN0_000360",
        "highest_voltage_kv": 154,
        "hvdc_link_count": 0,
        "is_orphan": false,
        "legacy_gist_reference": false,
        "name": "구지",
        "nmi": "NMI000361",
        "voltage_band": "154",
        "voltage_classes": "154"
      },
      "type": "Feature"
    },
    {
      "geometry": {
        "coordinates": [
          129.00063953410483,
          35.20570294482782
        ],
        "type": "Point"
      },
      "properties": {
        "ac_pair_count": 3,
        "connected_physical_pair_count": 3,
        "coordinate_method": "V6_LOCAL_EUM_VWORLD_EXACT_NAMED_FACILITY_POLYGON",
        "coordinate_tier": "GEO_C_STRONG_NAME_MATCH",
        "facility_type": "SUBSTATION",
        "fgn": "FGN0_000361",
        "highest_voltage_kv": 154,
        "hvdc_link_count": 0,
        "is_orphan": false,
        "legacy_gist_reference": false,
        "name": "구포",
        "nmi": "NMI000362",
        "voltage_band": "154",
        "voltage_classes": "154"
      },
      "type": "Feature"
    },
    {
      "geometry": {
        "coordinates": [
          127.3976396,
          36.6812366
        ],
        "type": "Point"
      },
      "properties": {
        "ac_pair_count": 3,
        "connected_physical_pair_count": 3,
        "coordinate_method": "LOCAL_OSM_PUBLIC_MAP_EXTRACT",
        "coordinate_tier": "GEO_C_STRONG_NAME_MATCH",
        "facility_type": "SUBSTATION",
        "fgn": "FGN0_000362",
        "highest_voltage_kv": 154,
        "hvdc_link_count": 0,
        "is_orphan": false,
        "legacy_gist_reference": false,
        "name": "국사",
        "nmi": "NMI000363",
        "voltage_band": "154",
        "voltage_classes": "154"
      },
      "type": "Feature"
    },
    {
      "geometry": {
        "coordinates": [
          126.6356774,
          35.9696013
        ],
        "type": "Point"
      },
      "properties": {
        "ac_pair_count": 2,
        "connected_physical_pair_count": 2,
        "coordinate_method": "V10_EXACT_IDENTITY_AND_LOCATOR_CLOSURE",
        "coordinate_tier": "GEO_C_STRONG_NAME_MATCH",
        "facility_type": "SUBSTATION",
        "fgn": "FGN0_000363",
        "highest_voltage_kv": 154,
        "hvdc_link_count": 0,
        "is_orphan": false,
        "legacy_gist_reference": false,
        "name": "군공",
        "nmi": "NMI000364",
        "voltage_band": "154",
        "voltage_classes": "154"
      },
      "type": "Feature"
    },
    {
      "geometry": {
        "coordinates": [
          126.85639598616983,
          35.96813574263827
        ],
        "type": "Point"
      },
      "properties": {
        "ac_pair_count": 7,
        "connected_physical_pair_count": 7,
        "coordinate_method": "Official exact-PNU parcel, EPSG:900913 to EPSG:5179 interior representative_point then EPSG:4326",
        "coordinate_tier": "GEO_B_FACILITY_SITE",
        "facility_type": "SUBSTATION",
        "fgn": "FGN0_000029",
        "highest_voltage_kv": 345,
        "hvdc_link_count": 0,
        "is_orphan": false,
        "legacy_gist_reference": false,
        "name": "군산",
        "nmi": "NMI000029",
        "voltage_band": "345",
        "voltage_classes": "154;345"
      },
      "type": "Feature"
    },
    {
      "geometry": {
        "coordinates": [
          126.7307317,
          35.9833022
        ],
        "type": "Point"
      },
      "properties": {
        "ac_pair_count": 1,
        "connected_physical_pair_count": 1,
        "coordinate_method": "OPENSTREETMAP_STRONG_EXACT_NAME_MATCH_WITH_LOCAL_IDENTITY_CONTROL",
        "coordinate_tier": "GEO_C_STRONG_NAME_MATCH",
        "facility_type": "SUBSTATION",
        "fgn": "FGN0_000364",
        "highest_voltage_kv": 154,
        "hvdc_link_count": 0,
        "is_orphan": false,
        "legacy_gist_reference": false,
        "name": "군산복합S/Y",
        "nmi": "NMI000365",
        "voltage_band": "154",
        "voltage_classes": "154"
      },
      "type": "Feature"
    },
    {
      "geometry": {
        "coordinates": [
          128.58003203634934,
          36.18289501877757
        ],
        "type": "Point"
      },
      "properties": {
        "ac_pair_count": 2,
        "connected_physical_pair_count": 2,
        "coordinate_method": "Official exact-PNU parcel, EPSG:900913 to EPSG:5179 interior representative_point then EPSG:4326",
        "coordinate_tier": "GEO_B_FACILITY_SITE",
        "facility_type": "SUBSTATION",
        "fgn": "FGN0_000030",
        "highest_voltage_kv": 345,
        "hvdc_link_count": 0,
        "is_orphan": false,
        "legacy_gist_reference": false,
        "name": "군위",
        "nmi": "NMI000030",
        "voltage_band": "345",
        "voltage_classes": "154;345"
      },
      "type": "Feature"
    },
    {
      "geometry": {
        "coordinates": [
          127.05662,
          37.5597084
        ],
        "type": "Point"
      },
      "properties": {
        "ac_pair_count": 3,
        "connected_physical_pair_count": 3,
        "coordinate_method": "LOCAL_OSM_PUBLIC_MAP_EXTRACT",
        "coordinate_tier": "GEO_C_STRONG_NAME_MATCH",
        "facility_type": "SUBSTATION",
        "fgn": "FGN0_000365",
        "highest_voltage_kv": 154,
        "hvdc_link_count": 0,
        "is_orphan": false,
        "legacy_gist_reference": false,
        "name": "군자",
        "nmi": "NMI000366",
        "voltage_band": "154",
        "voltage_classes": "154"
      },
      "type": "Feature"
    },
    {
      "geometry": {
        "coordinates": [
          126.5415696,
          35.9585276
        ],
        "type": "Point"
      },
      "properties": {
        "ac_pair_count": 3,
        "connected_physical_pair_count": 3,
        "coordinate_method": "LOCAL_OSM_PUBLIC_MAP_EXTRACT",
        "coordinate_tier": "GEO_C_STRONG_NAME_MATCH",
        "facility_type": "SUBSTATION",
        "fgn": "FGN0_000366",
        "highest_voltage_kv": 154,
        "hvdc_link_count": 0,
        "is_orphan": false,
        "legacy_gist_reference": false,
        "name": "군장",
        "nmi": "NMI000367",
        "voltage_band": "154",
        "voltage_classes": "154"
      },
      "type": "Feature"
    },
    {
      "geometry": {
        "coordinates": [
          128.0975213,
          36.0811138
        ],
        "type": "Point"
      },
      "properties": {
        "ac_pair_count": 2,
        "connected_physical_pair_count": 2,
        "coordinate_method": "LOCAL_OSM_PUBLIC_MAP_EXTRACT",
        "coordinate_tier": "GEO_C_STRONG_NAME_MATCH",
        "facility_type": "SUBSTATION",
        "fgn": "FGN0_000367",
        "highest_voltage_kv": 154,
        "hvdc_link_count": 0,
        "is_orphan": false,
        "legacy_gist_reference": false,
        "name": "금릉",
        "nmi": "NMI000368",
        "voltage_band": "154",
        "voltage_classes": "154"
      },
      "type": "Feature"
    },
    {
      "geometry": {
        "coordinates": [
          127.4947818,
          36.1091577
        ],
        "type": "Point"
      },
      "properties": {
        "ac_pair_count": 2,
        "connected_physical_pair_count": 2,
        "coordinate_method": "LOCAL_OSM_PUBLIC_MAP_EXTRACT",
        "coordinate_tier": "GEO_C_STRONG_NAME_MATCH",
        "facility_type": "SUBSTATION",
        "fgn": "FGN0_000368",
        "highest_voltage_kv": 154,
        "hvdc_link_count": 0,
        "is_orphan": false,
        "legacy_gist_reference": false,
        "name": "금산",
        "nmi": "NMI000369",
        "voltage_band": "154",
        "voltage_classes": "154"
      },
      "type": "Feature"
    },
    {
      "geometry": {
        "coordinates": [
          127.0851578,
          37.7473931
        ],
        "type": "Point"
      },
      "properties": {
        "ac_pair_count": 2,
        "connected_physical_pair_count": 2,
        "coordinate_method": "LOCAL_OSM_PUBLIC_MAP_EXTRACT",
        "coordinate_tier": "GEO_C_STRONG_NAME_MATCH",
        "facility_type": "SUBSTATION",
        "fgn": "FGN0_000369",
        "highest_voltage_kv": 154,
        "hvdc_link_count": 0,
        "is_orphan": false,
        "legacy_gist_reference": false,
        "name": "금오",
        "nmi": "NMI000370",
        "voltage_band": "154",
        "voltage_classes": "154"
      },
      "type": "Feature"
    },
    {
      "geometry": {
        "coordinates": [
          127.5795301,
          36.9815578
        ],
        "type": "Point"
      },
      "properties": {
        "ac_pair_count": 2,
        "connected_physical_pair_count": 2,
        "coordinate_method": "LOCAL_OSM_PUBLIC_MAP_EXTRACT",
        "coordinate_tier": "GEO_C_STRONG_NAME_MATCH",
        "facility_type": "SUBSTATION",
        "fgn": "FGN0_000370",
        "highest_voltage_kv": 154,
        "hvdc_link_count": 0,
        "is_orphan": false,
        "legacy_gist_reference": false,
        "name": "금왕",
        "nmi": "NMI000371",
        "voltage_band": "154",
        "voltage_classes": "154"
      },
      "type": "Feature"
    },
    {
      "geometry": {
        "coordinates": [
          128.4431387,
          36.1321438
        ],
        "type": "Point"
      },
      "properties": {
        "ac_pair_count": 2,
        "connected_physical_pair_count": 2,
        "coordinate_method": "LOCAL_OSM_PUBLIC_MAP_EXTRACT",
        "coordinate_tier": "GEO_C_STRONG_NAME_MATCH",
        "facility_type": "SUBSTATION",
        "fgn": "FGN0_000371",
        "highest_voltage_kv": 154,
        "hvdc_link_count": 0,
        "is_orphan": false,
        "legacy_gist_reference": false,
        "name": "금전",
        "nmi": "NMI000372",
        "voltage_band": "154",
        "voltage_classes": "154"
      },
      "type": "Feature"
    },
    {
      "geometry": {
        "coordinates": [
          126.7789763161222,
          34.81198044628501
        ],
        "type": "Point"
      },
      "properties": {
        "ac_pair_count": 2,
        "connected_physical_pair_count": 2,
        "coordinate_method": "OFFLINE_APPROVED_OFFICIAL_FACILITY_SITE_GEOMETRY_REPLAY",
        "coordinate_tier": "GEO_B_FACILITY_SITE",
        "facility_type": "SOURCE_SCOPED_UNRESOLVED",
        "fgn": "FGN0_000924",
        "highest_voltage_kv": 154,
        "hvdc_link_count": 0,
        "is_orphan": false,
        "legacy_gist_reference": false,
        "name": "금정CS",
        "nmi": "",
        "voltage_band": "154",
        "voltage_classes": "154"
      },
      "type": "Feature"
    },
    {
      "geometry": {
        "coordinates": [
          126.8006905,
          35.0092095
        ],
        "type": "Point"
      },
      "properties": {
        "ac_pair_count": 2,
        "connected_physical_pair_count": 2,
        "coordinate_method": "LOCAL_OSM_PUBLIC_MAP_EXTRACT",
        "coordinate_tier": "GEO_C_STRONG_NAME_MATCH",
        "facility_type": "SUBSTATION",
        "fgn": "FGN0_000372",
        "highest_voltage_kv": 154,
        "hvdc_link_count": 0,
        "is_orphan": false,
        "legacy_gist_reference": false,
        "name": "금천",
        "nmi": "NMI000373",
        "voltage_band": "154",
        "voltage_classes": "154"
      },
      "type": "Feature"
    },
    {
      "geometry": {
        "coordinates": [
          126.8141617,
          37.7664075
        ],
        "type": "Point"
      },
      "properties": {
        "ac_pair_count": 4,
        "connected_physical_pair_count": 4,
        "coordinate_method": "LOCAL_OSM_PUBLIC_MAP_EXTRACT",
        "coordinate_tier": "GEO_C_STRONG_NAME_MATCH",
        "facility_type": "SUBSTATION",
        "fgn": "FGN0_000031",
        "highest_voltage_kv": 345,
        "hvdc_link_count": 0,
        "is_orphan": false,
        "legacy_gist_reference": false,
        "name": "금촌",
        "nmi": "NMI000031",
        "voltage_band": "345",
        "voltage_classes": "154;345"
      },
      "type": "Feature"
    },
    {
      "geometry": {
        "coordinates": [
          128.945682,
          35.9069435
        ],
        "type": "Point"
      },
      "properties": {
        "ac_pair_count": 2,
        "connected_physical_pair_count": 2,
        "coordinate_method": "LOCAL_OSM_PUBLIC_MAP_EXTRACT",
        "coordinate_tier": "GEO_C_STRONG_NAME_MATCH",
        "facility_type": "SUBSTATION",
        "fgn": "FGN0_000373",
        "highest_voltage_kv": 154,
        "hvdc_link_count": 0,
        "is_orphan": false,
        "legacy_gist_reference": false,
        "name": "금호",
        "nmi": "NMI000374",
        "voltage_band": "154",
        "voltage_classes": "154"
      },
      "type": "Feature"
    },
    {
      "geometry": {
        "coordinates": [
          129.2082685,
          35.2489484
        ],
        "type": "Point"
      },
      "properties": {
        "ac_pair_count": 1,
        "connected_physical_pair_count": 1,
        "coordinate_method": "LOCAL_OSM_PUBLIC_MAP_EXTRACT",
        "coordinate_tier": "GEO_C_STRONG_NAME_MATCH",
        "facility_type": "SUBSTATION",
        "fgn": "FGN0_000032",
        "highest_voltage_kv": 345,
        "hvdc_link_count": 0,
        "is_orphan": false,
        "legacy_gist_reference": false,
        "name": "기장",
        "nmi": "NMI000032",
        "voltage_band": "345",
        "voltage_classes": "154;345"
      },
      "type": "Feature"
    },
    {
      "geometry": {
        "coordinates": [
          127.105569,
          37.2465816
        ],
        "type": "Point"
      },
      "properties": {
        "ac_pair_count": 2,
        "connected_physical_pair_count": 2,
        "coordinate_method": "LOCAL_OSM_PUBLIC_MAP_EXTRACT",
        "coordinate_tier": "GEO_C_STRONG_NAME_MATCH",
        "facility_type": "SUBSTATION",
        "fgn": "FGN0_000033",
        "highest_voltage_kv": 345,
        "hvdc_link_count": 0,
        "is_orphan": false,
        "legacy_gist_reference": false,
        "name": "기흥",
        "nmi": "NMI000033",
        "voltage_band": "345",
        "voltage_classes": "154;345"
      },
      "type": "Feature"
    },
    {
      "geometry": {
        "coordinates": [
          126.90133405317555,
          35.802894926672735
        ],
        "type": "Point"
      },
      "properties": {
        "ac_pair_count": 4,
        "connected_physical_pair_count": 4,
        "coordinate_method": "Official exact-PNU parcel, EPSG:900913 to EPSG:5179 interior representative_point then EPSG:4326",
        "coordinate_tier": "GEO_B_FACILITY_SITE",
        "facility_type": "SUBSTATION",
        "fgn": "FGN0_000374",
        "highest_voltage_kv": 154,
        "hvdc_link_count": 0,
        "is_orphan": false,
        "legacy_gist_reference": false,
        "name": "김제",
        "nmi": "NMI000375",
        "voltage_band": "154",
        "voltage_classes": "154"
      },
      "type": "Feature"
    },
    {
      "geometry": {
        "coordinates": [
          128.1351427,
          36.1329401
        ],
        "type": "Point"
      },
      "properties": {
        "ac_pair_count": 3,
        "connected_physical_pair_count": 3,
        "coordinate_method": "LOCAL_OSM_PUBLIC_MAP_EXTRACT",
        "coordinate_tier": "GEO_C_STRONG_NAME_MATCH",
        "facility_type": "SUBSTATION",
        "fgn": "FGN0_000375",
        "highest_voltage_kv": 154,
        "hvdc_link_count": 0,
        "is_orphan": false,
        "legacy_gist_reference": false,
        "name": "김천",
        "nmi": "NMI000376",
        "voltage_band": "154",
        "voltage_classes": "154"
      },
      "type": "Feature"
    },
    {
      "geometry": {
        "coordinates": [
          126.6966664,
          37.6193614
        ],
        "type": "Point"
      },
      "properties": {
        "ac_pair_count": 3,
        "connected_physical_pair_count": 3,
        "coordinate_method": "LOCAL_OSM_PUBLIC_MAP_EXTRACT",
        "coordinate_tier": "GEO_C_STRONG_NAME_MATCH",
        "facility_type": "SUBSTATION",
        "fgn": "FGN0_000376",
        "highest_voltage_kv": 154,
        "hvdc_link_count": 0,
        "is_orphan": false,
        "legacy_gist_reference": false,
        "name": "김포",
        "nmi": "NMI000377",
        "voltage_band": "154",
        "voltage_classes": "154"
      },
      "type": "Feature"
    },
    {
      "geometry": {
        "coordinates": [
          128.89188731644,
          35.2288941414
        ],
        "type": "Point"
      },
      "properties": {
        "ac_pair_count": 3,
        "connected_physical_pair_count": 3,
        "coordinate_method": "V10_EXACT_IDENTITY_AND_LOCATOR_CLOSURE",
        "coordinate_tier": "GEO_B_OFFICIAL_ADDRESS",
        "facility_type": "SUBSTATION",
        "fgn": "FGN0_000377",
        "highest_voltage_kv": 154,
        "hvdc_link_count": 0,
        "is_orphan": false,
        "legacy_gist_reference": false,
        "name": "김해",
        "nmi": "NMI000378",
        "voltage_band": "154",
        "voltage_classes": "154"
      },
      "type": "Feature"
    },
    {
      "geometry": {
        "coordinates": [
          126.7253659,
          34.991558
        ],
        "type": "Point"
      },
      "properties": {
        "ac_pair_count": 6,
        "connected_physical_pair_count": 6,
        "coordinate_method": "LOCAL_OSM_PUBLIC_MAP_EXTRACT",
        "coordinate_tier": "GEO_C_STRONG_NAME_MATCH",
        "facility_type": "SUBSTATION",
        "fgn": "FGN0_000378",
        "highest_voltage_kv": 154,
        "hvdc_link_count": 0,
        "is_orphan": false,
        "legacy_gist_reference": false,
        "name": "나주",
        "nmi": "NMI000379",
        "voltage_band": "154",
        "voltage_classes": "154"
      },
      "type": "Feature"
    },
    {
      "geometry": {
        "coordinates": [
          126.9006743,
          35.1154967
        ],
        "type": "Point"
      },
      "properties": {
        "ac_pair_count": 4,
        "connected_physical_pair_count": 4,
        "coordinate_method": "LOCAL_OSM_PUBLIC_MAP_EXTRACT",
        "coordinate_tier": "GEO_C_STRONG_NAME_MATCH",
        "facility_type": "SUBSTATION",
        "fgn": "FGN0_000379",
        "highest_voltage_kv": 154,
        "hvdc_link_count": 0,
        "is_orphan": false,
        "legacy_gist_reference": false,
        "name": "남광주",
        "nmi": "NMI000380",
        "voltage_band": "154",
        "voltage_classes": "154"
      },
      "type": "Feature"
    },
    {
      "geometry": {
        "coordinates": [
          128.3573908,
          36.0813877
        ],
        "type": "Point"
      },
      "properties": {
        "ac_pair_count": 3,
        "connected_physical_pair_count": 3,
        "coordinate_method": "LOCAL_OSM_PUBLIC_MAP_EXTRACT",
        "coordinate_tier": "GEO_C_STRONG_NAME_MATCH",
        "facility_type": "SUBSTATION",
        "fgn": "FGN0_000034",
        "highest_voltage_kv": 345,
        "hvdc_link_count": 0,
        "is_orphan": false,
        "legacy_gist_reference": false,
        "name": "남구미",
        "nmi": "NMI000034",
        "voltage_band": "345",
        "voltage_classes": "154;345"
      },
      "type": "Feature"
    },
    {
      "geometry": {
        "coordinates": [
          126.9278422,
          37.3299133
        ],
        "type": "Point"
      },
      "properties": {
        "ac_pair_count": 1,
        "connected_physical_pair_count": 1,
        "coordinate_method": "LOCAL_OSM_PUBLIC_MAP_EXTRACT",
        "coordinate_tier": "GEO_C_STRONG_NAME_MATCH",
        "facility_type": "SOURCE_SCOPED_UNRESOLVED",
        "fgn": "FGN0_000925",
        "highest_voltage_kv": 154,
        "hvdc_link_count": 0,
        "is_orphan": false,
        "legacy_gist_reference": false,
        "name": "남군포SS",
        "nmi": "",
        "voltage_band": "154",
        "voltage_classes": "154"
      },
      "type": "Feature"
    },
    {
      "geometry": {
        "coordinates": [
          128.6203206,
          35.8617863
        ],
        "type": "Point"
      },
      "properties": {
        "ac_pair_count": 2,
        "connected_physical_pair_count": 2,
        "coordinate_method": "LOCAL_OSM_PUBLIC_MAP_EXTRACT",
        "coordinate_tier": "GEO_C_STRONG_NAME_MATCH",
        "facility_type": "SUBSTATION",
        "fgn": "FGN0_000380",
        "highest_voltage_kv": 154,
        "hvdc_link_count": 0,
        "is_orphan": false,
        "legacy_gist_reference": false,
        "name": "남대구",
        "nmi": "NMI000381",
        "voltage_band": "154",
        "voltage_classes": "154"
      },
      "type": "Feature"
    },
    {
      "geometry": {
        "coordinates": [
          127.4547831,
          36.3039928
        ],
        "type": "Point"
      },
      "properties": {
        "ac_pair_count": 2,
        "connected_physical_pair_count": 2,
        "coordinate_method": "LOCAL_OSM_PUBLIC_MAP_EXTRACT",
        "coordinate_tier": "GEO_C_STRONG_NAME_MATCH",
        "facility_type": "SUBSTATION",
        "fgn": "FGN0_000381",
        "highest_voltage_kv": 154,
        "hvdc_link_count": 0,
        "is_orphan": false,
        "legacy_gist_reference": false,
        "name": "남대전",
        "nmi": "NMI000382",
        "voltage_band": "154",
        "voltage_classes": "154"
      },
      "type": "Feature"
    },
    {
      "geometry": {
        "coordinates": [
          126.6904489,
          37.4116955
        ],
        "type": "Point"
      },
      "properties": {
        "ac_pair_count": 5,
        "connected_physical_pair_count": 5,
        "coordinate_method": "LOCAL_OSM_PUBLIC_MAP_EXTRACT",
        "coordinate_tier": "GEO_C_STRONG_NAME_MATCH",
        "facility_type": "SUBSTATION",
        "fgn": "FGN0_000382",
        "highest_voltage_kv": 154,
        "hvdc_link_count": 0,
        "is_orphan": false,
        "legacy_gist_reference": false,
        "name": "남동",
        "nmi": "NMI000383",
        "voltage_band": "154",
        "voltage_classes": "154"
      },
      "type": "Feature"
    },
    {
      "geometry": {
        "coordinates": [
          126.95737507732511,
          37.910471359243445
        ],
        "type": "Point"
      },
      "properties": {
        "ac_pair_count": 2,
        "connected_physical_pair_count": 2,
        "coordinate_method": "VWORLD_EUM_KEPCO_IDENTITY_CHAIN",
        "coordinate_tier": "GEO_A_CANONICAL",
        "facility_type": "SUBSTATION",
        "fgn": "FGN0_000035",
        "highest_voltage_kv": 345,
        "hvdc_link_count": 0,
        "is_orphan": false,
        "legacy_gist_reference": false,
        "name": "남면",
        "nmi": "NMI000035",
        "voltage_band": "345",
        "voltage_classes": "154;345"
      },
      "type": "Feature"
    },
    {
      "geometry": {
        "coordinates": [
          127.189002,
          37.1405952
        ],
        "type": "Point"
      },
      "properties": {
        "ac_pair_count": 5,
        "connected_physical_pair_count": 5,
        "coordinate_method": "LOCAL_OSM_PUBLIC_MAP_EXTRACT",
        "coordinate_tier": "GEO_C_STRONG_NAME_MATCH",
        "facility_type": "SUBSTATION",
        "fgn": "FGN0_000383",
        "highest_voltage_kv": 154,
        "hvdc_link_count": 0,
        "is_orphan": false,
        "legacy_gist_reference": false,
        "name": "남사",
        "nmi": "NMI000384",
        "voltage_band": "154",
        "voltage_classes": "154"
      },
      "type": "Feature"
    },
    {
      "geometry": {
        "coordinates": [
          127.0055178,
          37.1960509
        ],
        "type": "Point"
      },
      "properties": {
        "ac_pair_count": 3,
        "connected_physical_pair_count": 3,
        "coordinate_method": "LOCAL_OSM_PUBLIC_MAP_EXTRACT",
        "coordinate_tier": "GEO_C_STRONG_NAME_MATCH",
        "facility_type": "SUBSTATION",
        "fgn": "FGN0_000384",
        "highest_voltage_kv": 154,
        "hvdc_link_count": 0,
        "is_orphan": false,
        "legacy_gist_reference": false,
        "name": "남수원",
        "nmi": "NMI000385",
        "voltage_band": "154",
        "voltage_classes": "154"
      },
      "type": "Feature"
    },
    {
      "geometry": {
        "coordinates": [
          126.717802,
          37.3269549
        ],
        "type": "Point"
      },
      "properties": {
        "ac_pair_count": 2,
        "connected_physical_pair_count": 2,
        "coordinate_method": "LOCAL_OSM_PUBLIC_MAP_EXTRACT",
        "coordinate_tier": "GEO_C_STRONG_NAME_MATCH",
        "facility_type": "SUBSTATION",
        "fgn": "FGN0_000385",
        "highest_voltage_kv": 154,
        "hvdc_link_count": 0,
        "is_orphan": false,
        "legacy_gist_reference": false,
        "name": "남시화",
        "nmi": "NMI000386",
        "voltage_band": "154",
        "voltage_classes": "154"
      },
      "type": "Feature"
    },
    {
      "geometry": {
        "coordinates": [
          126.4725359048407,
          34.81538098449795
        ],
        "type": "Point"
      },
      "properties": {
        "ac_pair_count": 2,
        "connected_physical_pair_count": 2,
        "coordinate_method": "Official exact-PNU parcel, EPSG:900913 to EPSG:5179 interior representative_point then EPSG:4326",
        "coordinate_tier": "GEO_B_FACILITY_SITE",
        "facility_type": "SUBSTATION",
        "fgn": "FGN0_000386",
        "highest_voltage_kv": 154,
        "hvdc_link_count": 0,
        "is_orphan": false,
        "legacy_gist_reference": false,
        "name": "남악",
        "nmi": "NMI000387",
        "voltage_band": "154",
        "voltage_classes": "154"
      },
      "type": "Feature"
    },
    {
      "geometry": {
        "coordinates": [
          126.8191223,
          37.2984531
        ],
        "type": "Point"
      },
      "properties": {
        "ac_pair_count": 2,
        "connected_physical_pair_count": 2,
        "coordinate_method": "LOCAL_OSM_PUBLIC_MAP_EXTRACT",
        "coordinate_tier": "GEO_C_STRONG_NAME_MATCH",
        "facility_type": "SUBSTATION",
        "fgn": "FGN0_000387",
        "highest_voltage_kv": 154,
        "hvdc_link_count": 0,
        "is_orphan": false,
        "legacy_gist_reference": false,
        "name": "남안산",
        "nmi": "NMI000388",
        "voltage_band": "154",
        "voltage_classes": "154"
      },
      "type": "Feature"
    },
    {
      "geometry": {
        "coordinates": [
          127.2507235,
          37.0087613
        ],
        "type": "Point"
      },
      "properties": {
        "ac_pair_count": 1,
        "connected_physical_pair_count": 1,
        "coordinate_method": "LOCAL_OSM_PUBLIC_MAP_EXTRACT",
        "coordinate_tier": "GEO_C_STRONG_NAME_MATCH",
        "facility_type": "SUBSTATION",
        "fgn": "FGN0_000388",
        "highest_voltage_kv": 154,
        "hvdc_link_count": 0,
        "is_orphan": false,
        "legacy_gist_reference": false,
        "name": "남안성",
        "nmi": "NMI000389",
        "voltage_band": "154",
        "voltage_classes": "154"
      },
      "type": "Feature"
    },
    {
      "geometry": {
        "coordinates": [
          126.8355519,
          37.2172098
        ],
        "type": "Point"
      },
      "properties": {
        "ac_pair_count": 2,
        "connected_physical_pair_count": 2,
        "coordinate_method": "LOCAL_OSM_PUBLIC_MAP_EXTRACT",
        "coordinate_tier": "GEO_C_STRONG_NAME_MATCH",
        "facility_type": "SUBSTATION",
        "fgn": "FGN0_000389",
        "highest_voltage_kv": 154,
        "hvdc_link_count": 0,
        "is_orphan": false,
        "legacy_gist_reference": false,
        "name": "남양",
        "nmi": "NMI000390",
        "voltage_band": "154",
        "voltage_classes": "154"
      },
      "type": "Feature"
    },
    {
      "geometry": {
        "coordinates": [
          129.3564538329619,
          35.48786781313193
        ],
        "type": "Point"
      },
      "properties": {
        "ac_pair_count": 5,
        "connected_physical_pair_count": 5,
        "coordinate_method": "Official exact-PNU parcel, EPSG:900913 to EPSG:5179 interior representative_point then EPSG:4326",
        "coordinate_tier": "GEO_B_FACILITY_SITE",
        "facility_type": "SUBSTATION",
        "fgn": "FGN0_000036",
        "highest_voltage_kv": 345,
        "hvdc_link_count": 0,
        "is_orphan": false,
        "legacy_gist_reference": false,
        "name": "남울산",
        "nmi": "NMI000036",
        "voltage_band": "345",
        "voltage_classes": "154;345"
      },
      "type": "Feature"
    },
    {
      "geometry": {
        "coordinates": [
          127.3819196,
          35.4393632
        ],
        "type": "Point"
      },
      "properties": {
        "ac_pair_count": 3,
        "connected_physical_pair_count": 3,
        "coordinate_method": "LOCAL_OSM_PUBLIC_MAP_EXTRACT",
        "coordinate_tier": "GEO_C_STRONG_NAME_MATCH",
        "facility_type": "SUBSTATION",
        "fgn": "FGN0_000037",
        "highest_voltage_kv": 345,
        "hvdc_link_count": 0,
        "is_orphan": false,
        "legacy_gist_reference": false,
        "name": "남원",
        "nmi": "NMI000037",
        "voltage_band": "345",
        "voltage_classes": "154;345"
      },
      "type": "Feature"
    },
    {
      "geometry": {
        "coordinates": [
          127.9514448,
          37.3187094
        ],
        "type": "Point"
      },
      "properties": {
        "ac_pair_count": 3,
        "connected_physical_pair_count": 3,
        "coordinate_method": "LOCAL_OSM_PUBLIC_MAP_EXTRACT",
        "coordinate_tier": "GEO_C_STRONG_NAME_MATCH",
        "facility_type": "SUBSTATION",
        "fgn": "FGN0_000390",
        "highest_voltage_kv": 154,
        "hvdc_link_count": 0,
        "is_orphan": false,
        "legacy_gist_reference": false,
        "name": "남원주",
        "nmi": "NMI000391",
        "voltage_band": "154",
        "voltage_classes": "154"
      },
      "type": "Feature"
    },
    {
      "geometry": {
        "coordinates": [
          127.557401,
          36.9190099
        ],
        "type": "Point"
      },
      "properties": {
        "ac_pair_count": 2,
        "connected_physical_pair_count": 2,
        "coordinate_method": "LOCAL_OSM_PUBLIC_MAP_EXTRACT",
        "coordinate_tier": "GEO_C_STRONG_NAME_MATCH",
        "facility_type": "SUBSTATION",
        "fgn": "FGN0_000391",
        "highest_voltage_kv": 154,
        "hvdc_link_count": 0,
        "is_orphan": false,
        "legacy_gist_reference": false,
        "name": "남음성",
        "nmi": "NMI000392",
        "voltage_band": "154",
        "voltage_classes": "154"
      },
      "type": "Feature"
    },
    {
      "geometry": {
        "coordinates": [
          128.4141752,
          36.0845562
        ],
        "type": "Point"
      },
      "properties": {
        "ac_pair_count": 2,
        "connected_physical_pair_count": 2,
        "coordinate_method": "LOCAL_OSM_PUBLIC_MAP_EXTRACT",
        "coordinate_tier": "GEO_C_STRONG_NAME_MATCH",
        "facility_type": "SUBSTATION",
        "fgn": "FGN0_000038",
        "highest_voltage_kv": 345,
        "hvdc_link_count": 0,
        "is_orphan": false,
        "legacy_gist_reference": false,
        "name": "남인동",
        "nmi": "NMI000038",
        "voltage_band": "345",
        "voltage_classes": "154;345"
      },
      "type": "Feature"
    },
    {
      "geometry": {
        "coordinates": [
          126.6341472,
          37.4619995
        ],
        "type": "Point"
      },
      "properties": {
        "ac_pair_count": 4,
        "connected_physical_pair_count": 4,
        "coordinate_method": "LOCAL_OSM_PUBLIC_MAP_EXTRACT",
        "coordinate_tier": "GEO_C_STRONG_NAME_MATCH",
        "facility_type": "SUBSTATION",
        "fgn": "FGN0_000392",
        "highest_voltage_kv": 154,
        "hvdc_link_count": 0,
        "is_orphan": false,
        "legacy_gist_reference": false,
        "name": "남인천",
        "nmi": "NMI000393",
        "voltage_band": "154",
        "voltage_classes": "154"
      },
      "type": "Feature"
    },
    {
      "geometry": {
        "coordinates": [
          127.0835481,
          35.7956031
        ],
        "type": "Point"
      },
      "properties": {
        "ac_pair_count": 2,
        "connected_physical_pair_count": 2,
        "coordinate_method": "LOCAL_OSM_PUBLIC_MAP_EXTRACT",
        "coordinate_tier": "GEO_C_STRONG_NAME_MATCH",
        "facility_type": "SUBSTATION",
        "fgn": "FGN0_000393",
        "highest_voltage_kv": 154,
        "hvdc_link_count": 0,
        "is_orphan": false,
        "legacy_gist_reference": false,
        "name": "남전주",
        "nmi": "NMI000394",
        "voltage_band": "154",
        "voltage_classes": "154"
      },
      "type": "Feature"
    },
    {
      "geometry": {
        "coordinates": [
          126.7118198,
          37.3208624
        ],
        "type": "Point"
      },
      "properties": {
        "ac_pair_count": 2,
        "connected_physical_pair_count": 2,
        "coordinate_method": "LOCAL_OSM_PUBLIC_MAP_EXTRACT",
        "coordinate_tier": "GEO_C_STRONG_NAME_MATCH",
        "facility_type": "SUBSTATION",
        "fgn": "FGN0_000394",
        "highest_voltage_kv": 154,
        "hvdc_link_count": 0,
        "is_orphan": false,
        "legacy_gist_reference": false,
        "name": "남정왕",
        "nmi": "NMI000395",
        "voltage_band": "154",
        "voltage_classes": "154"
      },
      "type": "Feature"
    },
    {
      "geometry": {
        "coordinates": [
          126.6165615,
          34.4113669
        ],
        "type": "Point"
      },
      "properties": {
        "ac_pair_count": 3,
        "connected_physical_pair_count": 3,
        "coordinate_method": "LOCAL_OSM_PUBLIC_MAP_EXTRACT",
        "coordinate_tier": "GEO_C_STRONG_NAME_MATCH",
        "facility_type": "SUBSTATION",
        "fgn": "FGN0_000395",
        "highest_voltage_kv": 154,
        "hvdc_link_count": 0,
        "is_orphan": false,
        "legacy_gist_reference": false,
        "name": "남창",
        "nmi": "NMI000396",
        "voltage_band": "154",
        "voltage_classes": "154"
      },
      "type": "Feature"
    },
    {
      "geometry": {
        "coordinates": [
          127.46031514507882,
          36.55336757484658
        ],
        "type": "Point"
      },
      "properties": {
        "ac_pair_count": 6,
        "connected_physical_pair_count": 6,
        "coordinate_method": "Official exact-PNU parcel, EPSG:900913 to EPSG:5179 interior representative_point then EPSG:4326",
        "coordinate_tier": "GEO_B_FACILITY_SITE",
        "facility_type": "SUBSTATION",
        "fgn": "FGN0_000039",
        "highest_voltage_kv": 345,
        "hvdc_link_count": 0,
        "is_orphan": false,
        "legacy_gist_reference": false,
        "name": "남청주",
        "nmi": "NMI000039",
        "voltage_band": "345",
        "voltage_classes": "154;345"
      },
      "type": "Feature"
    },
    {
      "geometry": {
        "coordinates": [
          127.7438799,
          37.8442983
        ],
        "type": "Point"
      },
      "properties": {
        "ac_pair_count": 4,
        "connected_physical_pair_count": 4,
        "coordinate_method": "LOCAL_OSM_PUBLIC_MAP_EXTRACT",
        "coordinate_tier": "GEO_C_STRONG_NAME_MATCH",
        "facility_type": "SUBSTATION",
        "fgn": "FGN0_000396",
        "highest_voltage_kv": 154,
        "hvdc_link_count": 0,
        "is_orphan": false,
        "legacy_gist_reference": false,
        "name": "남춘천",
        "nmi": "NMI000397",
        "voltage_band": "154",
        "voltage_classes": "154"
      },
      "type": "Feature"
    },
    {
      "geometry": {
        "coordinates": [
          129.3468175,
          36.0107892
        ],
        "type": "Point"
      },
      "properties": {
        "ac_pair_count": 3,
        "connected_physical_pair_count": 3,
        "coordinate_method": "LOCAL_OSM_PUBLIC_MAP_EXTRACT",
        "coordinate_tier": "GEO_C_STRONG_NAME_MATCH",
        "facility_type": "SUBSTATION",
        "fgn": "FGN0_000397",
        "highest_voltage_kv": 154,
        "hvdc_link_count": 0,
        "is_orphan": false,
        "legacy_gist_reference": false,
        "name": "남포항",
        "nmi": "NMI000398",
        "voltage_band": "154",
        "voltage_classes": "154"
      },
      "type": "Feature"
    },
    {
      "geometry": {
        "coordinates": [
          127.8947597,
          34.8524486
        ],
        "type": "Point"
      },
      "properties": {
        "ac_pair_count": 1,
        "connected_physical_pair_count": 1,
        "coordinate_method": "LOCAL_OSM_PUBLIC_MAP_EXTRACT",
        "coordinate_tier": "GEO_C_STRONG_NAME_MATCH",
        "facility_type": "SUBSTATION",
        "fgn": "FGN0_000398",
        "highest_voltage_kv": 154,
        "hvdc_link_count": 0,
        "is_orphan": false,
        "legacy_gist_reference": false,
        "name": "남해",
        "nmi": "NMI000399",
        "voltage_band": "154",
        "voltage_classes": "154"
      },
      "type": "Feature"
    },
    {
      "geometry": {
        "coordinates": [
          126.986718911956,
          36.044553523730904
        ],
        "type": "Point"
      },
      "properties": {
        "ac_pair_count": 1,
        "connected_physical_pair_count": 1,
        "coordinate_method": "OFFLINE_APPROVED_OFFICIAL_FACILITY_SITE_GEOMETRY_REPLAY",
        "coordinate_tier": "GEO_B_FACILITY_SITE",
        "facility_type": "SOURCE_SCOPED_UNRESOLVED",
        "fgn": "FGN0_000926",
        "highest_voltage_kv": 154,
        "hvdc_link_count": 0,
        "is_orphan": false,
        "legacy_gist_reference": false,
        "name": "낭산SS",
        "nmi": "",
        "voltage_band": "154",
        "voltage_classes": "154"
      },
      "type": "Feature"
    },
    {
      "geometry": {
        "coordinates": [
          128.5684855,
          35.8692811
        ],
        "type": "Point"
      },
      "properties": {
        "ac_pair_count": 3,
        "connected_physical_pair_count": 3,
        "coordinate_method": "LOCAL_OSM_PUBLIC_MAP_EXTRACT",
        "coordinate_tier": "GEO_C_STRONG_NAME_MATCH",
        "facility_type": "SUBSTATION",
        "fgn": "FGN0_000399",
        "highest_voltage_kv": 154,
        "hvdc_link_count": 0,
        "is_orphan": false,
        "legacy_gist_reference": false,
        "name": "내당",
        "nmi": "NMI000400",
        "voltage_band": "154",
        "voltage_classes": "154"
      },
      "type": "Feature"
    },
    {
      "geometry": {
        "coordinates": [
          126.5877695,
          35.9551191
        ],
        "type": "Point"
      },
      "properties": {
        "ac_pair_count": 3,
        "connected_physical_pair_count": 3,
        "coordinate_method": "LOCAL_OSM_PUBLIC_MAP_EXTRACT",
        "coordinate_tier": "GEO_C_STRONG_NAME_MATCH",
        "facility_type": "SUBSTATION",
        "fgn": "FGN0_000400",
        "highest_voltage_kv": 154,
        "hvdc_link_count": 0,
        "is_orphan": false,
        "legacy_gist_reference": false,
        "name": "내초",
        "nmi": "NMI000401",
        "voltage_band": "154",
        "voltage_classes": "154"
      },
      "type": "Feature"
    },
    {
      "geometry": {
        "coordinates": [
          127.2747946,
          37.8425802
        ],
        "type": "Point"
      },
      "properties": {
        "ac_pair_count": 3,
        "connected_physical_pair_count": 3,
        "coordinate_method": "LOCAL_OSM_PUBLIC_MAP_EXTRACT",
        "coordinate_tier": "GEO_C_STRONG_NAME_MATCH",
        "facility_type": "SUBSTATION",
        "fgn": "FGN0_000040",
        "highest_voltage_kv": 345,
        "hvdc_link_count": 0,
        "is_orphan": false,
        "legacy_gist_reference": false,
        "name": "내촌",
        "nmi": "NMI000040",
        "voltage_band": "345",
        "voltage_classes": "154;345"
      },
      "type": "Feature"
    },
    {
      "geometry": {
        "coordinates": [
          126.9214323,
          37.5156285
        ],
        "type": "Point"
      },
      "properties": {
        "ac_pair_count": 2,
        "connected_physical_pair_count": 2,
        "coordinate_method": "LOCAL_OSM_PUBLIC_MAP_EXTRACT",
        "coordinate_tier": "GEO_C_STRONG_NAME_MATCH",
        "facility_type": "SUBSTATION",
        "fgn": "FGN0_000401",
        "highest_voltage_kv": 154,
        "hvdc_link_count": 0,
        "is_orphan": false,
        "legacy_gist_reference": false,
        "name": "노들",
        "nmi": "NMI000402",
        "voltage_band": "154",
        "voltage_classes": "154"
      },
      "type": "Feature"
    },
    {
      "geometry": {
        "coordinates": [
          126.9459245,
          37.5138611
        ],
        "type": "Point"
      },
      "properties": {
        "ac_pair_count": 3,
        "connected_physical_pair_count": 3,
        "coordinate_method": "LOCAL_OSM_PUBLIC_MAP_EXTRACT",
        "coordinate_tier": "GEO_C_STRONG_NAME_MATCH",
        "facility_type": "SUBSTATION",
        "fgn": "FGN0_000402",
        "highest_voltage_kv": 154,
        "hvdc_link_count": 0,
        "is_orphan": false,
        "legacy_gist_reference": false,
        "name": "노량진",
        "nmi": "NMI000403",
        "voltage_band": "154",
        "voltage_classes": "154"
      },
      "type": "Feature"
    },
    {
      "geometry": {
        "coordinates": [
          128.6974034,
          35.8362606
        ],
        "type": "Point"
      },
      "properties": {
        "ac_pair_count": 4,
        "connected_physical_pair_count": 4,
        "coordinate_method": "LOCAL_OSM_PUBLIC_MAP_EXTRACT",
        "coordinate_tier": "GEO_C_STRONG_NAME_MATCH",
        "facility_type": "SUBSTATION",
        "fgn": "FGN0_000403",
        "highest_voltage_kv": 154,
        "hvdc_link_count": 0,
        "is_orphan": false,
        "legacy_gist_reference": false,
        "name": "노변",
        "nmi": "NMI000404",
        "voltage_band": "154",
        "voltage_classes": "154"
      },
      "type": "Feature"
    },
    {
      "geometry": {
        "coordinates": [
          127.05915684370939,
          37.62788620591902
        ],
        "type": "Point"
      },
      "properties": {
        "ac_pair_count": 3,
        "connected_physical_pair_count": 3,
        "coordinate_method": "OFFICIAL_EXACT_PNU_PARCEL_INTERIOR_REPRESENTATIVE_POINT",
        "coordinate_tier": "GEO_B_FACILITY_SITE",
        "facility_type": "SUBSTATION",
        "fgn": "FGN0_000404",
        "highest_voltage_kv": 154,
        "hvdc_link_count": 0,
        "is_orphan": false,
        "legacy_gist_reference": false,
        "name": "노원",
        "nmi": "NMI000405",
        "voltage_band": "154",
        "voltage_classes": "154"
      },
      "type": "Feature"
    },
    {
      "geometry": {
        "coordinates": [
          129.1031203,
          35.2836306
        ],
        "type": "Point"
      },
      "properties": {
        "ac_pair_count": 2,
        "connected_physical_pair_count": 2,
        "coordinate_method": "LOCAL_OSM_PUBLIC_MAP_EXTRACT",
        "coordinate_tier": "GEO_C_STRONG_NAME_MATCH",
        "facility_type": "SUBSTATION",
        "fgn": "FGN0_000405",
        "highest_voltage_kv": 154,
        "hvdc_link_count": 0,
        "is_orphan": false,
        "legacy_gist_reference": false,
        "name": "노포",
        "nmi": "NMI000406",
        "voltage_band": "154",
        "voltage_classes": "154"
      },
      "type": "Feature"
    },
    {
      "geometry": {
        "coordinates": [
          128.82557148663113,
          35.101411901336384
        ],
        "type": "Point"
      },
      "properties": {
        "ac_pair_count": 2,
        "connected_physical_pair_count": 2,
        "coordinate_method": "KECO_REGISTRY_PLUS_OFFICIAL_VWORLD_ELECTRICAL_POLYGON",
        "coordinate_tier": "GEO_B_OFFICIAL_ADDRESS",
        "facility_type": "SUBSTATION",
        "fgn": "FGN0_000406",
        "highest_voltage_kv": 154,
        "hvdc_link_count": 0,
        "is_orphan": false,
        "legacy_gist_reference": false,
        "name": "녹공",
        "nmi": "NMI000407",
        "voltage_band": "154",
        "voltage_classes": "154"
      },
      "type": "Feature"
    },
    {
      "geometry": {
        "coordinates": [
          126.9230994,
          37.6038632
        ],
        "type": "Point"
      },
      "properties": {
        "ac_pair_count": 3,
        "connected_physical_pair_count": 3,
        "coordinate_method": "LOCAL_OSM_PUBLIC_MAP_EXTRACT",
        "coordinate_tier": "GEO_C_STRONG_NAME_MATCH",
        "facility_type": "SUBSTATION",
        "fgn": "FGN0_000407",
        "highest_voltage_kv": 154,
        "hvdc_link_count": 0,
        "is_orphan": false,
        "legacy_gist_reference": false,
        "name": "녹번",
        "nmi": "NMI000408",
        "voltage_band": "154",
        "voltage_classes": "154"
      },
      "type": "Feature"
    },
    {
      "geometry": {
        "coordinates": [
          128.865108605337,
          35.0986536783699
        ],
        "type": "Point"
      },
      "properties": {
        "ac_pair_count": 2,
        "connected_physical_pair_count": 2,
        "coordinate_method": "USER_PROVIDED_INDEPENDENT_WEB_VERIFICATION_WITH_EXACT_IDENTITY_EVIDENCE",
        "coordinate_tier": "GEO_C_STRONG_NAME_MATCH",
        "facility_type": "SUBSTATION",
        "fgn": "FGN0_000041",
        "highest_voltage_kv": 345,
        "hvdc_link_count": 0,
        "is_orphan": false,
        "legacy_gist_reference": false,
        "name": "녹산",
        "nmi": "NMI000041",
        "voltage_band": "345",
        "voltage_classes": "154;345"
      },
      "type": "Feature"
    },
    {
      "geometry": {
        "coordinates": [
          127.0180468,
          37.7563502
        ],
        "type": "Point"
      },
      "properties": {
        "ac_pair_count": 2,
        "connected_physical_pair_count": 2,
        "coordinate_method": "LOCAL_OSM_PUBLIC_MAP_EXTRACT",
        "coordinate_tier": "GEO_C_STRONG_NAME_MATCH",
        "facility_type": "SUBSTATION",
        "fgn": "FGN0_000408",
        "highest_voltage_kv": 154,
        "hvdc_link_count": 0,
        "is_orphan": false,
        "legacy_gist_reference": false,
        "name": "녹양",
        "nmi": "NMI000409",
        "voltage_band": "154",
        "voltage_classes": "154"
      },
      "type": "Feature"
    },
    {
      "geometry": {
        "coordinates": [
          128.46260762527663,
          35.7292213987324
        ],
        "type": "Point"
      },
      "properties": {
        "ac_pair_count": 4,
        "connected_physical_pair_count": 4,
        "coordinate_method": "Official exact-PNU parcel, EPSG:900913 to EPSG:5179 interior representative_point then EPSG:4326",
        "coordinate_tier": "GEO_B_FACILITY_SITE",
        "facility_type": "SUBSTATION",
        "fgn": "FGN0_000409",
        "highest_voltage_kv": 154,
        "hvdc_link_count": 0,
        "is_orphan": false,
        "legacy_gist_reference": false,
        "name": "논공",
        "nmi": "NMI000410",
        "voltage_band": "154",
        "voltage_classes": "154"
      },
      "type": "Feature"
    },
    {
      "geometry": {
        "coordinates": [
          127.05073903319372,
          36.221551959769705
        ],
        "type": "Point"
      },
      "properties": {
        "ac_pair_count": 2,
        "connected_physical_pair_count": 2,
        "coordinate_method": "Official exact-PNU parcel, EPSG:900913 to EPSG:5179 interior representative_point then EPSG:4326",
        "coordinate_tier": "GEO_B_FACILITY_SITE",
        "facility_type": "SUBSTATION",
        "fgn": "FGN0_000410",
        "highest_voltage_kv": 154,
        "hvdc_link_count": 0,
        "is_orphan": false,
        "legacy_gist_reference": false,
        "name": "논산",
        "nmi": "NMI000411",
        "voltage_band": "154",
        "voltage_classes": "154"
      },
      "type": "Feature"
    },
    {
      "geometry": {
        "coordinates": [
          127.0225828,
          37.5116784
        ],
        "type": "Point"
      },
      "properties": {
        "ac_pair_count": 3,
        "connected_physical_pair_count": 3,
        "coordinate_method": "LOCAL_OSM_PUBLIC_MAP_EXTRACT",
        "coordinate_tier": "GEO_C_STRONG_NAME_MATCH",
        "facility_type": "SUBSTATION",
        "fgn": "FGN0_000411",
        "highest_voltage_kv": 154,
        "hvdc_link_count": 0,
        "is_orphan": false,
        "legacy_gist_reference": false,
        "name": "논일",
        "nmi": "NMI000412",
        "voltage_band": "154",
        "voltage_classes": "154"
      },
      "type": "Feature"
    },
    {
      "geometry": {
        "coordinates": [
          127.0341401,
          37.5196202
        ],
        "type": "Point"
      },
      "properties": {
        "ac_pair_count": 4,
        "connected_physical_pair_count": 4,
        "coordinate_method": "LOCAL_OSM_PUBLIC_MAP_EXTRACT",
        "coordinate_tier": "GEO_C_STRONG_NAME_MATCH",
        "facility_type": "SUBSTATION",
        "fgn": "FGN0_000412",
        "highest_voltage_kv": 154,
        "hvdc_link_count": 0,
        "is_orphan": false,
        "legacy_gist_reference": false,
        "name": "논현",
        "nmi": "NMI000413",
        "voltage_band": "154",
        "voltage_classes": "154"
      },
      "type": "Feature"
    },
    {
      "geometry": {
        "coordinates": [
          127.0734553,
          37.2306892
        ],
        "type": "Point"
      },
      "properties": {
        "ac_pair_count": 3,
        "connected_physical_pair_count": 3,
        "coordinate_method": "LOCAL_OSM_PUBLIC_MAP_EXTRACT",
        "coordinate_tier": "GEO_C_STRONG_NAME_MATCH",
        "facility_type": "SUBSTATION",
        "fgn": "FGN0_000413",
        "highest_voltage_kv": 154,
        "hvdc_link_count": 0,
        "is_orphan": false,
        "legacy_gist_reference": false,
        "name": "농서",
        "nmi": "NMI000414",
        "voltage_band": "154",
        "voltage_classes": "154"
      },
      "type": "Feature"
    },
    {
      "geometry": {
        "coordinates": [
          126.8652643,
          35.1607165
        ],
        "type": "Point"
      },
      "properties": {
        "ac_pair_count": 2,
        "connected_physical_pair_count": 2,
        "coordinate_method": "LOCAL_OSM_PUBLIC_MAP_EXTRACT",
        "coordinate_tier": "GEO_C_STRONG_NAME_MATCH",
        "facility_type": "SUBSTATION",
        "fgn": "FGN0_000414",
        "highest_voltage_kv": 154,
        "hvdc_link_count": 0,
        "is_orphan": false,
        "legacy_gist_reference": false,
        "name": "농성",
        "nmi": "NMI000415",
        "voltage_band": "154",
        "voltage_classes": "154"
      },
      "type": "Feature"
    },
    {
      "geometry": {
        "coordinates": [
          128.1826454,
          36.1312799
        ],
        "type": "Point"
      },
      "properties": {
        "ac_pair_count": 2,
        "connected_physical_pair_count": 2,
        "coordinate_method": "LOCAL_OSM_PUBLIC_MAP_EXTRACT",
        "coordinate_tier": "GEO_C_STRONG_NAME_MATCH",
        "facility_type": "SUBSTATION",
        "fgn": "FGN0_000415",
        "highest_voltage_kv": 154,
        "hvdc_link_count": 0,
        "is_orphan": false,
        "legacy_gist_reference": false,
        "name": "농소",
        "nmi": "NMI000416",
        "voltage_band": "154",
        "voltage_classes": "154"
      },
      "type": "Feature"
    },
    {
      "geometry": {
        "coordinates": [
          126.8428204,
          37.6186549
        ],
        "type": "Point"
      },
      "properties": {
        "ac_pair_count": 2,
        "connected_physical_pair_count": 2,
        "coordinate_method": "LOCAL_OSM_PUBLIC_MAP_EXTRACT",
        "coordinate_tier": "GEO_C_STRONG_NAME_MATCH",
        "facility_type": "SUBSTATION",
        "fgn": "FGN0_000416",
        "highest_voltage_kv": 154,
        "hvdc_link_count": 0,
        "is_orphan": false,
        "legacy_gist_reference": false,
        "name": "능곡",
        "nmi": "NMI000417",
        "voltage_band": "154",
        "voltage_classes": "154"
      },
      "type": "Feature"
    },
    {
      "geometry": {
        "coordinates": [
          128.9771907340047,
          35.06727648337933
        ],
        "type": "Point"
      },
      "properties": {
        "ac_pair_count": 3,
        "connected_physical_pair_count": 3,
        "coordinate_method": "V6_LOCAL_EUM_VWORLD_EXACT_NAMED_FACILITY_POLYGON",
        "coordinate_tier": "GEO_C_STRONG_NAME_MATCH",
        "facility_type": "SUBSTATION",
        "fgn": "FGN0_000417",
        "highest_voltage_kv": 154,
        "hvdc_link_count": 0,
        "is_orphan": false,
        "legacy_gist_reference": false,
        "name": "다대",
        "nmi": "NMI000418",
        "voltage_band": "154",
        "voltage_classes": "154"
      },
      "type": "Feature"
    },
    {
      "geometry": {
        "coordinates": [
          128.4248353,
          35.8691046
        ],
        "type": "Point"
      },
      "properties": {
        "ac_pair_count": 4,
        "connected_physical_pair_count": 4,
        "coordinate_method": "LOCAL_OSM_PUBLIC_MAP_EXTRACT",
        "coordinate_tier": "GEO_C_STRONG_NAME_MATCH",
        "facility_type": "SUBSTATION",
        "fgn": "FGN0_000418",
        "highest_voltage_kv": 154,
        "hvdc_link_count": 0,
        "is_orphan": false,
        "legacy_gist_reference": false,
        "name": "다사",
        "nmi": "NMI000419",
        "voltage_band": "154",
        "voltage_classes": "154"
      },
      "type": "Feature"
    },
    {
      "geometry": {
        "coordinates": [
          128.3906395,
          35.7858691
        ],
        "type": "Point"
      },
      "properties": {
        "ac_pair_count": 2,
        "connected_physical_pair_count": 2,
        "coordinate_method": "LOCAL_OSM_PUBLIC_MAP_EXTRACT",
        "coordinate_tier": "GEO_C_STRONG_NAME_MATCH",
        "facility_type": "SUBSTATION",
        "fgn": "FGN0_000419",
        "highest_voltage_kv": 154,
        "hvdc_link_count": 0,
        "is_orphan": false,
        "legacy_gist_reference": false,
        "name": "다산",
        "nmi": "NMI000420",
        "voltage_band": "154",
        "voltage_classes": "154"
      },
      "type": "Feature"
    },
    {
      "geometry": {
        "coordinates": [
          128.33193504818468,
          36.99391769225145
        ],
        "type": "Point"
      },
      "properties": {
        "ac_pair_count": 2,
        "connected_physical_pair_count": 2,
        "coordinate_method": "Official exact-PNU parcel, EPSG:900913 to EPSG:5179 interior representative_point then EPSG:4326",
        "coordinate_tier": "GEO_B_FACILITY_SITE",
        "facility_type": "SUBSTATION",
        "fgn": "FGN0_000420",
        "highest_voltage_kv": 154,
        "hvdc_link_count": 0,
        "is_orphan": false,
        "legacy_gist_reference": false,
        "name": "단양",
        "nmi": "NMI000421",
        "voltage_band": "154",
        "voltage_classes": "154"
      },
      "type": "Feature"
    },
    {
      "geometry": {
        "coordinates": [
          128.4956856,
          35.8607708
        ],
        "type": "Point"
      },
      "properties": {
        "ac_pair_count": 5,
        "connected_physical_pair_count": 5,
        "coordinate_method": "LOCAL_OSM_PUBLIC_MAP_EXTRACT",
        "coordinate_tier": "GEO_C_STRONG_NAME_MATCH",
        "facility_type": "SUBSTATION",
        "fgn": "FGN0_000421",
        "highest_voltage_kv": 154,
        "hvdc_link_count": 0,
        "is_orphan": false,
        "legacy_gist_reference": false,
        "name": "달서",
        "nmi": "NMI000422",
        "voltage_band": "154",
        "voltage_classes": "154"
      },
      "type": "Feature"
    },
    {
      "geometry": {
        "coordinates": [
          128.5104594,
          35.809856
        ],
        "type": "Point"
      },
      "properties": {
        "ac_pair_count": 4,
        "connected_physical_pair_count": 4,
        "coordinate_method": "LOCAL_OSM_PUBLIC_MAP_EXTRACT",
        "coordinate_tier": "GEO_C_STRONG_NAME_MATCH",
        "facility_type": "SUBSTATION",
        "fgn": "FGN0_000422",
        "highest_voltage_kv": 154,
        "hvdc_link_count": 0,
        "is_orphan": false,
        "legacy_gist_reference": false,
        "name": "달성",
        "nmi": "NMI000423",
        "voltage_band": "154",
        "voltage_classes": "154"
      },
      "type": "Feature"
    },
    {
      "geometry": {
        "coordinates": [
          127.0246803,
          35.3503717
        ],
        "type": "Point"
      },
      "properties": {
        "ac_pair_count": 3,
        "connected_physical_pair_count": 3,
        "coordinate_method": "LOCAL_OSM_PUBLIC_MAP_EXTRACT",
        "coordinate_tier": "GEO_C_STRONG_NAME_MATCH",
        "facility_type": "SUBSTATION",
        "fgn": "FGN0_000423",
        "highest_voltage_kv": 154,
        "hvdc_link_count": 0,
        "is_orphan": false,
        "legacy_gist_reference": false,
        "name": "담양",
        "nmi": "NMI000424",
        "voltage_band": "154",
        "voltage_classes": "154"
      },
      "type": "Feature"
    },
    {
      "geometry": {
        "coordinates": [
          129.33645345150296,
          35.412642875365805
        ],
        "type": "Point"
      },
      "properties": {
        "ac_pair_count": 1,
        "connected_physical_pair_count": 1,
        "coordinate_method": "Official exact-PNU parcel, EPSG:900913 to EPSG:5179 interior representative_point then EPSG:4326",
        "coordinate_tier": "GEO_B_FACILITY_SITE",
        "facility_type": "SUBSTATION",
        "fgn": "FGN0_000424",
        "highest_voltage_kv": 154,
        "hvdc_link_count": 0,
        "is_orphan": false,
        "legacy_gist_reference": false,
        "name": "당월",
        "nmi": "NMI000425",
        "voltage_band": "154",
        "voltage_classes": "154"
      },
      "type": "Feature"
    },
    {
      "geometry": {
        "coordinates": [
          126.92033350272543,
          37.54419895986188
        ],
        "type": "Point"
      },
      "properties": {
        "ac_pair_count": 4,
        "connected_physical_pair_count": 4,
        "coordinate_method": "V40_CURRENT_KEPCO_IDENTITY_PLUS_PUBLIC_REGISTRY_SITE_BRIDGE_PLUS_MOIS_EXACT_ADDRESS_GEOMETRY",
        "coordinate_tier": "GEO_B_FACILITY_SITE",
        "facility_type": "SUBSTATION",
        "fgn": "FGN0_000425",
        "highest_voltage_kv": 154,
        "hvdc_link_count": 0,
        "is_orphan": false,
        "legacy_gist_reference": false,
        "name": "당인리",
        "nmi": "NMI000426",
        "voltage_band": "154",
        "voltage_classes": "154"
      },
      "type": "Feature"
    },
    {
      "geometry": {
        "coordinates": [
          126.704423058672,
          36.90138530766392
        ],
        "type": "Point"
      },
      "properties": {
        "ac_pair_count": 2,
        "connected_physical_pair_count": 2,
        "coordinate_method": "VWORLD_EUM_KEPCO_IDENTITY_CHAIN",
        "coordinate_tier": "GEO_A_CANONICAL",
        "facility_type": "SUBSTATION",
        "fgn": "FGN0_000042",
        "highest_voltage_kv": 345,
        "hvdc_link_count": 0,
        "is_orphan": false,
        "legacy_gist_reference": false,
        "name": "당진",
        "nmi": "NMI000042",
        "voltage_band": "345",
        "voltage_classes": "154;345"
      },
      "type": "Feature"
    },
    {
      "geometry": {
        "coordinates": [
          126.5096908730913,
          37.05695711360263
        ],
        "type": "Point"
      },
      "properties": {
        "ac_pair_count": 2,
        "connected_physical_pair_count": 2,
        "coordinate_method": "Official exact-PNU parcel, EPSG:900913 to EPSG:5179 interior representative_point then EPSG:4326",
        "coordinate_tier": "GEO_B_FACILITY_SITE",
        "facility_type": "PLANT_SWITCHYARD",
        "fgn": "FGN0_000043",
        "highest_voltage_kv": 765,
        "hvdc_link_count": 0,
        "is_orphan": false,
        "legacy_gist_reference": false,
        "name": "당진TP",
        "nmi": "NMI000043",
        "voltage_band": "765",
        "voltage_classes": "154;345;765"
      },
      "type": "Feature"
    },
    {
      "geometry": {
        "coordinates": [
          128.690432,
          35.733198
        ],
        "type": "Point"
      },
      "properties": {
        "ac_pair_count": 6,
        "connected_physical_pair_count": 6,
        "coordinate_method": "LOCAL_OSM_PUBLIC_MAP_EXTRACT",
        "coordinate_tier": "GEO_C_STRONG_NAME_MATCH",
        "facility_type": "SUBSTATION",
        "fgn": "FGN0_000044",
        "highest_voltage_kv": 345,
        "hvdc_link_count": 0,
        "is_orphan": false,
        "legacy_gist_reference": false,
        "name": "대구",
        "nmi": "NMI000044",
        "voltage_band": "345",
        "voltage_classes": "154;345"
      },
      "type": "Feature"
    },
    {
      "geometry": {
        "coordinates": [
          127.3778793,
          36.3799337
        ],
        "type": "Point"
      },
      "properties": {
        "ac_pair_count": 3,
        "connected_physical_pair_count": 3,
        "coordinate_method": "LOCAL_OSM_PUBLIC_MAP_EXTRACT",
        "coordinate_tier": "GEO_C_STRONG_NAME_MATCH",
        "facility_type": "SUBSTATION",
        "fgn": "FGN0_000426",
        "highest_voltage_kv": 154,
        "hvdc_link_count": 0,
        "is_orphan": false,
        "legacy_gist_reference": false,
        "name": "대덕",
        "nmi": "NMI000427",
        "voltage_band": "154",
        "voltage_classes": "154"
      },
      "type": "Feature"
    },
    {
      "geometry": {
        "coordinates": [
          126.9090554,
          37.5006803
        ],
        "type": "Point"
      },
      "properties": {
        "ac_pair_count": 2,
        "connected_physical_pair_count": 2,
        "coordinate_method": "LOCAL_OSM_PUBLIC_MAP_EXTRACT",
        "coordinate_tier": "GEO_C_STRONG_NAME_MATCH",
        "facility_type": "SUBSTATION",
        "fgn": "FGN0_000427",
        "highest_voltage_kv": 154,
        "hvdc_link_count": 0,
        "is_orphan": false,
        "legacy_gist_reference": false,
        "name": "대림",
        "nmi": "NMI000428",
        "voltage_band": "154",
        "voltage_classes": "154"
      },
      "type": "Feature"
    },
    {
      "geometry": {
        "coordinates": [
          126.9172411,
          37.4720112
        ],
        "type": "Point"
      },
      "properties": {
        "ac_pair_count": 2,
        "connected_physical_pair_count": 2,
        "coordinate_method": "LOCAL_OSM_PUBLIC_MAP_EXTRACT",
        "coordinate_tier": "GEO_C_STRONG_NAME_MATCH",
        "facility_type": "SUBSTATION",
        "fgn": "FGN0_000428",
        "highest_voltage_kv": 154,
        "hvdc_link_count": 0,
        "is_orphan": false,
        "legacy_gist_reference": false,
        "name": "대방",
        "nmi": "NMI000429",
        "voltage_band": "154",
        "voltage_classes": "154"
      },
      "type": "Feature"
    },
    {
      "geometry": {
        "coordinates": [
          126.45812225028469,
          34.76311250444025
        ],
        "type": "Point"
      },
      "properties": {
        "ac_pair_count": 2,
        "connected_physical_pair_count": 2,
        "coordinate_method": "OFFICIAL_EXACT_PNU_PARCEL_INTERIOR_REPRESENTATIVE_POINT",
        "coordinate_tier": "GEO_B_FACILITY_SITE",
        "facility_type": "SUBSTATION",
        "fgn": "FGN0_000429",
        "highest_voltage_kv": 154,
        "hvdc_link_count": 0,
        "is_orphan": false,
        "legacy_gist_reference": false,
        "name": "대불",
        "nmi": "NMI000430",
        "voltage_band": "154",
        "voltage_classes": "154"
      },
      "type": "Feature"
    },
    {
      "geometry": {
        "coordinates": [
          126.41541754332499,
          36.97773430604447
        ],
        "type": "Point"
      },
      "properties": {
        "ac_pair_count": 3,
        "connected_physical_pair_count": 3,
        "coordinate_method": "Official exact-PNU parcel, EPSG:900913 to EPSG:5179 interior representative_point then EPSG:4326",
        "coordinate_tier": "GEO_B_FACILITY_SITE",
        "facility_type": "SUBSTATION",
        "fgn": "FGN0_000430",
        "highest_voltage_kv": 154,
        "hvdc_link_count": 0,
        "is_orphan": false,
        "legacy_gist_reference": false,
        "name": "대산",
        "nmi": "NMI000431",
        "voltage_band": "154",
        "voltage_classes": "154"
      },
      "type": "Feature"
    },
    {
      "geometry": {
        "coordinates": [
          129.3759552,
          35.9483847
        ],
        "type": "Point"
      },
      "properties": {
        "ac_pair_count": 3,
        "connected_physical_pair_count": 3,
        "coordinate_method": "LOCAL_OSM_PUBLIC_MAP_EXTRACT",
        "coordinate_tier": "GEO_C_STRONG_NAME_MATCH",
        "facility_type": "SUBSTATION",
        "fgn": "FGN0_000431",
        "highest_voltage_kv": 154,
        "hvdc_link_count": 0,
        "is_orphan": false,
        "legacy_gist_reference": false,
        "name": "대송",
        "nmi": "NMI000432",
        "voltage_band": "154",
        "voltage_classes": "154"
      },
      "type": "Feature"
    },
    {
      "geometry": {
        "coordinates": [
          127.46789926410962,
          36.98062124566808
        ],
        "type": "Point"
      },
      "properties": {
        "ac_pair_count": 2,
        "connected_physical_pair_count": 2,
        "coordinate_method": "OFFLINE_APPROVED_OFFICIAL_FACILITY_SITE_GEOMETRY_REPLAY",
        "coordinate_tier": "GEO_B_FACILITY_SITE",
        "facility_type": "SOURCE_SCOPED_UNRESOLVED",
        "fgn": "FGN0_000976",
        "highest_voltage_kv": 154,
        "hvdc_link_count": 0,
        "is_orphan": false,
        "legacy_gist_reference": false,
        "name": "대소SS",
        "nmi": "",
        "voltage_band": "154",
        "voltage_classes": "154"
      },
      "type": "Feature"
    },
    {
      "geometry": {
        "coordinates": [
          129.0935258056841,
          35.147737861930615
        ],
        "type": "Point"
      },
      "properties": {
        "ac_pair_count": 2,
        "connected_physical_pair_count": 2,
        "coordinate_method": "OFFLINE_APPROVED_OFFICIAL_FACILITY_SITE_GEOMETRY_REPLAY",
        "coordinate_tier": "GEO_B_FACILITY_SITE",
        "facility_type": "SUBSTATION",
        "fgn": "FGN0_000432",
        "highest_voltage_kv": 154,
        "hvdc_link_count": 0,
        "is_orphan": false,
        "legacy_gist_reference": false,
        "name": "대연",
        "nmi": "NMI000433",
        "voltage_band": "154",
        "voltage_classes": "154"
      },
      "type": "Feature"
    },
    {
      "geometry": {
        "coordinates": [
          128.97355582593437,
          35.206379294915614
        ],
        "type": "Point"
      },
      "properties": {
        "ac_pair_count": 2,
        "connected_physical_pair_count": 2,
        "coordinate_method": "OFFLINE_APPROVED_OFFICIAL_FACILITY_SITE_GEOMETRY_REPLAY",
        "coordinate_tier": "GEO_B_FACILITY_SITE",
        "facility_type": "SOURCE_SCOPED_UNRESOLVED",
        "fgn": "FGN0_000927",
        "highest_voltage_kv": 154,
        "hvdc_link_count": 0,
        "is_orphan": false,
        "legacy_gist_reference": false,
        "name": "대저SS",
        "nmi": "",
        "voltage_band": "154",
        "voltage_classes": "154"
      },
      "type": "Feature"
    },
    {
      "geometry": {
        "coordinates": [
          126.600301,
          36.3091145
        ],
        "type": "Point"
      },
      "properties": {
        "ac_pair_count": 2,
        "connected_physical_pair_count": 2,
        "coordinate_method": "LOCAL_OSM_PUBLIC_MAP_EXTRACT",
        "coordinate_tier": "GEO_C_STRONG_NAME_MATCH",
        "facility_type": "SUBSTATION",
        "fgn": "FGN0_000433",
        "highest_voltage_kv": 154,
        "hvdc_link_count": 0,
        "is_orphan": false,
        "legacy_gist_reference": false,
        "name": "대천",
        "nmi": "NMI000434",
        "voltage_band": "154",
        "voltage_classes": "154"
      },
      "type": "Feature"
    },
    {
      "geometry": {
        "coordinates": [
          127.47984691349394,
          36.478133898115935
        ],
        "type": "Point"
      },
      "properties": {
        "ac_pair_count": 1,
        "connected_physical_pair_count": 1,
        "coordinate_method": "OFFLINE_APPROVED_OFFICIAL_FACILITY_SITE_GEOMETRY_REPLAY",
        "coordinate_tier": "GEO_B_FACILITY_SITE",
        "facility_type": "SOURCE_SCOPED_UNRESOLVED",
        "fgn": "FGN0_000928",
        "highest_voltage_kv": 154,
        "hvdc_link_count": 0,
        "is_orphan": false,
        "legacy_gist_reference": false,
        "name": "대청HP",
        "nmi": "",
        "voltage_band": "154",
        "voltage_classes": "154"
      },
      "type": "Feature"
    },
    {
      "geometry": {
        "coordinates": [
          127.0563712,
          37.5060546
        ],
        "type": "Point"
      },
      "properties": {
        "ac_pair_count": 3,
        "connected_physical_pair_count": 3,
        "coordinate_method": "LOCAL_OSM_PUBLIC_MAP_EXTRACT",
        "coordinate_tier": "GEO_C_STRONG_NAME_MATCH",
        "facility_type": "SUBSTATION",
        "fgn": "FGN0_000434",
        "highest_voltage_kv": 154,
        "hvdc_link_count": 0,
        "is_orphan": false,
        "legacy_gist_reference": false,
        "name": "대치",
        "nmi": "NMI000435",
        "voltage_band": "154",
        "voltage_classes": "154"
      },
      "type": "Feature"
    },
    {
      "geometry": {
        "coordinates": [
          127.4148193,
          36.3749097
        ],
        "type": "Point"
      },
      "properties": {
        "ac_pair_count": 4,
        "connected_physical_pair_count": 4,
        "coordinate_method": "LOCAL_OSM_PUBLIC_MAP_EXTRACT",
        "coordinate_tier": "GEO_C_STRONG_NAME_MATCH",
        "facility_type": "SUBSTATION",
        "fgn": "FGN0_000435",
        "highest_voltage_kv": 154,
        "hvdc_link_count": 0,
        "is_orphan": false,
        "legacy_gist_reference": false,
        "name": "대화",
        "nmi": "NMI000436",
        "voltage_band": "154",
        "voltage_classes": "154"
      },
      "type": "Feature"
    },
    {
      "geometry": {
        "coordinates": [
          127.0513967,
          37.8288955
        ],
        "type": "Point"
      },
      "properties": {
        "ac_pair_count": 2,
        "connected_physical_pair_count": 2,
        "coordinate_method": "LOCAL_OSM_PUBLIC_MAP_EXTRACT",
        "coordinate_tier": "GEO_C_STRONG_NAME_MATCH",
        "facility_type": "SUBSTATION",
        "fgn": "FGN0_000436",
        "highest_voltage_kv": 154,
        "hvdc_link_count": 0,
        "is_orphan": false,
        "legacy_gist_reference": false,
        "name": "덕계",
        "nmi": "NMI000437",
        "voltage_band": "154",
        "voltage_classes": "154"
      },
      "type": "Feature"
    },
    {
      "geometry": {
        "coordinates": [
          126.6690558,
          35.1802398
        ],
        "type": "Point"
      },
      "properties": {
        "ac_pair_count": 2,
        "connected_physical_pair_count": 2,
        "coordinate_method": "LOCAL_OSM_PUBLIC_MAP_EXTRACT",
        "coordinate_tier": "GEO_C_STRONG_NAME_MATCH",
        "facility_type": "SOURCE_SCOPED_UNRESOLVED",
        "fgn": "FGN0_000929",
        "highest_voltage_kv": 154,
        "hvdc_link_count": 0,
        "is_orphan": false,
        "legacy_gist_reference": false,
        "name": "덕림SS",
        "nmi": "",
        "voltage_band": "154",
        "voltage_classes": "154"
      },
      "type": "Feature"
    },
    {
      "geometry": {
        "coordinates": [
          127.4944617,
          36.914338
        ],
        "type": "Point"
      },
      "properties": {
        "ac_pair_count": 2,
        "connected_physical_pair_count": 2,
        "coordinate_method": "LOCAL_OSM_PUBLIC_MAP_EXTRACT",
        "coordinate_tier": "GEO_C_STRONG_NAME_MATCH",
        "facility_type": "SUBSTATION",
        "fgn": "FGN0_000437",
        "highest_voltage_kv": 154,
        "hvdc_link_count": 0,
        "is_orphan": false,
        "legacy_gist_reference": false,
        "name": "덕산",
        "nmi": "NMI000438",
        "voltage_band": "154",
        "voltage_classes": "154"
      },
      "type": "Feature"
    },
    {
      "geometry": {
        "coordinates": [
          127.21243454066708,
          37.17103793597725
        ],
        "type": "Point"
      },
      "properties": {
        "ac_pair_count": 2,
        "connected_physical_pair_count": 2,
        "coordinate_method": "OFFLINE_APPROVED_OFFICIAL_FACILITY_SITE_GEOMETRY_REPLAY",
        "coordinate_tier": "GEO_B_FACILITY_SITE",
        "facility_type": "SOURCE_SCOPED_UNRESOLVED",
        "fgn": "FGN0_000930",
        "highest_voltage_kv": 154,
        "hvdc_link_count": 0,
        "is_orphan": false,
        "legacy_gist_reference": false,
        "name": "덕성SS",
        "nmi": "",
        "voltage_band": "154",
        "voltage_classes": "154"
      },
      "type": "Feature"
    },
    {
      "geometry": {
        "coordinates": [
          127.2204191,
          37.5929792
        ],
        "type": "Point"
      },
      "properties": {
        "ac_pair_count": 6,
        "connected_physical_pair_count": 6,
        "coordinate_method": "LOCAL_OSM_PUBLIC_MAP_EXTRACT",
        "coordinate_tier": "GEO_C_STRONG_NAME_MATCH",
        "facility_type": "SUBSTATION",
        "fgn": "FGN0_000438",
        "highest_voltage_kv": 154,
        "hvdc_link_count": 0,
        "is_orphan": false,
        "legacy_gist_reference": false,
        "name": "덕소",
        "nmi": "NMI000439",
        "voltage_band": "154",
        "voltage_classes": "154"
      },
      "type": "Feature"
    },
    {
      "geometry": {
        "coordinates": [
          126.7320942,
          37.6872052
        ],
        "type": "Point"
      },
      "properties": {
        "ac_pair_count": 3,
        "connected_physical_pair_count": 3,
        "coordinate_method": "LOCAL_OSM_PUBLIC_MAP_EXTRACT",
        "coordinate_tier": "GEO_C_STRONG_NAME_MATCH",
        "facility_type": "SUBSTATION",
        "fgn": "FGN0_000439",
        "highest_voltage_kv": 154,
        "hvdc_link_count": 0,
        "is_orphan": false,
        "legacy_gist_reference": false,
        "name": "덕이",
        "nmi": "NMI000440",
        "voltage_band": "154",
        "voltage_classes": "154"
      },
      "type": "Feature"
    },
    {
      "geometry": {
        "coordinates": [
          127.3802514,
          36.4212871
        ],
        "type": "Point"
      },
      "properties": {
        "ac_pair_count": 5,
        "connected_physical_pair_count": 5,
        "coordinate_method": "LOCAL_OSM_PUBLIC_MAP_EXTRACT",
        "coordinate_tier": "GEO_C_STRONG_NAME_MATCH",
        "facility_type": "SUBSTATION",
        "fgn": "FGN0_000440",
        "highest_voltage_kv": 154,
        "hvdc_link_count": 0,
        "is_orphan": false,
        "legacy_gist_reference": false,
        "name": "덕진",
        "nmi": "NMI000441",
        "voltage_band": "154",
        "voltage_classes": "154"
      },
      "type": "Feature"
    },
    {
      "geometry": {
        "coordinates": [
          128.9896586,
          35.1688443
        ],
        "type": "Point"
      },
      "properties": {
        "ac_pair_count": 2,
        "connected_physical_pair_count": 2,
        "coordinate_method": "LOCAL_OSM_PUBLIC_MAP_EXTRACT",
        "coordinate_tier": "GEO_C_STRONG_NAME_MATCH",
        "facility_type": "SUBSTATION",
        "fgn": "FGN0_000441",
        "highest_voltage_kv": 154,
        "hvdc_link_count": 0,
        "is_orphan": false,
        "legacy_gist_reference": false,
        "name": "덕포",
        "nmi": "NMI000442",
        "voltage_band": "154",
        "voltage_classes": "154"
      },
      "type": "Feature"
    },
    {
      "geometry": {
        "coordinates": [
          129.0335516,
          37.2191915
        ],
        "type": "Point"
      },
      "properties": {
        "ac_pair_count": 3,
        "connected_physical_pair_count": 3,
        "coordinate_method": "LOCAL_OSM_PUBLIC_MAP_EXTRACT",
        "coordinate_tier": "GEO_C_STRONG_NAME_MATCH",
        "facility_type": "SUBSTATION",
        "fgn": "FGN0_000442",
        "highest_voltage_kv": 154,
        "hvdc_link_count": 0,
        "is_orphan": false,
        "legacy_gist_reference": false,
        "name": "도계",
        "nmi": "NMI000443",
        "voltage_band": "154",
        "voltage_classes": "154"
      },
      "type": "Feature"
    },
    {
      "geometry": {
        "coordinates": [
          127.0541016,
          37.4883083
        ],
        "type": "Point"
      },
      "properties": {
        "ac_pair_count": 1,
        "connected_physical_pair_count": 1,
        "coordinate_method": "LOCAL_OSM_PUBLIC_MAP_EXTRACT",
        "coordinate_tier": "GEO_C_STRONG_NAME_MATCH",
        "facility_type": "SUBSTATION",
        "fgn": "FGN0_000443",
        "highest_voltage_kv": 154,
        "hvdc_link_count": 0,
        "is_orphan": false,
        "legacy_gist_reference": false,
        "name": "도곡",
        "nmi": "NMI000444",
        "voltage_band": "154",
        "voltage_classes": "154"
      },
      "type": "Feature"
    },
    {
      "geometry": {
        "coordinates": [
          126.7871369,
          37.507118
        ],
        "type": "Point"
      },
      "properties": {
        "ac_pair_count": 3,
        "connected_physical_pair_count": 3,
        "coordinate_method": "LOCAL_OSM_PUBLIC_MAP_EXTRACT",
        "coordinate_tier": "GEO_C_STRONG_NAME_MATCH",
        "facility_type": "SUBSTATION",
        "fgn": "FGN0_000444",
        "highest_voltage_kv": 154,
        "hvdc_link_count": 0,
        "is_orphan": false,
        "legacy_gist_reference": false,
        "name": "도당",
        "nmi": "NMI000445",
        "voltage_band": "154",
        "voltage_classes": "154"
      },
      "type": "Feature"
    },
    {
      "geometry": {
        "coordinates": [
          126.7545497,
          37.4232661
        ],
        "type": "Point"
      },
      "properties": {
        "ac_pair_count": 2,
        "connected_physical_pair_count": 2,
        "coordinate_method": "LOCAL_OSM_PUBLIC_MAP_EXTRACT",
        "coordinate_tier": "GEO_C_STRONG_NAME_MATCH",
        "facility_type": "SUBSTATION",
        "fgn": "FGN0_000445",
        "highest_voltage_kv": 154,
        "hvdc_link_count": 0,
        "is_orphan": false,
        "legacy_gist_reference": false,
        "name": "도림",
        "nmi": "NMI000446",
        "voltage_band": "154",
        "voltage_classes": "154"
      },
      "type": "Feature"
    },
    {
      "geometry": {
        "coordinates": [
          128.43609567515412,
          36.19335340053469
        ],
        "type": "Point"
      },
      "properties": {
        "ac_pair_count": 1,
        "connected_physical_pair_count": 1,
        "coordinate_method": "OFFLINE_APPROVED_OFFICIAL_FACILITY_SITE_GEOMETRY_REPLAY",
        "coordinate_tier": "GEO_B_FACILITY_SITE",
        "facility_type": "SOURCE_SCOPED_UNRESOLVED",
        "fgn": "FGN0_000931",
        "highest_voltage_kv": 154,
        "hvdc_link_count": 0,
        "is_orphan": false,
        "legacy_gist_reference": false,
        "name": "도중SS",
        "nmi": "",
        "voltage_band": "154",
        "voltage_classes": "154"
      },
      "type": "Feature"
    },
    {
      "geometry": {
        "coordinates": [
          126.8979988,
          37.4725687
        ],
        "type": "Point"
      },
      "properties": {
        "ac_pair_count": 4,
        "connected_physical_pair_count": 4,
        "coordinate_method": "LOCAL_OSM_PUBLIC_MAP_EXTRACT",
        "coordinate_tier": "GEO_C_STRONG_NAME_MATCH",
        "facility_type": "SUBSTATION",
        "fgn": "FGN0_000447",
        "highest_voltage_kv": 154,
        "hvdc_link_count": 0,
        "is_orphan": false,
        "legacy_gist_reference": false,
        "name": "독산",
        "nmi": "NMI000448",
        "voltage_band": "154",
        "voltage_classes": "154"
      },
      "type": "Feature"
    },
    {
      "geometry": {
        "coordinates": [
          127.0107834,
          37.590883
        ],
        "type": "Point"
      },
      "properties": {
        "ac_pair_count": 2,
        "connected_physical_pair_count": 2,
        "coordinate_method": "LOCAL_OSM_PUBLIC_MAP_EXTRACT",
        "coordinate_tier": "GEO_C_STRONG_NAME_MATCH",
        "facility_type": "SUBSTATION",
        "fgn": "FGN0_000448",
        "highest_voltage_kv": 154,
        "hvdc_link_count": 0,
        "is_orphan": false,
        "legacy_gist_reference": false,
        "name": "돈암",
        "nmi": "NMI000449",
        "voltage_band": "154",
        "voltage_classes": "154"
      },
      "type": "Feature"
    },
    {
      "geometry": {
        "coordinates": [
          126.7364212,
          35.9825947
        ],
        "type": "Point"
      },
      "properties": {
        "ac_pair_count": 3,
        "connected_physical_pair_count": 3,
        "coordinate_method": "LOCAL_OSM_PUBLIC_MAP_EXTRACT",
        "coordinate_tier": "GEO_C_STRONG_NAME_MATCH",
        "facility_type": "SUBSTATION",
        "fgn": "FGN0_000449",
        "highest_voltage_kv": 154,
        "hvdc_link_count": 0,
        "is_orphan": false,
        "legacy_gist_reference": false,
        "name": "동군산",
        "nmi": "NMI000450",
        "voltage_band": "154",
        "voltage_classes": "154"
      },
      "type": "Feature"
    },
    {
      "geometry": {
        "coordinates": [
          127.1321686,
          37.4759903
        ],
        "type": "Point"
      },
      "properties": {
        "ac_pair_count": 3,
        "connected_physical_pair_count": 3,
        "coordinate_method": "LOCAL_OSM_PUBLIC_MAP_EXTRACT",
        "coordinate_tier": "GEO_C_STRONG_NAME_MATCH",
        "facility_type": "SUBSTATION",
        "fgn": "FGN0_000450",
        "highest_voltage_kv": 154,
        "hvdc_link_count": 0,
        "is_orphan": false,
        "legacy_gist_reference": false,
        "name": "동남",
        "nmi": "NMI000451",
        "voltage_band": "154",
        "voltage_classes": "154"
      },
      "type": "Feature"
    },
    {
      "geometry": {
        "coordinates": [
          127.4391924,
          36.3235269
        ],
        "type": "Point"
      },
      "properties": {
        "ac_pair_count": 3,
        "connected_physical_pair_count": 3,
        "coordinate_method": "LOCAL_OSM_PUBLIC_MAP_EXTRACT",
        "coordinate_tier": "GEO_C_STRONG_NAME_MATCH",
        "facility_type": "SUBSTATION",
        "fgn": "FGN0_000451",
        "highest_voltage_kv": 154,
        "hvdc_link_count": 0,
        "is_orphan": false,
        "legacy_gist_reference": false,
        "name": "동대전",
        "nmi": "NMI000452",
        "voltage_band": "154",
        "voltage_classes": "154"
      },
      "type": "Feature"
    },
    {
      "geometry": {
        "coordinates": [
          127.05766959612225,
          37.88299679807599
        ],
        "type": "Point"
      },
      "properties": {
        "ac_pair_count": 2,
        "connected_physical_pair_count": 2,
        "coordinate_method": "OFFICIAL_EXACT_PNU_PARCEL_INTERIOR_REPRESENTATIVE_POINT",
        "coordinate_tier": "GEO_B_FACILITY_SITE",
        "facility_type": "SUBSTATION",
        "fgn": "FGN0_000452",
        "highest_voltage_kv": 154,
        "hvdc_link_count": 0,
        "is_orphan": false,
        "legacy_gist_reference": false,
        "name": "동두천",
        "nmi": "NMI000453",
        "voltage_band": "154",
        "voltage_classes": "154"
      },
      "type": "Feature"
    },
    {
      "geometry": {
        "coordinates": [
          127.088460062655,
          37.899377390271
        ],
        "type": "Point"
      },
      "properties": {
        "ac_pair_count": 3,
        "connected_physical_pair_count": 3,
        "coordinate_method": "USER_PROVIDED_INDEPENDENT_WEB_VERIFICATION_WITH_EXACT_IDENTITY_EVIDENCE",
        "coordinate_tier": "GEO_C_STRONG_NAME_MATCH",
        "facility_type": "PLANT_SWITCHYARD",
        "fgn": "FGN0_000045",
        "highest_voltage_kv": 345,
        "hvdc_link_count": 0,
        "is_orphan": false,
        "legacy_gist_reference": false,
        "name": "동두천C/C",
        "nmi": "NMI000045",
        "voltage_band": "345",
        "voltage_classes": "345"
      },
      "type": "Feature"
    },
    {
      "geometry": {
        "coordinates": [
          129.08379774798385,
          35.20057454203872
        ],
        "type": "Point"
      },
      "properties": {
        "ac_pair_count": 1,
        "connected_physical_pair_count": 1,
        "coordinate_method": "V6_LOCAL_EUM_VWORLD_EXACT_NAMED_FACILITY_POLYGON",
        "coordinate_tier": "GEO_C_STRONG_NAME_MATCH",
        "facility_type": "SUBSTATION",
        "fgn": "FGN0_000453",
        "highest_voltage_kv": 154,
        "hvdc_link_count": 0,
        "is_orphan": false,
        "legacy_gist_reference": false,
        "name": "동래",
        "nmi": "NMI000454",
        "voltage_band": "154",
        "voltage_classes": "154"
      },
      "type": "Feature"
    },
    {
      "geometry": {
        "coordinates": [
          127.162342,
          37.2577531
        ],
        "type": "Point"
      },
      "properties": {
        "ac_pair_count": 1,
        "connected_physical_pair_count": 1,
        "coordinate_method": "LOCAL_OSM_PUBLIC_MAP_EXTRACT",
        "coordinate_tier": "GEO_C_STRONG_NAME_MATCH",
        "facility_type": "SUBSTATION",
        "fgn": "FGN0_000454",
        "highest_voltage_kv": 154,
        "hvdc_link_count": 0,
        "is_orphan": false,
        "legacy_gist_reference": false,
        "name": "동백",
        "nmi": "NMI000455",
        "voltage_band": "154",
        "voltage_classes": "154"
      },
      "type": "Feature"
    },
    {
      "geometry": {
        "coordinates": [
          126.9739906,
          37.5231727
        ],
        "type": "Point"
      },
      "properties": {
        "ac_pair_count": 3,
        "connected_physical_pair_count": 3,
        "coordinate_method": "LOCAL_OSM_PUBLIC_MAP_EXTRACT",
        "coordinate_tier": "GEO_C_STRONG_NAME_MATCH",
        "facility_type": "SUBSTATION",
        "fgn": "FGN0_000455",
        "highest_voltage_kv": 154,
        "hvdc_link_count": 0,
        "is_orphan": false,
        "legacy_gist_reference": false,
        "name": "동빙고",
        "nmi": "NMI000456",
        "voltage_band": "154",
        "voltage_classes": "154"
      },
      "type": "Feature"
    },
    {
      "geometry": {
        "coordinates": [
          128.14822243152852,
          36.4197639022872
        ],
        "type": "Point"
      },
      "properties": {
        "ac_pair_count": 1,
        "connected_physical_pair_count": 1,
        "coordinate_method": "OFFLINE_APPROVED_OFFICIAL_FACILITY_SITE_GEOMETRY_REPLAY",
        "coordinate_tier": "GEO_B_FACILITY_SITE",
        "facility_type": "SOURCE_SCOPED_UNRESOLVED",
        "fgn": "FGN0_000932",
        "highest_voltage_kv": 154,
        "hvdc_link_count": 0,
        "is_orphan": false,
        "legacy_gist_reference": false,
        "name": "동상주SS",
        "nmi": "",
        "voltage_band": "154",
        "voltage_classes": "154"
      },
      "type": "Feature"
    },
    {
      "geometry": {
        "coordinates": [
          127.16723993778352,
          37.51107426725599
        ],
        "type": "Point"
      },
      "properties": {
        "ac_pair_count": 10,
        "connected_physical_pair_count": 10,
        "coordinate_method": "VWORLD_EUM_KEPCO_IDENTITY_CHAIN",
        "coordinate_tier": "GEO_A_CANONICAL",
        "facility_type": "SUBSTATION",
        "fgn": "FGN0_000047",
        "highest_voltage_kv": 345,
        "hvdc_link_count": 0,
        "is_orphan": false,
        "legacy_gist_reference": false,
        "name": "동서울",
        "nmi": "NMI000047",
        "voltage_band": "345",
        "voltage_classes": "154;345"
      },
      "type": "Feature"
    },
    {
      "geometry": {
        "coordinates": [
          126.6647789,
          37.3674482
        ],
        "type": "Point"
      },
      "properties": {
        "ac_pair_count": 1,
        "connected_physical_pair_count": 1,
        "coordinate_method": "LOCAL_OSM_PUBLIC_MAP_EXTRACT",
        "coordinate_tier": "GEO_C_STRONG_NAME_MATCH",
        "facility_type": "SUBSTATION",
        "fgn": "FGN0_000456",
        "highest_voltage_kv": 154,
        "hvdc_link_count": 0,
        "is_orphan": false,
        "legacy_gist_reference": false,
        "name": "동송도",
        "nmi": "NMI000457",
        "voltage_band": "154",
        "voltage_classes": "154"
      },
      "type": "Feature"
    },
    {
      "geometry": {
        "coordinates": [
          127.0511172,
          37.2616278
        ],
        "type": "Point"
      },
      "properties": {
        "ac_pair_count": 3,
        "connected_physical_pair_count": 3,
        "coordinate_method": "LOCAL_OSM_PUBLIC_MAP_EXTRACT",
        "coordinate_tier": "GEO_C_STRONG_NAME_MATCH",
        "facility_type": "SUBSTATION",
        "fgn": "FGN0_000457",
        "highest_voltage_kv": 154,
        "hvdc_link_count": 0,
        "is_orphan": false,
        "legacy_gist_reference": false,
        "name": "동수원",
        "nmi": "NMI000458",
        "voltage_band": "154",
        "voltage_classes": "154"
      },
      "type": "Feature"
    },
    {
      "geometry": {
        "coordinates": [
          126.723705,
          37.3324229
        ],
        "type": "Point"
      },
      "properties": {
        "ac_pair_count": 3,
        "connected_physical_pair_count": 3,
        "coordinate_method": "LOCAL_OSM_PUBLIC_MAP_EXTRACT",
        "coordinate_tier": "GEO_C_STRONG_NAME_MATCH",
        "facility_type": "SUBSTATION",
        "fgn": "FGN0_000458",
        "highest_voltage_kv": 154,
        "hvdc_link_count": 0,
        "is_orphan": false,
        "legacy_gist_reference": false,
        "name": "동시화",
        "nmi": "NMI000459",
        "voltage_band": "154",
        "voltage_classes": "154"
      },
      "type": "Feature"
    },
    {
      "geometry": {
        "coordinates": [
          128.7775682,
          36.5288497
        ],
        "type": "Point"
      },
      "properties": {
        "ac_pair_count": 3,
        "connected_physical_pair_count": 3,
        "coordinate_method": "LOCAL_OSM_PUBLIC_MAP_EXTRACT",
        "coordinate_tier": "GEO_C_STRONG_NAME_MATCH",
        "facility_type": "SUBSTATION",
        "fgn": "FGN0_000459",
        "highest_voltage_kv": 154,
        "hvdc_link_count": 0,
        "is_orphan": false,
        "legacy_gist_reference": false,
        "name": "동안동",
        "nmi": "NMI000460",
        "voltage_band": "154",
        "voltage_classes": "154"
      },
      "type": "Feature"
    },
    {
      "geometry": {
        "coordinates": [
          126.9729496,
          37.3817036
        ],
        "type": "Point"
      },
      "properties": {
        "ac_pair_count": 4,
        "connected_physical_pair_count": 4,
        "coordinate_method": "LOCAL_OSM_PUBLIC_MAP_EXTRACT",
        "coordinate_tier": "GEO_C_STRONG_NAME_MATCH",
        "facility_type": "SUBSTATION",
        "fgn": "FGN0_000460",
        "highest_voltage_kv": 154,
        "hvdc_link_count": 0,
        "is_orphan": false,
        "legacy_gist_reference": false,
        "name": "동안양",
        "nmi": "NMI000461",
        "voltage_band": "154",
        "voltage_classes": "154"
      },
      "type": "Feature"
    },
    {
      "geometry": {
        "coordinates": [
          128.6251753,
          37.1867742
        ],
        "type": "Point"
      },
      "properties": {
        "ac_pair_count": 1,
        "connected_physical_pair_count": 1,
        "coordinate_method": "LOCAL_OSM_PUBLIC_MAP_EXTRACT",
        "coordinate_tier": "GEO_C_STRONG_NAME_MATCH",
        "facility_type": "SUBSTATION",
        "fgn": "FGN0_000461",
        "highest_voltage_kv": 154,
        "hvdc_link_count": 0,
        "is_orphan": false,
        "legacy_gist_reference": false,
        "name": "동영월",
        "nmi": "NMI000462",
        "voltage_band": "154",
        "voltage_classes": "154"
      },
      "type": "Feature"
    },
    {
      "geometry": {
        "coordinates": [
          129.3924653,
          35.6514997
        ],
        "type": "Point"
      },
      "properties": {
        "ac_pair_count": 6,
        "connected_physical_pair_count": 6,
        "coordinate_method": "LOCAL_OSM_PUBLIC_MAP_EXTRACT",
        "coordinate_tier": "GEO_C_STRONG_NAME_MATCH",
        "facility_type": "SUBSTATION",
        "fgn": "FGN0_000048",
        "highest_voltage_kv": 345,
        "hvdc_link_count": 0,
        "is_orphan": false,
        "legacy_gist_reference": false,
        "name": "동울산",
        "nmi": "NMI000048",
        "voltage_band": "345",
        "voltage_classes": "154;345"
      },
      "type": "Feature"
    },
    {
      "geometry": {
        "coordinates": [
          127.9759091,
          37.3292529
        ],
        "type": "Point"
      },
      "properties": {
        "ac_pair_count": 1,
        "connected_physical_pair_count": 1,
        "coordinate_method": "LOCAL_OSM_PUBLIC_MAP_EXTRACT",
        "coordinate_tier": "GEO_C_STRONG_NAME_MATCH",
        "facility_type": "SUBSTATION",
        "fgn": "FGN0_000462",
        "highest_voltage_kv": 154,
        "hvdc_link_count": 0,
        "is_orphan": false,
        "legacy_gist_reference": false,
        "name": "동원주",
        "nmi": "NMI000463",
        "voltage_band": "154",
        "voltage_classes": "154"
      },
      "type": "Feature"
    },
    {
      "geometry": {
        "coordinates": [
          128.6761491,
          35.2889039
        ],
        "type": "Point"
      },
      "properties": {
        "ac_pair_count": 3,
        "connected_physical_pair_count": 3,
        "coordinate_method": "LOCAL_OSM_PUBLIC_MAP_EXTRACT",
        "coordinate_tier": "GEO_C_STRONG_NAME_MATCH",
        "facility_type": "SUBSTATION",
        "fgn": "FGN0_000463",
        "highest_voltage_kv": 154,
        "hvdc_link_count": 0,
        "is_orphan": false,
        "legacy_gist_reference": false,
        "name": "동읍",
        "nmi": "NMI000464",
        "voltage_band": "154",
        "voltage_classes": "154"
      },
      "type": "Feature"
    },
    {
      "geometry": {
        "coordinates": [
          128.6014427,
          35.8726635
        ],
        "type": "Point"
      },
      "properties": {
        "ac_pair_count": 3,
        "connected_physical_pair_count": 3,
        "coordinate_method": "LOCAL_OSM_PUBLIC_MAP_EXTRACT",
        "coordinate_tier": "GEO_C_STRONG_NAME_MATCH",
        "facility_type": "SUBSTATION",
        "fgn": "FGN0_000464",
        "highest_voltage_kv": 154,
        "hvdc_link_count": 0,
        "is_orphan": false,
        "legacy_gist_reference": false,
        "name": "동인",
        "nmi": "NMI000465",
        "voltage_band": "154",
        "voltage_classes": "154"
      },
      "type": "Feature"
    },
    {
      "geometry": {
        "coordinates": [
          127.17936440536764,
          35.84225712185187
        ],
        "type": "Point"
      },
      "properties": {
        "ac_pair_count": 3,
        "connected_physical_pair_count": 3,
        "coordinate_method": "VWORLD_EUM_KEPCO_IDENTITY_CHAIN",
        "coordinate_tier": "GEO_A_CANONICAL",
        "facility_type": "SUBSTATION",
        "fgn": "FGN0_000049",
        "highest_voltage_kv": 345,
        "hvdc_link_count": 0,
        "is_orphan": false,
        "legacy_gist_reference": false,
        "name": "동전주",
        "nmi": "NMI000049",
        "voltage_band": "345",
        "voltage_classes": "154;345"
      },
      "type": "Feature"
    },
    {
      "geometry": {
        "coordinates": [
          126.55363704313595,
          33.50189256783216
        ],
        "type": "Point"
      },
      "properties": {
        "ac_pair_count": 4,
        "connected_physical_pair_count": 4,
        "coordinate_method": "Official exact-PNU parcel, EPSG:900913 to EPSG:5179 interior representative_point then EPSG:4326",
        "coordinate_tier": "GEO_B_FACILITY_SITE",
        "facility_type": "SUBSTATION",
        "fgn": "FGN0_000465",
        "highest_voltage_kv": 154,
        "hvdc_link_count": 0,
        "is_orphan": false,
        "legacy_gist_reference": false,
        "name": "동제주",
        "nmi": "NMI000466",
        "voltage_band": "154",
        "voltage_classes": "154"
      },
      "type": "Feature"
    },
    {
      "geometry": {
        "coordinates": [
          128.1430907,
          35.1836791
        ],
        "type": "Point"
      },
      "properties": {
        "ac_pair_count": 2,
        "connected_physical_pair_count": 2,
        "coordinate_method": "LOCAL_OSM_PUBLIC_MAP_EXTRACT",
        "coordinate_tier": "GEO_C_STRONG_NAME_MATCH",
        "facility_type": "SUBSTATION",
        "fgn": "FGN0_000466",
        "highest_voltage_kv": 154,
        "hvdc_link_count": 0,
        "is_orphan": false,
        "legacy_gist_reference": false,
        "name": "동진주",
        "nmi": "NMI000467",
        "voltage_band": "154",
        "voltage_classes": "154"
      },
      "type": "Feature"
    },
    {
      "geometry": {
        "coordinates": [
          127.329864,
          36.7694358
        ],
        "type": "Point"
      },
      "properties": {
        "ac_pair_count": 3,
        "connected_physical_pair_count": 3,
        "coordinate_method": "LOCAL_OSM_PUBLIC_MAP_EXTRACT",
        "coordinate_tier": "GEO_C_STRONG_NAME_MATCH",
        "facility_type": "SUBSTATION",
        "fgn": "FGN0_000467",
        "highest_voltage_kv": 154,
        "hvdc_link_count": 0,
        "is_orphan": false,
        "legacy_gist_reference": false,
        "name": "동천안",
        "nmi": "NMI000468",
        "voltage_band": "154",
        "voltage_classes": "154"
      },
      "type": "Feature"
    },
    {
      "geometry": {
        "coordinates": [
          126.6740567,
          37.3957538
        ],
        "type": "Point"
      },
      "properties": {
        "ac_pair_count": 4,
        "connected_physical_pair_count": 4,
        "coordinate_method": "LOCAL_OSM_PUBLIC_MAP_EXTRACT",
        "coordinate_tier": "GEO_C_STRONG_NAME_MATCH",
        "facility_type": "SUBSTATION",
        "fgn": "FGN0_000468",
        "highest_voltage_kv": 154,
        "hvdc_link_count": 0,
        "is_orphan": false,
        "legacy_gist_reference": false,
        "name": "동춘",
        "nmi": "NMI000469",
        "voltage_band": "154",
        "voltage_classes": "154"
      },
      "type": "Feature"
    },
    {
      "geometry": {
        "coordinates": [
          127.1179529,
          37.2172702
        ],
        "type": "Point"
      },
      "properties": {
        "ac_pair_count": 2,
        "connected_physical_pair_count": 2,
        "coordinate_method": "LOCAL_OSM_PUBLIC_MAP_EXTRACT",
        "coordinate_tier": "GEO_C_STRONG_NAME_MATCH",
        "facility_type": "SUBSTATION",
        "fgn": "FGN0_000469",
        "highest_voltage_kv": 154,
        "hvdc_link_count": 0,
        "is_orphan": false,
        "legacy_gist_reference": false,
        "name": "동탄",
        "nmi": "NMI000470",
        "voltage_band": "154",
        "voltage_classes": "154"
      },
      "type": "Feature"
    },
    {
      "geometry": {
        "coordinates": [
          127.105485,
          37.3936493
        ],
        "type": "Point"
      },
      "properties": {
        "ac_pair_count": 2,
        "connected_physical_pair_count": 2,
        "coordinate_method": "LOCAL_OSM_PUBLIC_MAP_EXTRACT",
        "coordinate_tier": "GEO_C_STRONG_NAME_MATCH",
        "facility_type": "SUBSTATION",
        "fgn": "FGN0_000470",
        "highest_voltage_kv": 154,
        "hvdc_link_count": 0,
        "is_orphan": false,
        "legacy_gist_reference": false,
        "name": "동판교",
        "nmi": "NMI000472",
        "voltage_band": "154",
        "voltage_classes": "154"
      },
      "type": "Feature"
    },
    {
      "geometry": {
        "coordinates": [
          127.0365323,
          37.0443726
        ],
        "type": "Point"
      },
      "properties": {
        "ac_pair_count": 1,
        "connected_physical_pair_count": 1,
        "coordinate_method": "V8_OFFICIAL_IDENTITY_PLUS_EXACT_NAMED_OSM_SUBSTATION_POLYGON",
        "coordinate_tier": "GEO_C_STRONG_NAME_MATCH",
        "facility_type": "SUBSTATION",
        "fgn": "FGN0_000050",
        "highest_voltage_kv": 345,
        "hvdc_link_count": 0,
        "is_orphan": false,
        "legacy_gist_reference": false,
        "name": "동평택",
        "nmi": "NMI000050",
        "voltage_band": "345",
        "voltage_classes": "154;345"
      },
      "type": "Feature"
    },
    {
      "geometry": {
        "coordinates": [
          129.1000134915126,
          37.51026779387998
        ],
        "type": "Point"
      },
      "properties": {
        "ac_pair_count": 12,
        "connected_physical_pair_count": 12,
        "coordinate_method": "VWORLD_EUM_INDEPENDENT_OFFICIAL_IDENTITY_CHAIN",
        "coordinate_tier": "GEO_A_CANONICAL",
        "facility_type": "SUBSTATION",
        "fgn": "FGN0_000051",
        "highest_voltage_kv": 345,
        "hvdc_link_count": 0,
        "is_orphan": false,
        "legacy_gist_reference": false,
        "name": "동해",
        "nmi": "NMI000051",
        "voltage_band": "345",
        "voltage_classes": "154;345"
      },
      "type": "Feature"
    },
    {
      "geometry": {
        "coordinates": [
          128.5584929,
          35.853813
        ],
        "type": "Point"
      },
      "properties": {
        "ac_pair_count": 2,
        "connected_physical_pair_count": 2,
        "coordinate_method": "LOCAL_OSM_PUBLIC_MAP_EXTRACT",
        "coordinate_tier": "GEO_C_STRONG_NAME_MATCH",
        "facility_type": "SUBSTATION",
        "fgn": "FGN0_000471",
        "highest_voltage_kv": 154,
        "hvdc_link_count": 0,
        "is_orphan": false,
        "legacy_gist_reference": false,
        "name": "두류",
        "nmi": "NMI000473",
        "voltage_band": "154",
        "voltage_classes": "154"
      },
      "type": "Feature"
    },
    {
      "geometry": {
        "coordinates": [
          127.231056,
          36.2986766
        ],
        "type": "Point"
      },
      "properties": {
        "ac_pair_count": 2,
        "connected_physical_pair_count": 2,
        "coordinate_method": "LOCAL_OSM_PUBLIC_MAP_EXTRACT",
        "coordinate_tier": "GEO_C_STRONG_NAME_MATCH",
        "facility_type": "SUBSTATION",
        "fgn": "FGN0_000053",
        "highest_voltage_kv": 345,
        "hvdc_link_count": 0,
        "is_orphan": false,
        "legacy_gist_reference": false,
        "name": "두마",
        "nmi": "NMI000053",
        "voltage_band": "345",
        "voltage_classes": "154;345"
      },
      "type": "Feature"
    },
    {
      "geometry": {
        "coordinates": [
          129.30679333968243,
          35.503707074274196
        ],
        "type": "Point"
      },
      "properties": {
        "ac_pair_count": 1,
        "connected_physical_pair_count": 1,
        "coordinate_method": "OFFLINE_APPROVED_OFFICIAL_FACILITY_SITE_GEOMETRY_REPLAY",
        "coordinate_tier": "GEO_B_FACILITY_SITE",
        "facility_type": "SOURCE_SCOPED_UNRESOLVED",
        "fgn": "FGN0_000933",
        "highest_voltage_kv": 154,
        "hvdc_link_count": 0,
        "is_orphan": false,
        "legacy_gist_reference": false,
        "name": "두왕SS",
        "nmi": "",
        "voltage_band": "154",
        "voltage_classes": "154"
      },
      "type": "Feature"
    },
    {
      "geometry": {
        "coordinates": [
          127.3505011241665,
          36.446032102354195
        ],
        "type": "Point"
      },
      "properties": {
        "ac_pair_count": 2,
        "connected_physical_pair_count": 2,
        "coordinate_method": "OFFLINE_APPROVED_OFFICIAL_FACILITY_SITE_GEOMETRY_REPLAY",
        "coordinate_tier": "GEO_B_FACILITY_SITE",
        "facility_type": "SOURCE_SCOPED_UNRESOLVED",
        "fgn": "FGN0_000934",
        "highest_voltage_kv": 154,
        "hvdc_link_count": 0,
        "is_orphan": false,
        "legacy_gist_reference": false,
        "name": "둔곡SS",
        "nmi": "",
        "voltage_band": "154",
        "voltage_classes": "154"
      },
      "type": "Feature"
    },
    {
      "geometry": {
        "coordinates": [
          128.1802896,
          37.490704
        ],
        "type": "Point"
      },
      "properties": {
        "ac_pair_count": 2,
        "connected_physical_pair_count": 2,
        "coordinate_method": "LOCAL_OSM_PUBLIC_MAP_EXTRACT",
        "coordinate_tier": "GEO_C_STRONG_NAME_MATCH",
        "facility_type": "SUBSTATION",
        "fgn": "FGN0_000472",
        "highest_voltage_kv": 154,
        "hvdc_link_count": 0,
        "is_orphan": false,
        "legacy_gist_reference": false,
        "name": "둔내",
        "nmi": "NMI000474",
        "voltage_band": "154",
        "voltage_classes": "154"
      },
      "type": "Feature"
    },
    {
      "geometry": {
        "coordinates": [
          127.3771624,
          36.3566373
        ],
        "type": "Point"
      },
      "properties": {
        "ac_pair_count": 2,
        "connected_physical_pair_count": 2,
        "coordinate_method": "LOCAL_OSM_PUBLIC_MAP_EXTRACT",
        "coordinate_tier": "GEO_C_STRONG_NAME_MATCH",
        "facility_type": "SUBSTATION",
        "fgn": "FGN0_000473",
        "highest_voltage_kv": 154,
        "hvdc_link_count": 0,
        "is_orphan": false,
        "legacy_gist_reference": false,
        "name": "둔산",
        "nmi": "NMI000475",
        "voltage_band": "154",
        "voltage_classes": "154"
      },
      "type": "Feature"
    },
    {
      "geometry": {
        "coordinates": [
          127.37707145093506,
          36.35637915416816
        ],
        "type": "Point"
      },
      "properties": {
        "ac_pair_count": 1,
        "connected_physical_pair_count": 1,
        "coordinate_method": "V12_EXTERNAL_SEED_EXACT_LOCATOR_RECOVERY",
        "coordinate_tier": "GEO_B_OFFICIAL_ADDRESS",
        "facility_type": "SUBSTATION",
        "fgn": "FGN0_000474",
        "highest_voltage_kv": 154,
        "hvdc_link_count": 0,
        "is_orphan": false,
        "legacy_gist_reference": false,
        "name": "둔지",
        "nmi": "NMI000476",
        "voltage_band": "154",
        "voltage_classes": "154"
      },
      "type": "Feature"
    },
    {
      "geometry": {
        "coordinates": [
          127.0867795,
          36.9196709
        ],
        "type": "Point"
      },
      "properties": {
        "ac_pair_count": 4,
        "connected_physical_pair_count": 4,
        "coordinate_method": "LOCAL_OSM_PUBLIC_MAP_EXTRACT",
        "coordinate_tier": "GEO_C_STRONG_NAME_MATCH",
        "facility_type": "SUBSTATION",
        "fgn": "FGN0_000475",
        "highest_voltage_kv": 154,
        "hvdc_link_count": 0,
        "is_orphan": false,
        "legacy_gist_reference": false,
        "name": "둔포",
        "nmi": "NMI000477",
        "voltage_band": "154",
        "voltage_classes": "154"
      },
      "type": "Feature"
    },
    {
      "geometry": {
        "coordinates": [
          126.8650558,
          37.551426
        ],
        "type": "Point"
      },
      "properties": {
        "ac_pair_count": 2,
        "connected_physical_pair_count": 2,
        "coordinate_method": "LOCAL_OSM_PUBLIC_MAP_EXTRACT",
        "coordinate_tier": "GEO_C_STRONG_NAME_MATCH",
        "facility_type": "SUBSTATION",
        "fgn": "FGN0_000476",
        "highest_voltage_kv": 154,
        "hvdc_link_count": 0,
        "is_orphan": false,
        "legacy_gist_reference": false,
        "name": "등촌",
        "nmi": "NMI000478",
        "voltage_band": "154",
        "voltage_classes": "154"
      },
      "type": "Feature"
    },
    {
      "geometry": {
        "coordinates": [
          127.0695626,
          37.5361487
        ],
        "type": "Point"
      },
      "properties": {
        "ac_pair_count": 2,
        "connected_physical_pair_count": 2,
        "coordinate_method": "LOCAL_OSM_PUBLIC_MAP_EXTRACT",
        "coordinate_tier": "GEO_C_STRONG_NAME_MATCH",
        "facility_type": "SUBSTATION",
        "fgn": "FGN0_000477",
        "highest_voltage_kv": 154,
        "hvdc_link_count": 0,
        "is_orphan": false,
        "legacy_gist_reference": false,
        "name": "뚝도",
        "nmi": "NMI000479",
        "voltage_band": "154",
        "voltage_classes": "154"
      },
      "type": "Feature"
    },
    {
      "geometry": {
        "coordinates": [
          127.72808786178851,
          34.85202713355424
        ],
        "type": "Point"
      },
      "properties": {
        "ac_pair_count": 1,
        "connected_physical_pair_count": 1,
        "coordinate_method": "OFFLINE_APPROVED_OFFICIAL_GEOMETRY_REPLAY",
        "coordinate_tier": "GEO_B_FACILITY_SITE",
        "facility_type": "SOURCE_SCOPED_UNRESOLVED",
        "fgn": "FGN0_000982",
        "highest_voltage_kv": 154,
        "hvdc_link_count": 0,
        "is_orphan": false,
        "legacy_gist_reference": false,
        "name": "린데코리아",
        "nmi": "",
        "voltage_band": "154",
        "voltage_classes": "154"
      },
      "type": "Feature"
    },
    {
      "geometry": {
        "coordinates": [
          126.821286,
          37.5563331
        ],
        "type": "Point"
      },
      "properties": {
        "ac_pair_count": 2,
        "connected_physical_pair_count": 2,
        "coordinate_method": "LOCAL_OSM_PUBLIC_MAP_EXTRACT",
        "coordinate_tier": "GEO_C_STRONG_NAME_MATCH",
        "facility_type": "SUBSTATION",
        "fgn": "FGN0_000478",
        "highest_voltage_kv": 154,
        "hvdc_link_count": 0,
        "is_orphan": false,
        "legacy_gist_reference": false,
        "name": "마곡",
        "nmi": "NMI000480",
        "voltage_band": "154",
        "voltage_classes": "154"
      },
      "type": "Feature"
    },
    {
      "geometry": {
        "coordinates": [
          126.7775492,
          37.1716449
        ],
        "type": "Point"
      },
      "properties": {
        "ac_pair_count": 3,
        "connected_physical_pair_count": 3,
        "coordinate_method": "LOCAL_OSM_PUBLIC_MAP_EXTRACT",
        "coordinate_tier": "GEO_C_STRONG_NAME_MATCH",
        "facility_type": "SUBSTATION",
        "fgn": "FGN0_000479",
        "highest_voltage_kv": 154,
        "hvdc_link_count": 0,
        "is_orphan": false,
        "legacy_gist_reference": false,
        "name": "마도",
        "nmi": "NMI000481",
        "voltage_band": "154",
        "voltage_classes": "154"
      },
      "type": "Feature"
    },
    {
      "geometry": {
        "coordinates": [
          127.1069749,
          37.294303
        ],
        "type": "Point"
      },
      "properties": {
        "ac_pair_count": 1,
        "connected_physical_pair_count": 1,
        "coordinate_method": "LOCAL_OSM_PUBLIC_MAP_EXTRACT",
        "coordinate_tier": "GEO_C_STRONG_NAME_MATCH",
        "facility_type": "SUBSTATION",
        "fgn": "FGN0_000480",
        "highest_voltage_kv": 154,
        "hvdc_link_count": 0,
        "is_orphan": false,
        "legacy_gist_reference": false,
        "name": "마북",
        "nmi": "NMI000482",
        "voltage_band": "154",
        "voltage_classes": "154"
      },
      "type": "Feature"
    },
    {
      "geometry": {
        "coordinates": [
          128.5766823,
          35.2251269
        ],
        "type": "Point"
      },
      "properties": {
        "ac_pair_count": 2,
        "connected_physical_pair_count": 2,
        "coordinate_method": "LOCAL_OSM_PUBLIC_MAP_EXTRACT",
        "coordinate_tier": "GEO_C_STRONG_NAME_MATCH",
        "facility_type": "SUBSTATION",
        "fgn": "FGN0_000481",
        "highest_voltage_kv": 154,
        "hvdc_link_count": 0,
        "is_orphan": false,
        "legacy_gist_reference": false,
        "name": "마산",
        "nmi": "NMI000483",
        "voltage_band": "154",
        "voltage_classes": "154"
      },
      "type": "Feature"
    },
    {
      "geometry": {
        "coordinates": [
          127.3464632,
          37.6569461
        ],
        "type": "Point"
      },
      "properties": {
        "ac_pair_count": 2,
        "connected_physical_pair_count": 2,
        "coordinate_method": "LOCAL_OSM_PUBLIC_MAP_EXTRACT",
        "coordinate_tier": "GEO_C_STRONG_NAME_MATCH",
        "facility_type": "SUBSTATION",
        "fgn": "FGN0_000482",
        "highest_voltage_kv": 154,
        "hvdc_link_count": 0,
        "is_orphan": false,
        "legacy_gist_reference": false,
        "name": "마석",
        "nmi": "NMI000484",
        "voltage_band": "154",
        "voltage_classes": "154"
      },
      "type": "Feature"
    },
    {
      "geometry": {
        "coordinates": [
          127.0334406,
          37.5679582
        ],
        "type": "Point"
      },
      "properties": {
        "ac_pair_count": 4,
        "connected_physical_pair_count": 4,
        "coordinate_method": "LOCAL_OSM_PUBLIC_MAP_EXTRACT",
        "coordinate_tier": "GEO_C_STRONG_NAME_MATCH",
        "facility_type": "SUBSTATION",
        "fgn": "FGN0_000483",
        "highest_voltage_kv": 154,
        "hvdc_link_count": 0,
        "is_orphan": false,
        "legacy_gist_reference": false,
        "name": "마장",
        "nmi": "NMI000485",
        "voltage_band": "154",
        "voltage_classes": "154"
      },
      "type": "Feature"
    },
    {
      "geometry": {
        "coordinates": [
          128.7826593,
          35.1190475
        ],
        "type": "Point"
      },
      "properties": {
        "ac_pair_count": 3,
        "connected_physical_pair_count": 3,
        "coordinate_method": "LOCAL_OSM_PUBLIC_MAP_EXTRACT",
        "coordinate_tier": "GEO_C_STRONG_NAME_MATCH",
        "facility_type": "SUBSTATION",
        "fgn": "FGN0_000054",
        "highest_voltage_kv": 345,
        "hvdc_link_count": 0,
        "is_orphan": false,
        "legacy_gist_reference": false,
        "name": "마천",
        "nmi": "NMI000054",
        "voltage_band": "345",
        "voltage_classes": "154;345"
      },
      "type": "Feature"
    },
    {
      "geometry": {
        "coordinates": [
          126.9465674,
          37.5420315
        ],
        "type": "Point"
      },
      "properties": {
        "ac_pair_count": 2,
        "connected_physical_pair_count": 2,
        "coordinate_method": "LOCAL_OSM_PUBLIC_MAP_EXTRACT",
        "coordinate_tier": "GEO_C_STRONG_NAME_MATCH",
        "facility_type": "SUBSTATION",
        "fgn": "FGN0_000484",
        "highest_voltage_kv": 154,
        "hvdc_link_count": 0,
        "is_orphan": false,
        "legacy_gist_reference": false,
        "name": "마포",
        "nmi": "NMI000486",
        "voltage_band": "154",
        "voltage_classes": "154"
      },
      "type": "Feature"
    },
    {
      "geometry": {
        "coordinates": [
          126.7316536,
          37.4414155
        ],
        "type": "Point"
      },
      "properties": {
        "ac_pair_count": 2,
        "connected_physical_pair_count": 2,
        "coordinate_method": "LOCAL_OSM_PUBLIC_MAP_EXTRACT",
        "coordinate_tier": "GEO_C_STRONG_NAME_MATCH",
        "facility_type": "SUBSTATION",
        "fgn": "FGN0_000485",
        "highest_voltage_kv": 154,
        "hvdc_link_count": 0,
        "is_orphan": false,
        "legacy_gist_reference": false,
        "name": "만수",
        "nmi": "NMI000487",
        "voltage_band": "154",
        "voltage_classes": "154"
      },
      "type": "Feature"
    },
    {
      "geometry": {
        "coordinates": [
          127.4317574170612,
          36.98547125350458
        ],
        "type": "Point"
      },
      "properties": {
        "ac_pair_count": 3,
        "connected_physical_pair_count": 3,
        "coordinate_method": "Official exact-PNU parcel, EPSG:900913 to EPSG:5179 interior representative_point then EPSG:4326",
        "coordinate_tier": "GEO_B_FACILITY_SITE",
        "facility_type": "SUBSTATION",
        "fgn": "FGN0_000486",
        "highest_voltage_kv": 154,
        "hvdc_link_count": 0,
        "is_orphan": false,
        "legacy_gist_reference": false,
        "name": "만승",
        "nmi": "NMI000488",
        "voltage_band": "154",
        "voltage_classes": "154"
      },
      "type": "Feature"
    },
    {
      "geometry": {
        "coordinates": [
          126.8456051,
          36.9719048
        ],
        "type": "Point"
      },
      "properties": {
        "ac_pair_count": 3,
        "connected_physical_pair_count": 3,
        "coordinate_method": "LOCAL_OSM_PUBLIC_MAP_EXTRACT",
        "coordinate_tier": "GEO_C_STRONG_NAME_MATCH",
        "facility_type": "SUBSTATION",
        "fgn": "FGN0_000487",
        "highest_voltage_kv": 154,
        "hvdc_link_count": 0,
        "is_orphan": false,
        "legacy_gist_reference": false,
        "name": "만호",
        "nmi": "NMI000489",
        "voltage_band": "154",
        "voltage_classes": "154"
      },
      "type": "Feature"
    },
    {
      "geometry": {
        "coordinates": [
          129.3635825303142,
          35.64747107503589
        ],
        "type": "Point"
      },
      "properties": {
        "ac_pair_count": 1,
        "connected_physical_pair_count": 1,
        "coordinate_method": "Official exact-PNU parcel, EPSG:900913 to EPSG:5179 interior representative_point then EPSG:4326",
        "coordinate_tier": "GEO_B_FACILITY_SITE",
        "facility_type": "SUBSTATION",
        "fgn": "FGN0_000488",
        "highest_voltage_kv": 154,
        "hvdc_link_count": 0,
        "is_orphan": false,
        "legacy_gist_reference": false,
        "name": "매곡",
        "nmi": "NMI000490",
        "voltage_band": "154",
        "voltage_classes": "154"
      },
      "type": "Feature"
    },
    {
      "geometry": {
        "coordinates": [
          128.950282245363,
          35.314259328337
        ],
        "type": "Point"
      },
      "properties": {
        "ac_pair_count": 2,
        "connected_physical_pair_count": 2,
        "coordinate_method": "CURRENT_KEPCO_EXACT_SITE_PLUS_OFFICIAL_GIMHAE_CADASTRAL_PARCEL",
        "coordinate_tier": "GEO_B_OFFICIAL_ADDRESS",
        "facility_type": "SUBSTATION",
        "fgn": "FGN0_000489",
        "highest_voltage_kv": 154,
        "hvdc_link_count": 0,
        "is_orphan": false,
        "legacy_gist_reference": false,
        "name": "매리",
        "nmi": "NMI000491",
        "voltage_band": "154",
        "voltage_classes": "154"
      },
      "type": "Feature"
    },
    {
      "geometry": {
        "coordinates": [
          129.3459879,
          35.5277494
        ],
        "type": "Point"
      },
      "properties": {
        "ac_pair_count": 2,
        "connected_physical_pair_count": 2,
        "coordinate_method": "LOCAL_OSM_PUBLIC_MAP_EXTRACT",
        "coordinate_tier": "GEO_C_STRONG_NAME_MATCH",
        "facility_type": "SUBSTATION",
        "fgn": "FGN0_000490",
        "highest_voltage_kv": 154,
        "hvdc_link_count": 0,
        "is_orphan": false,
        "legacy_gist_reference": false,
        "name": "매암",
        "nmi": "NMI000492",
        "voltage_band": "154",
        "voltage_classes": "154"
      },
      "type": "Feature"
    },
    {
      "geometry": {
        "coordinates": [
          126.8654175,
          35.1156179
        ],
        "type": "Point"
      },
      "properties": {
        "ac_pair_count": 2,
        "connected_physical_pair_count": 2,
        "coordinate_method": "LOCAL_OSM_PUBLIC_MAP_EXTRACT",
        "coordinate_tier": "GEO_C_STRONG_NAME_MATCH",
        "facility_type": "SUBSTATION",
        "fgn": "FGN0_000491",
        "highest_voltage_kv": 154,
        "hvdc_link_count": 0,
        "is_orphan": false,
        "legacy_gist_reference": false,
        "name": "매월",
        "nmi": "NMI000493",
        "voltage_band": "154",
        "voltage_classes": "154"
      },
      "type": "Feature"
    },
    {
      "geometry": {
        "coordinates": [
          128.9973938594854,
          36.23737303448158
        ],
        "type": "Point"
      },
      "properties": {
        "ac_pair_count": 4,
        "connected_physical_pair_count": 4,
        "coordinate_method": "V5_EXACT_ADDRESS_PARCEL_OR_OFFICIAL_POLYGON_RECOVERY",
        "coordinate_tier": "GEO_C_STRONG_NAME_MATCH",
        "facility_type": "PLANT_SWITCHYARD",
        "fgn": "FGN0_000055",
        "highest_voltage_kv": 345,
        "hvdc_link_count": 0,
        "is_orphan": false,
        "legacy_gist_reference": false,
        "name": "면봉산풍력",
        "nmi": "NMI000055",
        "voltage_band": "345",
        "voltage_classes": "345"
      },
      "type": "Feature"
    },
    {
      "geometry": {
        "coordinates": [
          129.25945930575728,
          35.3649134141243
        ],
        "type": "Point"
      },
      "properties": {
        "ac_pair_count": 4,
        "connected_physical_pair_count": 4,
        "coordinate_method": "VWORLD_EUM_KEPCO_IDENTITY_CHAIN",
        "coordinate_tier": "GEO_A_CANONICAL",
        "facility_type": "SUBSTATION",
        "fgn": "FGN0_000492",
        "highest_voltage_kv": 154,
        "hvdc_link_count": 0,
        "is_orphan": false,
        "legacy_gist_reference": false,
        "name": "명례",
        "nmi": "NMI000494",
        "voltage_band": "154",
        "voltage_classes": "154"
      },
      "type": "Feature"
    },
    {
      "geometry": {
        "coordinates": [
          129.1001979271288,
          35.20728012844314
        ],
        "type": "Point"
      },
      "properties": {
        "ac_pair_count": 3,
        "connected_physical_pair_count": 3,
        "coordinate_method": "V6_LOCAL_EUM_VWORLD_EXACT_NAMED_FACILITY_POLYGON",
        "coordinate_tier": "GEO_C_STRONG_NAME_MATCH",
        "facility_type": "SUBSTATION",
        "fgn": "FGN0_000493",
        "highest_voltage_kv": 154,
        "hvdc_link_count": 0,
        "is_orphan": false,
        "legacy_gist_reference": false,
        "name": "명장",
        "nmi": "NMI000495",
        "voltage_band": "154",
        "voltage_classes": "154"
      },
      "type": "Feature"
    },
    {
      "geometry": {
        "coordinates": [
          128.8986821,
          35.0915635
        ],
        "type": "Point"
      },
      "properties": {
        "ac_pair_count": 1,
        "connected_physical_pair_count": 1,
        "coordinate_method": "LOCAL_OSM_PUBLIC_MAP_EXTRACT",
        "coordinate_tier": "GEO_C_STRONG_NAME_MATCH",
        "facility_type": "SUBSTATION",
        "fgn": "FGN0_000056",
        "highest_voltage_kv": 345,
        "hvdc_link_count": 0,
        "is_orphan": false,
        "legacy_gist_reference": false,
        "name": "명지",
        "nmi": "NMI000056",
        "voltage_band": "345",
        "voltage_classes": "154;345"
      },
      "type": "Feature"
    },
    {
      "geometry": {
        "coordinates": [
          128.9864142,
          35.1818236
        ],
        "type": "Point"
      },
      "properties": {
        "ac_pair_count": 3,
        "connected_physical_pair_count": 3,
        "coordinate_method": "LOCAL_OSM_PUBLIC_MAP_EXTRACT",
        "coordinate_tier": "GEO_C_STRONG_NAME_MATCH",
        "facility_type": "SUBSTATION",
        "fgn": "FGN0_000494",
        "highest_voltage_kv": 154,
        "hvdc_link_count": 0,
        "is_orphan": false,
        "legacy_gist_reference": false,
        "name": "모라",
        "nmi": "NMI000496",
        "voltage_band": "154",
        "voltage_classes": "154"
      },
      "type": "Feature"
    },
    {
      "geometry": {
        "coordinates": [
          127.242917,
          37.3083408
        ],
        "type": "Point"
      },
      "properties": {
        "ac_pair_count": 2,
        "connected_physical_pair_count": 2,
        "coordinate_method": "LOCAL_OSM_PUBLIC_MAP_EXTRACT",
        "coordinate_tier": "GEO_C_STRONG_NAME_MATCH",
        "facility_type": "SUBSTATION",
        "fgn": "FGN0_000495",
        "highest_voltage_kv": 154,
        "hvdc_link_count": 0,
        "is_orphan": false,
        "legacy_gist_reference": false,
        "name": "모현",
        "nmi": "NMI000497",
        "voltage_band": "154",
        "voltage_classes": "154"
      },
      "type": "Feature"
    },
    {
      "geometry": {
        "coordinates": [
          126.7717363,
          37.303663
        ],
        "type": "Point"
      },
      "properties": {
        "ac_pair_count": 3,
        "connected_physical_pair_count": 3,
        "coordinate_method": "LOCAL_OSM_PUBLIC_MAP_EXTRACT",
        "coordinate_tier": "GEO_C_STRONG_NAME_MATCH",
        "facility_type": "SUBSTATION",
        "fgn": "FGN0_000496",
        "highest_voltage_kv": 154,
        "hvdc_link_count": 0,
        "is_orphan": false,
        "legacy_gist_reference": false,
        "name": "목내",
        "nmi": "NMI000498",
        "voltage_band": "154",
        "voltage_classes": "154"
      },
      "type": "Feature"
    },
    {
      "geometry": {
        "coordinates": [
          126.86885559625311,
          37.51980112611852
        ],
        "type": "Point"
      },
      "properties": {
        "ac_pair_count": 5,
        "connected_physical_pair_count": 5,
        "coordinate_method": "Official exact-PNU parcel, EPSG:900913 to EPSG:5179 interior representative_point then EPSG:4326",
        "coordinate_tier": "GEO_B_FACILITY_SITE",
        "facility_type": "SUBSTATION",
        "fgn": "FGN0_000497",
        "highest_voltage_kv": 154,
        "hvdc_link_count": 0,
        "is_orphan": false,
        "legacy_gist_reference": false,
        "name": "목동",
        "nmi": "NMI000499",
        "voltage_band": "154",
        "voltage_classes": "154"
      },
      "type": "Feature"
    },
    {
      "geometry": {
        "coordinates": [
          126.4185219,
          34.8195533
        ],
        "type": "Point"
      },
      "properties": {
        "ac_pair_count": 2,
        "connected_physical_pair_count": 2,
        "coordinate_method": "LOCAL_OSM_PUBLIC_MAP_EXTRACT",
        "coordinate_tier": "GEO_C_STRONG_NAME_MATCH",
        "facility_type": "SUBSTATION",
        "fgn": "FGN0_000498",
        "highest_voltage_kv": 154,
        "hvdc_link_count": 0,
        "is_orphan": false,
        "legacy_gist_reference": false,
        "name": "목포",
        "nmi": "NMI000500",
        "voltage_band": "154",
        "voltage_classes": "154"
      },
      "type": "Feature"
    },
    {
      "geometry": {
        "coordinates": [
          128.12771474678428,
          35.17868249971375
        ],
        "type": "Point"
      },
      "properties": {
        "ac_pair_count": 1,
        "connected_physical_pair_count": 1,
        "coordinate_method": "OFFICIAL_GEOMETRY_DERIVATION_REPLAYED",
        "coordinate_tier": "GEO_B_FACILITY_SITE",
        "facility_type": "SOURCE_SCOPED_UNRESOLVED",
        "fgn": "FGN0_000935",
        "highest_voltage_kv": 154,
        "hvdc_link_count": 0,
        "is_orphan": false,
        "legacy_gist_reference": false,
        "name": "무림파워텍",
        "nmi": "",
        "voltage_band": "154",
        "voltage_classes": "154"
      },
      "type": "Feature"
    },
    {
      "geometry": {
        "coordinates": [
          126.32316385988022,
          34.94517169269327
        ],
        "type": "Point"
      },
      "properties": {
        "ac_pair_count": 1,
        "connected_physical_pair_count": 1,
        "coordinate_method": "OFFLINE_APPROVED_OFFICIAL_FACILITY_SITE_GEOMETRY_REPLAY",
        "coordinate_tier": "GEO_B_FACILITY_SITE",
        "facility_type": "SOURCE_SCOPED_UNRESOLVED",
        "fgn": "FGN0_000936",
        "highest_voltage_kv": 154,
        "hvdc_link_count": 0,
        "is_orphan": false,
        "legacy_gist_reference": false,
        "name": "무안햇빛CS",
        "nmi": "",
        "voltage_band": "154",
        "voltage_classes": "154"
      },
      "type": "Feature"
    },
    {
      "geometry": {
        "coordinates": [
          127.6394408611405,
          36.00697218125413
        ],
        "type": "Point"
      },
      "properties": {
        "ac_pair_count": 3,
        "connected_physical_pair_count": 3,
        "coordinate_method": "Official exact-PNU parcel, EPSG:900913 to EPSG:5179 interior representative_point then EPSG:4326",
        "coordinate_tier": "GEO_B_FACILITY_SITE",
        "facility_type": "SUBSTATION",
        "fgn": "FGN0_000057",
        "highest_voltage_kv": 345,
        "hvdc_link_count": 0,
        "is_orphan": false,
        "legacy_gist_reference": false,
        "name": "무주",
        "nmi": "NMI000057",
        "voltage_band": "345",
        "voltage_classes": "154;345"
      },
      "type": "Feature"
    },
    {
      "geometry": {
        "coordinates": [
          127.70674310782856,
          35.968296495896425
        ],
        "type": "Point"
      },
      "properties": {
        "ac_pair_count": 2,
        "connected_physical_pair_count": 2,
        "coordinate_method": "Official exact-PNU parcel, EPSG:900913 to EPSG:5179 interior representative_point then EPSG:4326",
        "coordinate_tier": "GEO_B_FACILITY_SITE",
        "facility_type": "PLANT_SWITCHYARD",
        "fgn": "FGN0_000059",
        "highest_voltage_kv": 345,
        "hvdc_link_count": 0,
        "is_orphan": false,
        "legacy_gist_reference": false,
        "name": "무주양수",
        "nmi": "NMI000059",
        "voltage_band": "345",
        "voltage_classes": "345"
      },
      "type": "Feature"
    },
    {
      "geometry": {
        "coordinates": [
          127.7069498,
          35.9682622
        ],
        "type": "Point"
      },
      "properties": {
        "ac_pair_count": 1,
        "connected_physical_pair_count": 1,
        "coordinate_method": "LOCAL_OSM_PUBLIC_MAP_EXTRACT",
        "coordinate_tier": "GEO_C_STRONG_NAME_MATCH",
        "facility_type": "PLANT_SWITCHYARD",
        "fgn": "FGN0_000058",
        "highest_voltage_kv": 345,
        "hvdc_link_count": 0,
        "is_orphan": false,
        "legacy_gist_reference": false,
        "name": "무주PP",
        "nmi": "NMI000058",
        "voltage_band": "345",
        "voltage_classes": "345"
      },
      "type": "Feature"
    },
    {
      "geometry": {
        "coordinates": [
          128.1456566,
          36.6899658
        ],
        "type": "Point"
      },
      "properties": {
        "ac_pair_count": 2,
        "connected_physical_pair_count": 2,
        "coordinate_method": "LOCAL_OSM_PUBLIC_MAP_EXTRACT",
        "coordinate_tier": "GEO_C_STRONG_NAME_MATCH",
        "facility_type": "SUBSTATION",
        "fgn": "FGN0_000499",
        "highest_voltage_kv": 154,
        "hvdc_link_count": 0,
        "is_orphan": false,
        "legacy_gist_reference": false,
        "name": "문경",
        "nmi": "NMI000501",
        "voltage_band": "154",
        "voltage_classes": "154"
      },
      "type": "Feature"
    },
    {
      "geometry": {
        "coordinates": [
          126.89432333428525,
          37.51963225386656
        ],
        "type": "Point"
      },
      "properties": {
        "ac_pair_count": 0,
        "connected_physical_pair_count": 0,
        "coordinate_method": "Official exact-PNU parcel, EPSG:900913 to EPSG:5179 interior representative_point then EPSG:4326",
        "coordinate_tier": "GEO_B_FACILITY_SITE",
        "facility_type": "SUBSTATION",
        "fgn": "FGN0_000500",
        "highest_voltage_kv": 154,
        "hvdc_link_count": 0,
        "is_orphan": true,
        "legacy_gist_reference": false,
        "name": "문래",
        "nmi": "NMI000502",
        "voltage_band": "154",
        "voltage_classes": "154"
      },
      "type": "Feature"
    },
    {
      "geometry": {
        "coordinates": [
          127.7888703,
          37.289503
        ],
        "type": "Point"
      },
      "properties": {
        "ac_pair_count": 5,
        "connected_physical_pair_count": 5,
        "coordinate_method": "LOCAL_OSM_PUBLIC_MAP_EXTRACT",
        "coordinate_tier": "GEO_C_STRONG_NAME_MATCH",
        "facility_type": "SUBSTATION",
        "fgn": "FGN0_000501",
        "highest_voltage_kv": 154,
        "hvdc_link_count": 0,
        "is_orphan": false,
        "legacy_gist_reference": false,
        "name": "문막",
        "nmi": "NMI000503",
        "voltage_band": "154",
        "voltage_classes": "154"
      },
      "type": "Feature"
    },
    {
      "geometry": {
        "coordinates": [
          126.7220971,
          37.7276878
        ],
        "type": "Point"
      },
      "properties": {
        "ac_pair_count": 3,
        "connected_physical_pair_count": 3,
        "coordinate_method": "LOCAL_OSM_PUBLIC_MAP_EXTRACT",
        "coordinate_tier": "GEO_C_STRONG_NAME_MATCH",
        "facility_type": "SUBSTATION",
        "fgn": "FGN0_000502",
        "highest_voltage_kv": 154,
        "hvdc_link_count": 0,
        "is_orphan": false,
        "legacy_gist_reference": false,
        "name": "문발",
        "nmi": "NMI000504",
        "voltage_band": "154",
        "voltage_classes": "154"
      },
      "type": "Feature"
    },
    {
      "geometry": {
        "coordinates": [
          126.78321042404858,
          37.863495880395696
        ],
        "type": "Point"
      },
      "properties": {
        "ac_pair_count": 3,
        "connected_physical_pair_count": 3,
        "coordinate_method": "OFFICIAL_EXACT_PNU_PARCEL_INTERIOR_REPRESENTATIVE_POINT",
        "coordinate_tier": "GEO_B_FACILITY_SITE",
        "facility_type": "SUBSTATION",
        "fgn": "FGN0_000503",
        "highest_voltage_kv": 154,
        "hvdc_link_count": 0,
        "is_orphan": false,
        "legacy_gist_reference": false,
        "name": "문산",
        "nmi": "NMI000505",
        "voltage_band": "154",
        "voltage_classes": "154"
      },
      "type": "Feature"
    },
    {
      "geometry": {
        "coordinates": [
          129.0182781993231,
          35.32771672480242
        ],
        "type": "Point"
      },
      "properties": {
        "ac_pair_count": 3,
        "connected_physical_pair_count": 3,
        "coordinate_method": "OFFLINE_APPROVED_OFFICIAL_FACILITY_SITE_GEOMETRY_REPLAY",
        "coordinate_tier": "GEO_B_FACILITY_SITE",
        "facility_type": "SUBSTATION",
        "fgn": "FGN0_000060",
        "highest_voltage_kv": 345,
        "hvdc_link_count": 0,
        "is_orphan": false,
        "legacy_gist_reference": false,
        "name": "물금",
        "nmi": "NMI000060",
        "voltage_band": "345",
        "voltage_classes": "154;345"
      },
      "type": "Feature"
    },
    {
      "geometry": {
        "coordinates": [
          127.18336527022633,
          37.596022942855036
        ],
        "type": "Point"
      },
      "properties": {
        "ac_pair_count": 9,
        "connected_physical_pair_count": 9,
        "coordinate_method": "VWORLD_EUM_KEPCO_IDENTITY_CHAIN",
        "coordinate_tier": "GEO_A_CANONICAL",
        "facility_type": "SUBSTATION",
        "fgn": "FGN0_000061",
        "highest_voltage_kv": 345,
        "hvdc_link_count": 0,
        "is_orphan": false,
        "legacy_gist_reference": false,
        "name": "미금",
        "nmi": "NMI000061",
        "voltage_band": "345",
        "voltage_classes": "154;345"
      },
      "type": "Feature"
    },
    {
      "geometry": {
        "coordinates": [
          129.0536371,
          35.1947755
        ],
        "type": "Point"
      },
      "properties": {
        "ac_pair_count": 4,
        "connected_physical_pair_count": 4,
        "coordinate_method": "LOCAL_OSM_PUBLIC_MAP_EXTRACT",
        "coordinate_tier": "GEO_C_STRONG_NAME_MATCH",
        "facility_type": "SUBSTATION",
        "fgn": "FGN0_000504",
        "highest_voltage_kv": 154,
        "hvdc_link_count": 0,
        "is_orphan": false,
        "legacy_gist_reference": false,
        "name": "미남",
        "nmi": "NMI000506",
        "voltage_band": "154",
        "voltage_classes": "154"
      },
      "type": "Feature"
    },
    {
      "geometry": {
        "coordinates": [
          127.0286117,
          37.6137698
        ],
        "type": "Point"
      },
      "properties": {
        "ac_pair_count": 2,
        "connected_physical_pair_count": 2,
        "coordinate_method": "LOCAL_OSM_PUBLIC_MAP_EXTRACT",
        "coordinate_tier": "GEO_C_STRONG_NAME_MATCH",
        "facility_type": "SUBSTATION",
        "fgn": "FGN0_000505",
        "highest_voltage_kv": 154,
        "hvdc_link_count": 0,
        "is_orphan": false,
        "legacy_gist_reference": false,
        "name": "미아",
        "nmi": "NMI000507",
        "voltage_band": "154",
        "voltage_classes": "154"
      },
      "type": "Feature"
    },
    {
      "geometry": {
        "coordinates": [
          128.8600253,
          35.1319806
        ],
        "type": "Point"
      },
      "properties": {
        "ac_pair_count": 2,
        "connected_physical_pair_count": 2,
        "coordinate_method": "LOCAL_OSM_PUBLIC_MAP_EXTRACT",
        "coordinate_tier": "GEO_C_STRONG_NAME_MATCH",
        "facility_type": "SUBSTATION",
        "fgn": "FGN0_000062",
        "highest_voltage_kv": 345,
        "hvdc_link_count": 0,
        "is_orphan": false,
        "legacy_gist_reference": false,
        "name": "미음",
        "nmi": "NMI000062",
        "voltage_band": "345",
        "voltage_classes": "154;345"
      },
      "type": "Feature"
    },
    {
      "geometry": {
        "coordinates": [
          128.745779,
          35.4858463
        ],
        "type": "Point"
      },
      "properties": {
        "ac_pair_count": 3,
        "connected_physical_pair_count": 3,
        "coordinate_method": "LOCAL_OSM_PUBLIC_MAP_EXTRACT",
        "coordinate_tier": "GEO_C_STRONG_NAME_MATCH",
        "facility_type": "SUBSTATION",
        "fgn": "FGN0_000506",
        "highest_voltage_kv": 154,
        "hvdc_link_count": 0,
        "is_orphan": false,
        "legacy_gist_reference": false,
        "name": "밀양",
        "nmi": "NMI000508",
        "voltage_band": "154",
        "voltage_classes": "154"
      },
      "type": "Feature"
    },
    {
      "geometry": {
        "coordinates": [
          128.7408148,
          35.8690999
        ],
        "type": "Point"
      },
      "properties": {
        "ac_pair_count": 2,
        "connected_physical_pair_count": 2,
        "coordinate_method": "LOCAL_OSM_PUBLIC_MAP_EXTRACT",
        "coordinate_tier": "GEO_C_STRONG_NAME_MATCH",
        "facility_type": "SUBSTATION",
        "fgn": "FGN0_000507",
        "highest_voltage_kv": 154,
        "hvdc_link_count": 0,
        "is_orphan": false,
        "legacy_gist_reference": false,
        "name": "반야월",
        "nmi": "NMI000509",
        "voltage_band": "154",
        "voltage_classes": "154"
      },
      "type": "Feature"
    },
    {
      "geometry": {
        "coordinates": [
          126.7819356,
          37.3259398
        ],
        "type": "Point"
      },
      "properties": {
        "ac_pair_count": 3,
        "connected_physical_pair_count": 3,
        "coordinate_method": "LOCAL_OSM_PUBLIC_MAP_EXTRACT",
        "coordinate_tier": "GEO_C_STRONG_NAME_MATCH",
        "facility_type": "SUBSTATION",
        "fgn": "FGN0_000508",
        "highest_voltage_kv": 154,
        "hvdc_link_count": 0,
        "is_orphan": false,
        "legacy_gist_reference": false,
        "name": "반월",
        "nmi": "NMI000510",
        "voltage_band": "154",
        "voltage_classes": "154"
      },
      "type": "Feature"
    },
    {
      "geometry": {
        "coordinates": [
          129.1513566,
          35.5553135
        ],
        "type": "Point"
      },
      "properties": {
        "ac_pair_count": 2,
        "connected_physical_pair_count": 2,
        "coordinate_method": "LOCAL_OSM_PUBLIC_MAP_EXTRACT",
        "coordinate_tier": "GEO_C_STRONG_NAME_MATCH",
        "facility_type": "SUBSTATION",
        "fgn": "FGN0_000063",
        "highest_voltage_kv": 345,
        "hvdc_link_count": 0,
        "is_orphan": false,
        "legacy_gist_reference": false,
        "name": "반천",
        "nmi": "NMI000063",
        "voltage_band": "345",
        "voltage_classes": "154;345"
      },
      "type": "Feature"
    },
    {
      "geometry": {
        "coordinates": [
          127.0087999,
          37.5161832
        ],
        "type": "Point"
      },
      "properties": {
        "ac_pair_count": 2,
        "connected_physical_pair_count": 2,
        "coordinate_method": "LOCAL_OSM_PUBLIC_MAP_EXTRACT",
        "coordinate_tier": "GEO_C_STRONG_NAME_MATCH",
        "facility_type": "SUBSTATION",
        "fgn": "FGN0_000509",
        "highest_voltage_kv": 154,
        "hvdc_link_count": 0,
        "is_orphan": false,
        "legacy_gist_reference": false,
        "name": "반포",
        "nmi": "NMI000511",
        "voltage_band": "154",
        "voltage_classes": "154"
      },
      "type": "Feature"
    },
    {
      "geometry": {
        "coordinates": [
          126.9283859,
          37.113046
        ],
        "type": "Point"
      },
      "properties": {
        "ac_pair_count": 4,
        "connected_physical_pair_count": 4,
        "coordinate_method": "LOCAL_OSM_PUBLIC_MAP_EXTRACT",
        "coordinate_tier": "GEO_C_STRONG_NAME_MATCH",
        "facility_type": "SUBSTATION",
        "fgn": "FGN0_000064",
        "highest_voltage_kv": 345,
        "hvdc_link_count": 0,
        "is_orphan": false,
        "legacy_gist_reference": false,
        "name": "발안",
        "nmi": "NMI000064",
        "voltage_band": "345",
        "voltage_classes": "154;345"
      },
      "type": "Feature"
    },
    {
      "geometry": {
        "coordinates": [
          126.9990474,
          37.5657436
        ],
        "type": "Point"
      },
      "properties": {
        "ac_pair_count": 2,
        "connected_physical_pair_count": 2,
        "coordinate_method": "LOCAL_OSM_PUBLIC_MAP_EXTRACT",
        "coordinate_tier": "GEO_C_STRONG_NAME_MATCH",
        "facility_type": "SUBSTATION",
        "fgn": "FGN0_000510",
        "highest_voltage_kv": 154,
        "hvdc_link_count": 0,
        "is_orphan": false,
        "legacy_gist_reference": false,
        "name": "방산",
        "nmi": "NMI000512",
        "voltage_band": "154",
        "voltage_classes": "154"
      },
      "type": "Feature"
    },
    {
      "geometry": {
        "coordinates": [
          129.4254824,
          35.5388028
        ],
        "type": "Point"
      },
      "properties": {
        "ac_pair_count": 4,
        "connected_physical_pair_count": 4,
        "coordinate_method": "LOCAL_OSM_PUBLIC_MAP_EXTRACT",
        "coordinate_tier": "GEO_C_STRONG_NAME_MATCH",
        "facility_type": "SUBSTATION",
        "fgn": "FGN0_000511",
        "highest_voltage_kv": 154,
        "hvdc_link_count": 0,
        "is_orphan": false,
        "legacy_gist_reference": false,
        "name": "방어진",
        "nmi": "NMI000513",
        "voltage_band": "154",
        "voltage_classes": "154"
      },
      "type": "Feature"
    },
    {
      "geometry": {
        "coordinates": [
          127.0464713,
          37.6827952
        ],
        "type": "Point"
      },
      "properties": {
        "ac_pair_count": 2,
        "connected_physical_pair_count": 2,
        "coordinate_method": "LOCAL_OSM_PUBLIC_MAP_EXTRACT",
        "coordinate_tier": "GEO_C_STRONG_NAME_MATCH",
        "facility_type": "SUBSTATION",
        "fgn": "FGN0_000512",
        "highest_voltage_kv": 154,
        "hvdc_link_count": 0,
        "is_orphan": false,
        "legacy_gist_reference": false,
        "name": "방학",
        "nmi": "NMI000514",
        "voltage_band": "154",
        "voltage_classes": "154"
      },
      "type": "Feature"
    },
    {
      "geometry": {
        "coordinates": [
          126.8841595,
          35.8408498
        ],
        "type": "Point"
      },
      "properties": {
        "ac_pair_count": 2,
        "connected_physical_pair_count": 2,
        "coordinate_method": "LOCAL_OSM_PUBLIC_MAP_EXTRACT",
        "coordinate_tier": "GEO_C_STRONG_NAME_MATCH",
        "facility_type": "SUBSTATION",
        "fgn": "FGN0_000513",
        "highest_voltage_kv": 154,
        "hvdc_link_count": 0,
        "is_orphan": false,
        "legacy_gist_reference": false,
        "name": "백산",
        "nmi": "NMI000515",
        "voltage_band": "154",
        "voltage_classes": "154"
      },
      "type": "Feature"
    },
    {
      "geometry": {
        "coordinates": [
          126.9972288,
          37.8097447
        ],
        "type": "Point"
      },
      "properties": {
        "ac_pair_count": 3,
        "connected_physical_pair_count": 3,
        "coordinate_method": "LOCAL_OSM_PUBLIC_MAP_EXTRACT",
        "coordinate_tier": "GEO_C_STRONG_NAME_MATCH",
        "facility_type": "SUBSTATION",
        "fgn": "FGN0_000066",
        "highest_voltage_kv": 345,
        "hvdc_link_count": 0,
        "is_orphan": false,
        "legacy_gist_reference": false,
        "name": "백석",
        "nmi": "NMI000066",
        "voltage_band": "345",
        "voltage_classes": "154;345"
      },
      "type": "Feature"
    },
    {
      "geometry": {
        "coordinates": [
          127.6775946,
          34.959498
        ],
        "type": "Point"
      },
      "properties": {
        "ac_pair_count": 1,
        "connected_physical_pair_count": 1,
        "coordinate_method": "LOCAL_OSM_PUBLIC_MAP_EXTRACT",
        "coordinate_tier": "GEO_C_STRONG_NAME_MATCH",
        "facility_type": "SUBSTATION",
        "fgn": "FGN0_000514",
        "highest_voltage_kv": 154,
        "hvdc_link_count": 0,
        "is_orphan": false,
        "legacy_gist_reference": false,
        "name": "백운",
        "nmi": "NMI000516",
        "voltage_band": "154",
        "voltage_classes": "154"
      },
      "type": "Feature"
    },
    {
      "geometry": {
        "coordinates": [
          126.9279912,
          38.0162693
        ],
        "type": "Point"
      },
      "properties": {
        "ac_pair_count": 3,
        "connected_physical_pair_count": 3,
        "coordinate_method": "LOCAL_OSM_PUBLIC_MAP_EXTRACT",
        "coordinate_tier": "GEO_C_STRONG_NAME_MATCH",
        "facility_type": "SUBSTATION",
        "fgn": "FGN0_000067",
        "highest_voltage_kv": 345,
        "hvdc_link_count": 0,
        "is_orphan": false,
        "legacy_gist_reference": false,
        "name": "백학",
        "nmi": "NMI000067",
        "voltage_band": "345",
        "voltage_classes": "154;345"
      },
      "type": "Feature"
    },
    {
      "geometry": {
        "coordinates": [
          127.3305299,
          34.8536492
        ],
        "type": "Point"
      },
      "properties": {
        "ac_pair_count": 4,
        "connected_physical_pair_count": 4,
        "coordinate_method": "LOCAL_OSM_PUBLIC_MAP_EXTRACT",
        "coordinate_tier": "GEO_C_STRONG_NAME_MATCH",
        "facility_type": "SUBSTATION",
        "fgn": "FGN0_000515",
        "highest_voltage_kv": 154,
        "hvdc_link_count": 0,
        "is_orphan": false,
        "legacy_gist_reference": false,
        "name": "벌교",
        "nmi": "NMI000517",
        "voltage_band": "154",
        "voltage_classes": "154"
      },
      "type": "Feature"
    },
    {
      "geometry": {
        "coordinates": [
          128.6497353,
          35.8200914
        ],
        "type": "Point"
      },
      "properties": {
        "ac_pair_count": 2,
        "connected_physical_pair_count": 2,
        "coordinate_method": "LOCAL_OSM_PUBLIC_MAP_EXTRACT",
        "coordinate_tier": "GEO_C_STRONG_NAME_MATCH",
        "facility_type": "SUBSTATION",
        "fgn": "FGN0_000516",
        "highest_voltage_kv": 154,
        "hvdc_link_count": 0,
        "is_orphan": false,
        "legacy_gist_reference": false,
        "name": "범물",
        "nmi": "NMI000518",
        "voltage_band": "154",
        "voltage_classes": "154"
      },
      "type": "Feature"
    },
    {
      "geometry": {
        "coordinates": [
          129.0650068,
          35.1360854
        ],
        "type": "Point"
      },
      "properties": {
        "ac_pair_count": 2,
        "connected_physical_pair_count": 2,
        "coordinate_method": "LOCAL_OSM_PUBLIC_MAP_EXTRACT",
        "coordinate_tier": "GEO_C_STRONG_NAME_MATCH",
        "facility_type": "SUBSTATION",
        "fgn": "FGN0_000517",
        "highest_voltage_kv": 154,
        "hvdc_link_count": 0,
        "is_orphan": false,
        "legacy_gist_reference": false,
        "name": "범일",
        "nmi": "NMI000519",
        "voltage_band": "154",
        "voltage_classes": "154"
      },
      "type": "Feature"
    },
    {
      "geometry": {
        "coordinates": [
          129.0614846,
          35.1527119
        ],
        "type": "Point"
      },
      "properties": {
        "ac_pair_count": 2,
        "connected_physical_pair_count": 2,
        "coordinate_method": "LOCAL_OSM_PUBLIC_MAP_EXTRACT",
        "coordinate_tier": "GEO_C_STRONG_NAME_MATCH",
        "facility_type": "SUBSTATION",
        "fgn": "FGN0_000518",
        "highest_voltage_kv": 154,
        "hvdc_link_count": 0,
        "is_orphan": false,
        "legacy_gist_reference": false,
        "name": "범천",
        "nmi": "NMI000520",
        "voltage_band": "154",
        "voltage_classes": "154"
      },
      "type": "Feature"
    },
    {
      "geometry": {
        "coordinates": [
          127.11745396003461,
          37.65244684979508
        ],
        "type": "Point"
      },
      "properties": {
        "ac_pair_count": 4,
        "connected_physical_pair_count": 4,
        "coordinate_method": "OFFICIAL_LH_PLAN_GYEONGGI_BUILDING_AND_CADASTRAL_POLYGON_DETERMINISTIC_MULTI_SOURCE_IDENTITY_BRIDGE",
        "coordinate_tier": "GEO_A_CANONICAL",
        "facility_type": "SUBSTATION",
        "fgn": "FGN0_000519",
        "highest_voltage_kv": 154,
        "hvdc_link_count": 0,
        "is_orphan": false,
        "legacy_gist_reference": false,
        "name": "별내",
        "nmi": "NMI000521",
        "voltage_band": "154",
        "voltage_classes": "154"
      },
      "type": "Feature"
    },
    {
      "geometry": {
        "coordinates": [
          127.06465034293124,
          37.212697790838334
        ],
        "type": "Point"
      },
      "properties": {
        "ac_pair_count": 2,
        "connected_physical_pair_count": 2,
        "coordinate_method": "MOIS_JUSO_CURRENT_BUILDING_MANAGEMENT_OBJECT_AND_OFFICIAL_WFS",
        "coordinate_tier": "GEO_A_CANONICAL",
        "facility_type": "SUBSTATION",
        "fgn": "FGN0_000520",
        "highest_voltage_kv": 154,
        "hvdc_link_count": 0,
        "is_orphan": false,
        "legacy_gist_reference": false,
        "name": "병점",
        "nmi": "NMI000522",
        "voltage_band": "154",
        "voltage_classes": "154"
      },
      "type": "Feature"
    },
    {
      "geometry": {
        "coordinates": [
          126.49279024165781,
          36.40461535265879
        ],
        "type": "Point"
      },
      "properties": {
        "ac_pair_count": 2,
        "connected_physical_pair_count": 2,
        "coordinate_method": "Official exact-PNU parcel, EPSG:900913 to EPSG:5179 interior representative_point then EPSG:4326",
        "coordinate_tier": "GEO_B_FACILITY_SITE",
        "facility_type": "PLANT_SWITCHYARD",
        "fgn": "FGN0_000068",
        "highest_voltage_kv": 345,
        "hvdc_link_count": 0,
        "is_orphan": false,
        "legacy_gist_reference": false,
        "name": "보령복합",
        "nmi": "NMI000068",
        "voltage_band": "345",
        "voltage_classes": "154;345"
      },
      "type": "Feature"
    },
    {
      "geometry": {
        "coordinates": [
          126.49279024165781,
          36.40461535265879
        ],
        "type": "Point"
      },
      "properties": {
        "ac_pair_count": 4,
        "connected_physical_pair_count": 4,
        "coordinate_method": "Official exact-PNU parcel, EPSG:900913 to EPSG:5179 interior representative_point then EPSG:4326",
        "coordinate_tier": "GEO_B_FACILITY_SITE",
        "facility_type": "PLANT_SWITCHYARD",
        "fgn": "FGN0_000070",
        "highest_voltage_kv": 345,
        "hvdc_link_count": 0,
        "is_orphan": false,
        "legacy_gist_reference": false,
        "name": "보령화력",
        "nmi": "NMI000070",
        "voltage_band": "345",
        "voltage_classes": "22;154;345"
      },
      "type": "Feature"
    },
    {
      "geometry": {
        "coordinates": [
          127.086802,
          34.7819561
        ],
        "type": "Point"
      },
      "properties": {
        "ac_pair_count": 2,
        "connected_physical_pair_count": 2,
        "coordinate_method": "LOCAL_OSM_PUBLIC_MAP_EXTRACT",
        "coordinate_tier": "GEO_C_STRONG_NAME_MATCH",
        "facility_type": "SUBSTATION",
        "fgn": "FGN0_000521",
        "highest_voltage_kv": 154,
        "hvdc_link_count": 0,
        "is_orphan": false,
        "legacy_gist_reference": false,
        "name": "보성",
        "nmi": "NMI000523",
        "voltage_band": "154",
        "voltage_classes": "154"
      },
      "type": "Feature"
    },
    {
      "geometry": {
        "coordinates": [
          127.7283799,
          36.428289
        ],
        "type": "Point"
      },
      "properties": {
        "ac_pair_count": 2,
        "connected_physical_pair_count": 2,
        "coordinate_method": "LOCAL_OSM_PUBLIC_MAP_EXTRACT",
        "coordinate_tier": "GEO_C_STRONG_NAME_MATCH",
        "facility_type": "SUBSTATION",
        "fgn": "FGN0_000522",
        "highest_voltage_kv": 154,
        "hvdc_link_count": 0,
        "is_orphan": false,
        "legacy_gist_reference": false,
        "name": "보은",
        "nmi": "NMI000524",
        "voltage_band": "154",
        "voltage_classes": "154"
      },
      "type": "Feature"
    },
    {
      "geometry": {
        "coordinates": [
          126.94210134728041,
          37.22322321030693
        ],
        "type": "Point"
      },
      "properties": {
        "ac_pair_count": 2,
        "connected_physical_pair_count": 2,
        "coordinate_method": "OFFLINE_APPROVED_OFFICIAL_FACILITY_SITE_GEOMETRY_REPLAY",
        "coordinate_tier": "GEO_B_FACILITY_SITE",
        "facility_type": "SOURCE_SCOPED_UNRESOLVED",
        "fgn": "FGN0_000937",
        "highest_voltage_kv": 154,
        "hvdc_link_count": 0,
        "is_orphan": false,
        "legacy_gist_reference": false,
        "name": "봉담SS",
        "nmi": "",
        "voltage_band": "154",
        "voltage_classes": "154"
      },
      "type": "Feature"
    },
    {
      "geometry": {
        "coordinates": [
          128.5949234,
          35.8368276
        ],
        "type": "Point"
      },
      "properties": {
        "ac_pair_count": 3,
        "connected_physical_pair_count": 3,
        "coordinate_method": "LOCAL_OSM_PUBLIC_MAP_EXTRACT",
        "coordinate_tier": "GEO_C_STRONG_NAME_MATCH",
        "facility_type": "SUBSTATION",
        "fgn": "FGN0_000523",
        "highest_voltage_kv": 154,
        "hvdc_link_count": 0,
        "is_orphan": false,
        "legacy_gist_reference": false,
        "name": "봉덕",
        "nmi": "NMI000525",
        "voltage_band": "154",
        "voltage_classes": "154"
      },
      "type": "Feature"
    },
    {
      "geometry": {
        "coordinates": [
          127.1217175,
          35.9557532
        ],
        "type": "Point"
      },
      "properties": {
        "ac_pair_count": 3,
        "connected_physical_pair_count": 3,
        "coordinate_method": "LOCAL_OSM_PUBLIC_MAP_EXTRACT",
        "coordinate_tier": "GEO_C_STRONG_NAME_MATCH",
        "facility_type": "SUBSTATION",
        "fgn": "FGN0_000524",
        "highest_voltage_kv": 154,
        "hvdc_link_count": 0,
        "is_orphan": false,
        "legacy_gist_reference": false,
        "name": "봉동",
        "nmi": "NMI000526",
        "voltage_band": "154",
        "voltage_classes": "154"
      },
      "type": "Feature"
    },
    {
      "geometry": {
        "coordinates": [
          127.4548975,
          36.6579822
        ],
        "type": "Point"
      },
      "properties": {
        "ac_pair_count": 4,
        "connected_physical_pair_count": 4,
        "coordinate_method": "LOCAL_OSM_PUBLIC_MAP_EXTRACT",
        "coordinate_tier": "GEO_C_STRONG_NAME_MATCH",
        "facility_type": "SUBSTATION",
        "fgn": "FGN0_000525",
        "highest_voltage_kv": 154,
        "hvdc_link_count": 0,
        "is_orphan": false,
        "legacy_gist_reference": false,
        "name": "봉명",
        "nmi": "NMI000527",
        "voltage_band": "154",
        "voltage_classes": "154"
      },
      "type": "Feature"
    },
    {
      "geometry": {
        "coordinates": [
          128.6363747,
          35.9277619
        ],
        "type": "Point"
      },
      "properties": {
        "ac_pair_count": 2,
        "connected_physical_pair_count": 2,
        "coordinate_method": "LOCAL_OSM_PUBLIC_MAP_EXTRACT",
        "coordinate_tier": "GEO_C_STRONG_NAME_MATCH",
        "facility_type": "SUBSTATION",
        "fgn": "FGN0_000526",
        "highest_voltage_kv": 154,
        "hvdc_link_count": 0,
        "is_orphan": false,
        "legacy_gist_reference": false,
        "name": "봉무",
        "nmi": "NMI000528",
        "voltage_band": "154",
        "voltage_classes": "154"
      },
      "type": "Feature"
    },
    {
      "geometry": {
        "coordinates": [
          126.9515358,
          37.4819792
        ],
        "type": "Point"
      },
      "properties": {
        "ac_pair_count": 3,
        "connected_physical_pair_count": 3,
        "coordinate_method": "LOCAL_OSM_PUBLIC_MAP_EXTRACT",
        "coordinate_tier": "GEO_C_STRONG_NAME_MATCH",
        "facility_type": "SUBSTATION",
        "fgn": "FGN0_000527",
        "highest_voltage_kv": 154,
        "hvdc_link_count": 0,
        "is_orphan": false,
        "legacy_gist_reference": false,
        "name": "봉천",
        "nmi": "NMI000529",
        "voltage_band": "154",
        "voltage_classes": "154"
      },
      "type": "Feature"
    },
    {
      "geometry": {
        "coordinates": [
          128.8563675,
          36.9128703
        ],
        "type": "Point"
      },
      "properties": {
        "ac_pair_count": 3,
        "connected_physical_pair_count": 3,
        "coordinate_method": "LOCAL_OSM_PUBLIC_MAP_EXTRACT",
        "coordinate_tier": "GEO_C_STRONG_NAME_MATCH",
        "facility_type": "SUBSTATION",
        "fgn": "FGN0_000528",
        "highest_voltage_kv": 154,
        "hvdc_link_count": 0,
        "is_orphan": false,
        "legacy_gist_reference": false,
        "name": "봉화",
        "nmi": "NMI000530",
        "voltage_band": "154",
        "voltage_classes": "154"
      },
      "type": "Feature"
    },
    {
      "geometry": {
        "coordinates": [
          127.37132,
          36.5197244
        ],
        "type": "Point"
      },
      "properties": {
        "ac_pair_count": 5,
        "connected_physical_pair_count": 5,
        "coordinate_method": "LOCAL_OSM_PUBLIC_MAP_EXTRACT",
        "coordinate_tier": "GEO_C_STRONG_NAME_MATCH",
        "facility_type": "SUBSTATION",
        "fgn": "FGN0_000529",
        "highest_voltage_kv": 154,
        "hvdc_link_count": 0,
        "is_orphan": false,
        "legacy_gist_reference": false,
        "name": "부강",
        "nmi": "NMI000531",
        "voltage_band": "154",
        "voltage_classes": "154"
      },
      "type": "Feature"
    },
    {
      "geometry": {
        "coordinates": [
          126.73130867894585,
          37.48560977589847
        ],
        "type": "Point"
      },
      "properties": {
        "ac_pair_count": 3,
        "connected_physical_pair_count": 3,
        "coordinate_method": "VWORLD_EUM_KEPCO_IDENTITY_CHAIN",
        "coordinate_tier": "GEO_A_CANONICAL",
        "facility_type": "SUBSTATION",
        "fgn": "FGN0_000072",
        "highest_voltage_kv": 345,
        "hvdc_link_count": 0,
        "is_orphan": false,
        "legacy_gist_reference": false,
        "name": "부개",
        "nmi": "NMI000072",
        "voltage_band": "345",
        "voltage_classes": "154;345"
      },
      "type": "Feature"
    },
    {
      "geometry": {
        "coordinates": [
          129.0162687,
          35.1024628
        ],
        "type": "Point"
      },
      "properties": {
        "ac_pair_count": 3,
        "connected_physical_pair_count": 3,
        "coordinate_method": "LOCAL_OSM_PUBLIC_MAP_EXTRACT",
        "coordinate_tier": "GEO_C_STRONG_NAME_MATCH",
        "facility_type": "SUBSTATION",
        "fgn": "FGN0_000530",
        "highest_voltage_kv": 154,
        "hvdc_link_count": 0,
        "is_orphan": false,
        "legacy_gist_reference": false,
        "name": "부민",
        "nmi": "NMI000532",
        "voltage_band": "154",
        "voltage_classes": "154"
      },
      "type": "Feature"
    },
    {
      "geometry": {
        "coordinates": [
          128.73109820222976,
          35.49161994087709
        ],
        "type": "Point"
      },
      "properties": {
        "ac_pair_count": 1,
        "connected_physical_pair_count": 1,
        "coordinate_method": "OFFLINE_APPROVED_OFFICIAL_FACILITY_SITE_GEOMETRY_REPLAY",
        "coordinate_tier": "GEO_B_FACILITY_SITE",
        "facility_type": "SOURCE_SCOPED_UNRESOLVED",
        "fgn": "FGN0_000938",
        "highest_voltage_kv": 154,
        "hvdc_link_count": 0,
        "is_orphan": false,
        "legacy_gist_reference": false,
        "name": "부북SS",
        "nmi": "",
        "voltage_band": "154",
        "voltage_classes": "154"
      },
      "type": "Feature"
    },
    {
      "geometry": {
        "coordinates": [
          129.023757690586,
          35.0985755212873
        ],
        "type": "Point"
      },
      "properties": {
        "ac_pair_count": 4,
        "connected_physical_pair_count": 4,
        "coordinate_method": "OFFICIAL_EXACT_PNU_PARCEL_INTERIOR_REPRESENTATIVE_POINT",
        "coordinate_tier": "GEO_B_FACILITY_SITE",
        "facility_type": "SUBSTATION",
        "fgn": "FGN0_000531",
        "highest_voltage_kv": 154,
        "hvdc_link_count": 0,
        "is_orphan": false,
        "legacy_gist_reference": false,
        "name": "부산",
        "nmi": "NMI000533",
        "voltage_band": "154",
        "voltage_classes": "154"
      },
      "type": "Feature"
    },
    {
      "geometry": {
        "coordinates": [
          126.7166357,
          35.709072
        ],
        "type": "Point"
      },
      "properties": {
        "ac_pair_count": 2,
        "connected_physical_pair_count": 2,
        "coordinate_method": "LOCAL_OSM_PUBLIC_MAP_EXTRACT",
        "coordinate_tier": "GEO_C_STRONG_NAME_MATCH",
        "facility_type": "SUBSTATION",
        "fgn": "FGN0_000532",
        "highest_voltage_kv": 154,
        "hvdc_link_count": 0,
        "is_orphan": false,
        "legacy_gist_reference": false,
        "name": "부안",
        "nmi": "NMI000534",
        "voltage_band": "154",
        "voltage_classes": "154"
      },
      "type": "Feature"
    },
    {
      "geometry": {
        "coordinates": [
          126.9448538,
          36.2979573
        ],
        "type": "Point"
      },
      "properties": {
        "ac_pair_count": 2,
        "connected_physical_pair_count": 2,
        "coordinate_method": "LOCAL_OSM_PUBLIC_MAP_EXTRACT",
        "coordinate_tier": "GEO_C_STRONG_NAME_MATCH",
        "facility_type": "SUBSTATION",
        "fgn": "FGN0_000533",
        "highest_voltage_kv": 154,
        "hvdc_link_count": 0,
        "is_orphan": false,
        "legacy_gist_reference": false,
        "name": "부여",
        "nmi": "NMI000535",
        "voltage_band": "154",
        "voltage_classes": "154"
      },
      "type": "Feature"
    },
    {
      "geometry": {
        "coordinates": [
          126.78697318421018,
          37.506429103168614
        ],
        "type": "Point"
      },
      "properties": {
        "ac_pair_count": 4,
        "connected_physical_pair_count": 4,
        "coordinate_method": "OFFICIAL_EXACT_PNU_PARCEL_INTERIOR_REPRESENTATIVE_POINT",
        "coordinate_tier": "GEO_B_FACILITY_SITE",
        "facility_type": "SUBSTATION",
        "fgn": "FGN0_000534",
        "highest_voltage_kv": 154,
        "hvdc_link_count": 0,
        "is_orphan": false,
        "legacy_gist_reference": false,
        "name": "부천",
        "nmi": "NMI000536",
        "voltage_band": "154",
        "voltage_classes": "154"
      },
      "type": "Feature"
    },
    {
      "geometry": {
        "coordinates": [
          126.72349859791285,
          37.49601862338993
        ],
        "type": "Point"
      },
      "properties": {
        "ac_pair_count": 4,
        "connected_physical_pair_count": 4,
        "coordinate_method": "V16_SINGLE_BLOCKER_CLOSURE",
        "coordinate_tier": "GEO_C_STRONG_NAME_MATCH",
        "facility_type": "SUBSTATION",
        "fgn": "FGN0_000536",
        "highest_voltage_kv": 154,
        "hvdc_link_count": 0,
        "is_orphan": false,
        "legacy_gist_reference": false,
        "name": "부흥",
        "nmi": "NMI000538",
        "voltage_band": "154",
        "voltage_classes": "154"
      },
      "type": "Feature"
    },
    {
      "geometry": {
        "coordinates": [
          128.8490726,
          37.8010718
        ],
        "type": "Point"
      },
      "properties": {
        "ac_pair_count": 2,
        "connected_physical_pair_count": 2,
        "coordinate_method": "LOCAL_OSM_PUBLIC_MAP_EXTRACT",
        "coordinate_tier": "GEO_C_STRONG_NAME_MATCH",
        "facility_type": "SUBSTATION",
        "fgn": "FGN0_000537",
        "highest_voltage_kv": 154,
        "hvdc_link_count": 0,
        "is_orphan": false,
        "legacy_gist_reference": false,
        "name": "북강릉",
        "nmi": "NMI000539",
        "voltage_band": "154",
        "voltage_classes": "154"
      },
      "type": "Feature"
    },
    {
      "geometry": {
        "coordinates": [
          128.5531129,
          35.6143312
        ],
        "type": "Point"
      },
      "properties": {
        "ac_pair_count": 7,
        "connected_physical_pair_count": 7,
        "coordinate_method": "LOCAL_OSM_PUBLIC_MAP_EXTRACT",
        "coordinate_tier": "GEO_C_STRONG_NAME_MATCH",
        "facility_type": "SUBSTATION",
        "fgn": "FGN0_000073",
        "highest_voltage_kv": 765,
        "hvdc_link_count": 0,
        "is_orphan": false,
        "legacy_gist_reference": false,
        "name": "북경남",
        "nmi": "NMI000073",
        "voltage_band": "765",
        "voltage_classes": "345;765"
      },
      "type": "Feature"
    },
    {
      "geometry": {
        "coordinates": [
          126.8906753,
          35.1778601
        ],
        "type": "Point"
      },
      "properties": {
        "ac_pair_count": 2,
        "connected_physical_pair_count": 2,
        "coordinate_method": "LOCAL_OSM_PUBLIC_MAP_EXTRACT",
        "coordinate_tier": "GEO_C_STRONG_NAME_MATCH",
        "facility_type": "SUBSTATION",
        "fgn": "FGN0_000538",
        "highest_voltage_kv": 154,
        "hvdc_link_count": 0,
        "is_orphan": false,
        "legacy_gist_reference": false,
        "name": "북광주",
        "nmi": "NMI000540",
        "voltage_band": "154",
        "voltage_classes": "154"
      },
      "type": "Feature"
    },
    {
      "geometry": {
        "coordinates": [
          126.78392782807317,
          36.95480925053405
        ],
        "type": "Point"
      },
      "properties": {
        "ac_pair_count": 5,
        "connected_physical_pair_count": 6,
        "coordinate_method": "Official exact-PNU parcel, EPSG:900913 to EPSG:5179 interior representative_point then EPSG:4326",
        "coordinate_tier": "GEO_B_FACILITY_SITE",
        "facility_type": "SUBSTATION",
        "fgn": "FGN0_000074",
        "highest_voltage_kv": 345,
        "hvdc_link_count": 1,
        "is_orphan": false,
        "legacy_gist_reference": false,
        "name": "북당진",
        "nmi": "NMI000074",
        "voltage_band": "345",
        "voltage_classes": "154;345"
      },
      "type": "Feature"
    },
    {
      "geometry": {
        "coordinates": [
          128.4067315973191,
          35.970180964658454
        ],
        "type": "Point"
      },
      "properties": {
        "ac_pair_count": 8,
        "connected_physical_pair_count": 8,
        "coordinate_method": "OFFLINE_APPROVED_OFFICIAL_GEOMETRY_REPLAY",
        "coordinate_tier": "GEO_B_FACILITY_SITE",
        "facility_type": "SUBSTATION",
        "fgn": "FGN0_000076",
        "highest_voltage_kv": 345,
        "hvdc_link_count": 0,
        "is_orphan": false,
        "legacy_gist_reference": false,
        "name": "북대구",
        "nmi": "NMI000076",
        "voltage_band": "345",
        "voltage_classes": "154;345"
      },
      "type": "Feature"
    },
    {
      "geometry": {
        "coordinates": [
          127.0898453,
          37.2159092
        ],
        "type": "Point"
      },
      "properties": {
        "ac_pair_count": 2,
        "connected_physical_pair_count": 2,
        "coordinate_method": "LOCAL_OSM_PUBLIC_MAP_EXTRACT",
        "coordinate_tier": "GEO_C_STRONG_NAME_MATCH",
        "facility_type": "SUBSTATION",
        "fgn": "FGN0_000539",
        "highest_voltage_kv": 154,
        "hvdc_link_count": 0,
        "is_orphan": false,
        "legacy_gist_reference": false,
        "name": "북동탄",
        "nmi": "NMI000541",
        "voltage_band": "154",
        "voltage_classes": "154"
      },
      "type": "Feature"
    },
    {
      "geometry": {
        "coordinates": [
          129.02325906885116,
          35.23638848478686
        ],
        "type": "Point"
      },
      "properties": {
        "ac_pair_count": 14,
        "connected_physical_pair_count": 14,
        "coordinate_method": "Official exact-PNU parcel, EPSG:900913 to EPSG:5179 interior representative_point then EPSG:4326",
        "coordinate_tier": "GEO_B_FACILITY_SITE",
        "facility_type": "SUBSTATION",
        "fgn": "FGN0_000077",
        "highest_voltage_kv": 345,
        "hvdc_link_count": 0,
        "is_orphan": false,
        "legacy_gist_reference": false,
        "name": "북부산",
        "nmi": "NMI000077",
        "voltage_band": "345",
        "voltage_classes": "154;345"
      },
      "type": "Feature"
    },
    {
      "geometry": {
        "coordinates": [
          126.6300369,
          37.4064186
        ],
        "type": "Point"
      },
      "properties": {
        "ac_pair_count": 1,
        "connected_physical_pair_count": 1,
        "coordinate_method": "LOCAL_OSM_PUBLIC_MAP_EXTRACT",
        "coordinate_tier": "GEO_C_STRONG_NAME_MATCH",
        "facility_type": "SUBSTATION",
        "fgn": "FGN0_000540",
        "highest_voltage_kv": 154,
        "hvdc_link_count": 0,
        "is_orphan": false,
        "legacy_gist_reference": false,
        "name": "북송도",
        "nmi": "NMI000542",
        "voltage_band": "154",
        "voltage_classes": "154"
      },
      "type": "Feature"
    },
    {
      "geometry": {
        "coordinates": [
          126.7462848,
          37.3502995
        ],
        "type": "Point"
      },
      "properties": {
        "ac_pair_count": 2,
        "connected_physical_pair_count": 2,
        "coordinate_method": "LOCAL_OSM_PUBLIC_MAP_EXTRACT",
        "coordinate_tier": "GEO_C_STRONG_NAME_MATCH",
        "facility_type": "SUBSTATION",
        "fgn": "FGN0_000541",
        "highest_voltage_kv": 154,
        "hvdc_link_count": 0,
        "is_orphan": false,
        "legacy_gist_reference": false,
        "name": "북시화",
        "nmi": "NMI000543",
        "voltage_band": "154",
        "voltage_classes": "154"
      },
      "type": "Feature"
    },
    {
      "geometry": {
        "coordinates": [
          126.84180654128907,
          37.347806800055885
        ],
        "type": "Point"
      },
      "properties": {
        "ac_pair_count": 1,
        "connected_physical_pair_count": 1,
        "coordinate_method": "OFFICIAL_GEOMETRY_DERIVATION_REPLAYED",
        "coordinate_tier": "GEO_B_OFFICIAL_ADDRESS",
        "facility_type": "CURRENT_PHYSICAL_STATION",
        "fgn": "FGN0_000986",
        "highest_voltage_kv": 0,
        "hvdc_link_count": 0,
        "is_orphan": false,
        "legacy_gist_reference": false,
        "name": "북안산SS",
        "nmi": "NMI000931",
        "voltage_band": "other",
        "voltage_classes": ""
      },
      "type": "Feature"
    },
    {
      "geometry": {
        "coordinates": [
          127.2985107,
          36.6381926
        ],
        "type": "Point"
      },
      "properties": {
        "ac_pair_count": 2,
        "connected_physical_pair_count": 2,
        "coordinate_method": "LOCAL_OSM_PUBLIC_MAP_EXTRACT",
        "coordinate_tier": "GEO_C_STRONG_NAME_MATCH",
        "facility_type": "SOURCE_SCOPED_UNRESOLVED",
        "fgn": "FGN0_000939",
        "highest_voltage_kv": 154,
        "hvdc_link_count": 0,
        "is_orphan": false,
        "legacy_gist_reference": false,
        "name": "북오송SS",
        "nmi": "",
        "voltage_band": "154",
        "voltage_classes": "154"
      },
      "type": "Feature"
    },
    {
      "geometry": {
        "coordinates": [
          129.3179331,
          35.5806231
        ],
        "type": "Point"
      },
      "properties": {
        "ac_pair_count": 2,
        "connected_physical_pair_count": 2,
        "coordinate_method": "LOCAL_OSM_PUBLIC_MAP_EXTRACT",
        "coordinate_tier": "GEO_C_STRONG_NAME_MATCH",
        "facility_type": "SUBSTATION",
        "fgn": "FGN0_000542",
        "highest_voltage_kv": 154,
        "hvdc_link_count": 0,
        "is_orphan": false,
        "legacy_gist_reference": false,
        "name": "북울산",
        "nmi": "NMI000544",
        "voltage_band": "154",
        "voltage_classes": "154"
      },
      "type": "Feature"
    },
    {
      "geometry": {
        "coordinates": [
          127.9396175,
          37.3855679
        ],
        "type": "Point"
      },
      "properties": {
        "ac_pair_count": 2,
        "connected_physical_pair_count": 2,
        "coordinate_method": "LOCAL_OSM_PUBLIC_MAP_EXTRACT",
        "coordinate_tier": "GEO_C_STRONG_NAME_MATCH",
        "facility_type": "SUBSTATION",
        "fgn": "FGN0_000543",
        "highest_voltage_kv": 154,
        "hvdc_link_count": 0,
        "is_orphan": false,
        "legacy_gist_reference": false,
        "name": "북원주",
        "nmi": "NMI000545",
        "voltage_band": "154",
        "voltage_classes": "154"
      },
      "type": "Feature"
    },
    {
      "geometry": {
        "coordinates": [
          126.6754096,
          37.5285386
        ],
        "type": "Point"
      },
      "properties": {
        "ac_pair_count": 4,
        "connected_physical_pair_count": 4,
        "coordinate_method": "LOCAL_OSM_PUBLIC_MAP_EXTRACT",
        "coordinate_tier": "GEO_C_STRONG_NAME_MATCH",
        "facility_type": "SUBSTATION",
        "fgn": "FGN0_000544",
        "highest_voltage_kv": 154,
        "hvdc_link_count": 0,
        "is_orphan": false,
        "legacy_gist_reference": false,
        "name": "북인천",
        "nmi": "NMI000546",
        "voltage_band": "154",
        "voltage_classes": "154"
      },
      "type": "Feature"
    },
    {
      "geometry": {
        "coordinates": [
          127.1415428,
          35.9419107
        ],
        "type": "Point"
      },
      "properties": {
        "ac_pair_count": 4,
        "connected_physical_pair_count": 4,
        "coordinate_method": "LOCAL_OSM_PUBLIC_MAP_EXTRACT",
        "coordinate_tier": "GEO_C_STRONG_NAME_MATCH",
        "facility_type": "SUBSTATION",
        "fgn": "FGN0_000078",
        "highest_voltage_kv": 345,
        "hvdc_link_count": 0,
        "is_orphan": false,
        "legacy_gist_reference": false,
        "name": "북전주",
        "nmi": "NMI000078",
        "voltage_band": "345",
        "voltage_classes": "154;345"
      },
      "type": "Feature"
    },
    {
      "geometry": {
        "coordinates": [
          127.4548257,
          36.657507
        ],
        "type": "Point"
      },
      "properties": {
        "ac_pair_count": 4,
        "connected_physical_pair_count": 4,
        "coordinate_method": "LOCAL_OSM_PUBLIC_MAP_EXTRACT",
        "coordinate_tier": "GEO_C_STRONG_NAME_MATCH",
        "facility_type": "SUBSTATION",
        "fgn": "FGN0_000545",
        "highest_voltage_kv": 154,
        "hvdc_link_count": 0,
        "is_orphan": false,
        "legacy_gist_reference": false,
        "name": "북청주",
        "nmi": "NMI000547",
        "voltage_band": "154",
        "voltage_classes": "154"
      },
      "type": "Feature"
    },
    {
      "geometry": {
        "coordinates": [
          127.7316864,
          37.936822
        ],
        "type": "Point"
      },
      "properties": {
        "ac_pair_count": 1,
        "connected_physical_pair_count": 1,
        "coordinate_method": "LOCAL_OSM_PUBLIC_MAP_EXTRACT",
        "coordinate_tier": "GEO_C_STRONG_NAME_MATCH",
        "facility_type": "SUBSTATION",
        "fgn": "FGN0_000546",
        "highest_voltage_kv": 154,
        "hvdc_link_count": 0,
        "is_orphan": false,
        "legacy_gist_reference": false,
        "name": "북춘천",
        "nmi": "NMI000548",
        "voltage_band": "154",
        "voltage_classes": "154"
      },
      "type": "Feature"
    },
    {
      "geometry": {
        "coordinates": [
          127.9711049,
          37.0938556
        ],
        "type": "Point"
      },
      "properties": {
        "ac_pair_count": 3,
        "connected_physical_pair_count": 3,
        "coordinate_method": "LOCAL_OSM_PUBLIC_MAP_EXTRACT",
        "coordinate_tier": "GEO_C_STRONG_NAME_MATCH",
        "facility_type": "SUBSTATION",
        "fgn": "FGN0_000547",
        "highest_voltage_kv": 154,
        "hvdc_link_count": 0,
        "is_orphan": false,
        "legacy_gist_reference": false,
        "name": "북충주",
        "nmi": "NMI000549",
        "voltage_band": "154",
        "voltage_classes": "154"
      },
      "type": "Feature"
    },
    {
      "geometry": {
        "coordinates": [
          129.1131536,
          37.491885
        ],
        "type": "Point"
      },
      "properties": {
        "ac_pair_count": 2,
        "connected_physical_pair_count": 2,
        "coordinate_method": "OPENSTREETMAP_STRONG_EXACT_NAME_MATCH_WITH_LOCAL_IDENTITY_CONTROL",
        "coordinate_tier": "GEO_C_STRONG_NAME_MATCH",
        "facility_type": "SUBSTATION",
        "fgn": "FGN0_000548",
        "highest_voltage_kv": 154,
        "hvdc_link_count": 0,
        "is_orphan": false,
        "legacy_gist_reference": false,
        "name": "북평",
        "nmi": "NMI000550",
        "voltage_band": "154",
        "voltage_classes": "154"
      },
      "type": "Feature"
    },
    {
      "geometry": {
        "coordinates": [
          129.1464686,
          37.4778445
        ],
        "type": "Point"
      },
      "properties": {
        "ac_pair_count": 1,
        "connected_physical_pair_count": 1,
        "coordinate_method": "LOCAL_OSM_PUBLIC_MAP_EXTRACT",
        "coordinate_tier": "GEO_C_STRONG_NAME_MATCH",
        "facility_type": "PLANT_SWITCHYARD",
        "fgn": "FGN0_000079",
        "highest_voltage_kv": 345,
        "hvdc_link_count": 0,
        "is_orphan": false,
        "legacy_gist_reference": false,
        "name": "북평TP",
        "nmi": "NMI000079",
        "voltage_band": "345",
        "voltage_classes": "345"
      },
      "type": "Feature"
    },
    {
      "geometry": {
        "coordinates": [
          129.3571495,
          36.0516937
        ],
        "type": "Point"
      },
      "properties": {
        "ac_pair_count": 4,
        "connected_physical_pair_count": 4,
        "coordinate_method": "LOCAL_OSM_PUBLIC_MAP_EXTRACT",
        "coordinate_tier": "GEO_C_STRONG_NAME_MATCH",
        "facility_type": "SUBSTATION",
        "fgn": "FGN0_000549",
        "highest_voltage_kv": 154,
        "hvdc_link_count": 0,
        "is_orphan": false,
        "legacy_gist_reference": false,
        "name": "북포항",
        "nmi": "NMI000551",
        "voltage_band": "154",
        "voltage_classes": "154"
      },
      "type": "Feature"
    },
    {
      "geometry": {
        "coordinates": [
          126.3801712,
          34.8217203
        ],
        "type": "Point"
      },
      "properties": {
        "ac_pair_count": 2,
        "connected_physical_pair_count": 2,
        "coordinate_method": "LOCAL_OSM_PUBLIC_MAP_EXTRACT",
        "coordinate_tier": "GEO_C_STRONG_NAME_MATCH",
        "facility_type": "SUBSTATION",
        "fgn": "FGN0_000550",
        "highest_voltage_kv": 154,
        "hvdc_link_count": 0,
        "is_orphan": false,
        "legacy_gist_reference": false,
        "name": "북항",
        "nmi": "NMI000552",
        "voltage_band": "154",
        "voltage_classes": "154"
      },
      "type": "Feature"
    },
    {
      "geometry": {
        "coordinates": [
          127.14800745,
          37.365234
        ],
        "type": "Point"
      },
      "properties": {
        "ac_pair_count": 2,
        "connected_physical_pair_count": 2,
        "coordinate_method": "V12_EXTERNAL_SEED_EXACT_LOCATOR_RECOVERY",
        "coordinate_tier": "GEO_C_STRONG_NAME_MATCH",
        "facility_type": "SUBSTATION",
        "fgn": "FGN0_000551",
        "highest_voltage_kv": 154,
        "hvdc_link_count": 0,
        "is_orphan": false,
        "legacy_gist_reference": false,
        "name": "분당",
        "nmi": "NMI000553",
        "voltage_band": "154",
        "voltage_classes": "154"
      },
      "type": "Feature"
    },
    {
      "geometry": {
        "coordinates": [
          127.1158007,
          36.8156148
        ],
        "type": "Point"
      },
      "properties": {
        "ac_pair_count": 3,
        "connected_physical_pair_count": 3,
        "coordinate_method": "LOCAL_OSM_PUBLIC_MAP_EXTRACT",
        "coordinate_tier": "GEO_C_STRONG_NAME_MATCH",
        "facility_type": "SUBSTATION",
        "fgn": "FGN0_000553",
        "highest_voltage_kv": 154,
        "hvdc_link_count": 0,
        "is_orphan": false,
        "legacy_gist_reference": false,
        "name": "불당",
        "nmi": "NMI000555",
        "voltage_band": "154",
        "voltage_classes": "154"
      },
      "type": "Feature"
    },
    {
      "geometry": {
        "coordinates": [
          126.68425884821241,
          37.60115337145161
        ],
        "type": "Point"
      },
      "properties": {
        "ac_pair_count": 1,
        "connected_physical_pair_count": 1,
        "coordinate_method": "OFFLINE_APPROVED_OFFICIAL_FACILITY_SITE_GEOMETRY_REPLAY",
        "coordinate_tier": "GEO_B_FACILITY_SITE",
        "facility_type": "SOURCE_SCOPED_UNRESOLVED",
        "fgn": "FGN0_000940",
        "highest_voltage_kv": 154,
        "hvdc_link_count": 0,
        "is_orphan": false,
        "legacy_gist_reference": false,
        "name": "불로SS",
        "nmi": "",
        "voltage_band": "154",
        "voltage_classes": "154"
      },
      "type": "Feature"
    },
    {
      "geometry": {
        "coordinates": [
          126.8511675,
          35.2131341
        ],
        "type": "Point"
      },
      "properties": {
        "ac_pair_count": 2,
        "connected_physical_pair_count": 2,
        "coordinate_method": "LOCAL_OSM_PUBLIC_MAP_EXTRACT",
        "coordinate_tier": "GEO_C_STRONG_NAME_MATCH",
        "facility_type": "SUBSTATION",
        "fgn": "FGN0_000554",
        "highest_voltage_kv": 154,
        "hvdc_link_count": 0,
        "is_orphan": false,
        "legacy_gist_reference": false,
        "name": "비아",
        "nmi": "NMI000556",
        "voltage_band": "154",
        "voltage_classes": "154"
      },
      "type": "Feature"
    },
    {
      "geometry": {
        "coordinates": [
          126.5626638,
          35.9381933
        ],
        "type": "Point"
      },
      "properties": {
        "ac_pair_count": 2,
        "connected_physical_pair_count": 2,
        "coordinate_method": "LOCAL_OSM_PUBLIC_MAP_EXTRACT",
        "coordinate_tier": "GEO_C_STRONG_NAME_MATCH",
        "facility_type": "SUBSTATION",
        "fgn": "FGN0_000555",
        "highest_voltage_kv": 154,
        "hvdc_link_count": 0,
        "is_orphan": false,
        "legacy_gist_reference": false,
        "name": "비응",
        "nmi": "NMI000557",
        "voltage_band": "154",
        "voltage_classes": "154"
      },
      "type": "Feature"
    },
    {
      "geometry": {
        "coordinates": [
          126.7160631,
          37.2170112
        ],
        "type": "Point"
      },
      "properties": {
        "ac_pair_count": 2,
        "connected_physical_pair_count": 2,
        "coordinate_method": "LOCAL_OSM_PUBLIC_MAP_EXTRACT",
        "coordinate_tier": "GEO_C_STRONG_NAME_MATCH",
        "facility_type": "SUBSTATION",
        "fgn": "FGN0_000556",
        "highest_voltage_kv": 154,
        "hvdc_link_count": 0,
        "is_orphan": false,
        "legacy_gist_reference": false,
        "name": "사강",
        "nmi": "NMI000558",
        "voltage_band": "154",
        "voltage_classes": "154"
      },
      "type": "Feature"
    },
    {
      "geometry": {
        "coordinates": [
          128.0524041,
          35.0644386
        ],
        "type": "Point"
      },
      "properties": {
        "ac_pair_count": 1,
        "connected_physical_pair_count": 1,
        "coordinate_method": "LOCAL_OSM_PUBLIC_MAP_EXTRACT",
        "coordinate_tier": "GEO_C_STRONG_NAME_MATCH",
        "facility_type": "SUBSTATION",
        "fgn": "FGN0_000557",
        "highest_voltage_kv": 154,
        "hvdc_link_count": 0,
        "is_orphan": false,
        "legacy_gist_reference": false,
        "name": "사남",
        "nmi": "NMI000559",
        "voltage_band": "154",
        "voltage_classes": "154"
      },
      "type": "Feature"
    },
    {
      "geometry": {
        "coordinates": [
          126.9841229,
          37.475786
        ],
        "type": "Point"
      },
      "properties": {
        "ac_pair_count": 4,
        "connected_physical_pair_count": 4,
        "coordinate_method": "LOCAL_OSM_PUBLIC_MAP_EXTRACT",
        "coordinate_tier": "GEO_C_STRONG_NAME_MATCH",
        "facility_type": "SUBSTATION",
        "fgn": "FGN0_000558",
        "highest_voltage_kv": 154,
        "hvdc_link_count": 0,
        "is_orphan": false,
        "legacy_gist_reference": false,
        "name": "사당",
        "nmi": "NMI000560",
        "voltage_band": "154",
        "voltage_classes": "154"
      },
      "type": "Feature"
    },
    {
      "geometry": {
        "coordinates": [
          127.6498571895826,
          36.80974511927056
        ],
        "type": "Point"
      },
      "properties": {
        "ac_pair_count": 3,
        "connected_physical_pair_count": 3,
        "coordinate_method": "OFFLINE_APPROVED_OFFICIAL_FACILITY_SITE_GEOMETRY_REPLAY",
        "coordinate_tier": "GEO_B_FACILITY_SITE",
        "facility_type": "SUBSTATION",
        "fgn": "FGN0_000941",
        "highest_voltage_kv": 154,
        "hvdc_link_count": 0,
        "is_orphan": false,
        "legacy_gist_reference": false,
        "name": "사리SS",
        "nmi": "",
        "voltage_band": "154",
        "voltage_classes": "154"
      },
      "type": "Feature"
    },
    {
      "geometry": {
        "coordinates": [
          128.2740112,
          35.1914175
        ],
        "type": "Point"
      },
      "properties": {
        "ac_pair_count": 2,
        "connected_physical_pair_count": 2,
        "coordinate_method": "LOCAL_OSM_PUBLIC_MAP_EXTRACT",
        "coordinate_tier": "GEO_C_STRONG_NAME_MATCH",
        "facility_type": "SUBSTATION",
        "fgn": "FGN0_000559",
        "highest_voltage_kv": 154,
        "hvdc_link_count": 0,
        "is_orphan": false,
        "legacy_gist_reference": false,
        "name": "사봉",
        "nmi": "NMI000561",
        "voltage_band": "154",
        "voltage_classes": "154"
      },
      "type": "Feature"
    },
    {
      "geometry": {
        "coordinates": [
          127.4754316,
          36.6423103
        ],
        "type": "Point"
      },
      "properties": {
        "ac_pair_count": 2,
        "connected_physical_pair_count": 2,
        "coordinate_method": "LOCAL_OSM_PUBLIC_MAP_EXTRACT",
        "coordinate_tier": "GEO_C_STRONG_NAME_MATCH",
        "facility_type": "SUBSTATION",
        "fgn": "FGN0_000560",
        "highest_voltage_kv": 154,
        "hvdc_link_count": 0,
        "is_orphan": false,
        "legacy_gist_reference": false,
        "name": "사직",
        "nmi": "NMI000562",
        "voltage_band": "154",
        "voltage_classes": "154"
      },
      "type": "Feature"
    },
    {
      "geometry": {
        "coordinates": [
          128.0726022,
          35.0682107
        ],
        "type": "Point"
      },
      "properties": {
        "ac_pair_count": 3,
        "connected_physical_pair_count": 3,
        "coordinate_method": "LOCAL_OSM_PUBLIC_MAP_EXTRACT",
        "coordinate_tier": "GEO_C_STRONG_NAME_MATCH",
        "facility_type": "SUBSTATION",
        "fgn": "FGN0_000561",
        "highest_voltage_kv": 154,
        "hvdc_link_count": 0,
        "is_orphan": false,
        "legacy_gist_reference": false,
        "name": "사천",
        "nmi": "NMI000563",
        "voltage_band": "154",
        "voltage_classes": "154"
      },
      "type": "Feature"
    },
    {
      "geometry": {
        "coordinates": [
          128.608497,
          35.9033819
        ],
        "type": "Point"
      },
      "properties": {
        "ac_pair_count": 2,
        "connected_physical_pair_count": 2,
        "coordinate_method": "LOCAL_OSM_PUBLIC_MAP_EXTRACT",
        "coordinate_tier": "GEO_C_STRONG_NAME_MATCH",
        "facility_type": "SUBSTATION",
        "fgn": "FGN0_000562",
        "highest_voltage_kv": 154,
        "hvdc_link_count": 0,
        "is_orphan": false,
        "legacy_gist_reference": false,
        "name": "산격",
        "nmi": "NMI000564",
        "voltage_band": "154",
        "voltage_classes": "154"
      },
      "type": "Feature"
    },
    {
      "geometry": {
        "coordinates": [
          128.4525688,
          36.1525854
        ],
        "type": "Point"
      },
      "properties": {
        "ac_pair_count": 2,
        "connected_physical_pair_count": 2,
        "coordinate_method": "LOCAL_OSM_PUBLIC_MAP_EXTRACT",
        "coordinate_tier": "GEO_C_STRONG_NAME_MATCH",
        "facility_type": "SUBSTATION",
        "fgn": "FGN0_000080",
        "highest_voltage_kv": 345,
        "hvdc_link_count": 0,
        "is_orphan": false,
        "legacy_gist_reference": false,
        "name": "산동",
        "nmi": "NMI000080",
        "voltage_band": "345",
        "voltage_classes": "154;345"
      },
      "type": "Feature"
    },
    {
      "geometry": {
        "coordinates": [
          129.0621172,
          35.3668818
        ],
        "type": "Point"
      },
      "properties": {
        "ac_pair_count": 3,
        "connected_physical_pair_count": 3,
        "coordinate_method": "LOCAL_OSM_PUBLIC_MAP_EXTRACT",
        "coordinate_tier": "GEO_C_STRONG_NAME_MATCH",
        "facility_type": "SUBSTATION",
        "fgn": "FGN0_000563",
        "highest_voltage_kv": 154,
        "hvdc_link_count": 0,
        "is_orphan": false,
        "legacy_gist_reference": false,
        "name": "산막",
        "nmi": "NMI000565",
        "voltage_band": "154",
        "voltage_classes": "154"
      },
      "type": "Feature"
    },
    {
      "geometry": {
        "coordinates": [
          126.9239009,
          37.3571759
        ],
        "type": "Point"
      },
      "properties": {
        "ac_pair_count": 2,
        "connected_physical_pair_count": 2,
        "coordinate_method": "LOCAL_OSM_PUBLIC_MAP_EXTRACT",
        "coordinate_tier": "GEO_C_STRONG_NAME_MATCH",
        "facility_type": "SUBSTATION",
        "fgn": "FGN0_000564",
        "highest_voltage_kv": 154,
        "hvdc_link_count": 0,
        "is_orphan": false,
        "legacy_gist_reference": false,
        "name": "산본",
        "nmi": "NMI000566",
        "voltage_band": "154",
        "voltage_classes": "154"
      },
      "type": "Feature"
    },
    {
      "geometry": {
        "coordinates": [
          127.1544883,
          37.4615445
        ],
        "type": "Point"
      },
      "properties": {
        "ac_pair_count": 2,
        "connected_physical_pair_count": 2,
        "coordinate_method": "LOCAL_OSM_PUBLIC_MAP_EXTRACT",
        "coordinate_tier": "GEO_C_STRONG_NAME_MATCH",
        "facility_type": "SUBSTATION",
        "fgn": "FGN0_000565",
        "highest_voltage_kv": 154,
        "hvdc_link_count": 0,
        "is_orphan": false,
        "legacy_gist_reference": false,
        "name": "산성",
        "nmi": "NMI000567",
        "voltage_band": "154",
        "voltage_classes": "154"
      },
      "type": "Feature"
    },
    {
      "geometry": {
        "coordinates": [
          126.53138597578359,
          33.51606502933447
        ],
        "type": "Point"
      },
      "properties": {
        "ac_pair_count": 1,
        "connected_physical_pair_count": 1,
        "coordinate_method": "Official exact-PNU parcel, EPSG:900913 to EPSG:5179 interior representative_point then EPSG:4326",
        "coordinate_tier": "GEO_B_FACILITY_SITE",
        "facility_type": "SUBSTATION",
        "fgn": "FGN0_000566",
        "highest_voltage_kv": 154,
        "hvdc_link_count": 0,
        "is_orphan": false,
        "legacy_gist_reference": false,
        "name": "산지",
        "nmi": "NMI000568",
        "voltage_band": "154",
        "voltage_classes": "154"
      },
      "type": "Feature"
    },
    {
      "geometry": {
        "coordinates": [
          127.91140689350108,
          35.39870083054112
        ],
        "type": "Point"
      },
      "properties": {
        "ac_pair_count": 2,
        "connected_physical_pair_count": 2,
        "coordinate_method": "Official exact-PNU parcel, EPSG:900913 to EPSG:5179 interior representative_point then EPSG:4326",
        "coordinate_tier": "GEO_B_FACILITY_SITE",
        "facility_type": "SUBSTATION",
        "fgn": "FGN0_000081",
        "highest_voltage_kv": 154,
        "hvdc_link_count": 0,
        "is_orphan": false,
        "legacy_gist_reference": false,
        "name": "산청",
        "nmi": "NMI000081",
        "voltage_band": "154",
        "voltage_classes": "154"
      },
      "type": "Feature"
    },
    {
      "geometry": {
        "coordinates": [
          127.77685375050027,
          35.256395021758664
        ],
        "type": "Point"
      },
      "properties": {
        "ac_pair_count": 1,
        "connected_physical_pair_count": 1,
        "coordinate_method": "Official exact-PNU parcel, EPSG:900913 to EPSG:5179 interior representative_point then EPSG:4326",
        "coordinate_tier": "GEO_B_FACILITY_SITE",
        "facility_type": "PLANT_SWITCHYARD",
        "fgn": "FGN0_000083",
        "highest_voltage_kv": 345,
        "hvdc_link_count": 0,
        "is_orphan": false,
        "legacy_gist_reference": false,
        "name": "산청양수",
        "nmi": "NMI000083",
        "voltage_band": "345",
        "voltage_classes": "345"
      },
      "type": "Feature"
    },
    {
      "geometry": {
        "coordinates": [
          127.7772116,
          35.2562449
        ],
        "type": "Point"
      },
      "properties": {
        "ac_pair_count": 1,
        "connected_physical_pair_count": 1,
        "coordinate_method": "LOCAL_OSM_PUBLIC_MAP_EXTRACT",
        "coordinate_tier": "GEO_C_STRONG_NAME_MATCH",
        "facility_type": "PLANT_SWITCHYARD",
        "fgn": "FGN0_000082",
        "highest_voltage_kv": 345,
        "hvdc_link_count": 0,
        "is_orphan": false,
        "legacy_gist_reference": false,
        "name": "산청PP",
        "nmi": "NMI000082",
        "voltage_band": "345",
        "voltage_classes": "345"
      },
      "type": "Feature"
    },
    {
      "geometry": {
        "coordinates": [
          129.430639491619,
          35.6218635630612
        ],
        "type": "Point"
      },
      "properties": {
        "ac_pair_count": 3,
        "connected_physical_pair_count": 3,
        "coordinate_method": "OFFLINE_APPROVED_OFFICIAL_FACILITY_SITE_GEOMETRY_REPLAY",
        "coordinate_tier": "GEO_B_FACILITY_SITE",
        "facility_type": "SOURCE_SCOPED_UNRESOLVED",
        "fgn": "FGN0_000942",
        "highest_voltage_kv": 154,
        "hvdc_link_count": 0,
        "is_orphan": false,
        "legacy_gist_reference": false,
        "name": "산하SS",
        "nmi": "",
        "voltage_band": "154",
        "voltage_classes": "154"
      },
      "type": "Feature"
    },
    {
      "geometry": {
        "coordinates": [
          128.8618015,
          35.2640075
        ],
        "type": "Point"
      },
      "properties": {
        "ac_pair_count": 4,
        "connected_physical_pair_count": 4,
        "coordinate_method": "V10_EXACT_IDENTITY_AND_LOCATOR_CLOSURE",
        "coordinate_tier": "GEO_C_STRONG_NAME_MATCH",
        "facility_type": "SUBSTATION",
        "fgn": "FGN0_000567",
        "highest_voltage_kv": 154,
        "hvdc_link_count": 0,
        "is_orphan": false,
        "legacy_gist_reference": false,
        "name": "삼계",
        "nmi": "NMI000569",
        "voltage_band": "154",
        "voltage_classes": "154"
      },
      "type": "Feature"
    },
    {
      "geometry": {
        "coordinates": [
          128.8784914,
          35.4134284
        ],
        "type": "Point"
      },
      "properties": {
        "ac_pair_count": 1,
        "connected_physical_pair_count": 1,
        "coordinate_method": "LOCAL_OSM_PUBLIC_MAP_EXTRACT",
        "coordinate_tier": "GEO_C_STRONG_NAME_MATCH",
        "facility_type": "SOURCE_SCOPED_UNRESOLVED",
        "fgn": "FGN0_000943",
        "highest_voltage_kv": 154,
        "hvdc_link_count": 0,
        "is_orphan": false,
        "legacy_gist_reference": false,
        "name": "삼랑진PP",
        "nmi": "",
        "voltage_band": "154",
        "voltage_classes": "154"
      },
      "type": "Feature"
    },
    {
      "geometry": {
        "coordinates": [
          127.0827506,
          37.1861291
        ],
        "type": "Point"
      },
      "properties": {
        "ac_pair_count": 3,
        "connected_physical_pair_count": 3,
        "coordinate_method": "LOCAL_OSM_PUBLIC_MAP_EXTRACT",
        "coordinate_tier": "GEO_C_STRONG_NAME_MATCH",
        "facility_type": "SUBSTATION",
        "fgn": "FGN0_000568",
        "highest_voltage_kv": 154,
        "hvdc_link_count": 0,
        "is_orphan": false,
        "legacy_gist_reference": false,
        "name": "삼미",
        "nmi": "NMI000570",
        "voltage_band": "154",
        "voltage_classes": "154"
      },
      "type": "Feature"
    },
    {
      "geometry": {
        "coordinates": [
          127.06625747658576,
          37.2187999681791
        ],
        "type": "Point"
      },
      "properties": {
        "ac_pair_count": 5,
        "connected_physical_pair_count": 5,
        "coordinate_method": "OFFLINE_APPROVED_OFFICIAL_FACILITY_SITE_GEOMETRY_REPLAY",
        "coordinate_tier": "GEO_B_FACILITY_SITE",
        "facility_type": "UNRESOLVED",
        "fgn": "FGN0_000084",
        "highest_voltage_kv": 345,
        "hvdc_link_count": 0,
        "is_orphan": false,
        "legacy_gist_reference": false,
        "name": "삼성",
        "nmi": "NMI000084",
        "voltage_band": "345",
        "voltage_classes": "154;345"
      },
      "type": "Feature"
    },
    {
      "geometry": {
        "coordinates": [
          127.05553192235432,
          37.03381916974096
        ],
        "type": "Point"
      },
      "properties": {
        "ac_pair_count": 1,
        "connected_physical_pair_count": 1,
        "coordinate_method": "OFFICIAL_GEOMETRY_DERIVATION_REPLAYED",
        "coordinate_tier": "GEO_B_FACILITY_SITE",
        "facility_type": "UNRESOLVED",
        "fgn": "FGN0_000085",
        "highest_voltage_kv": 345,
        "hvdc_link_count": 0,
        "is_orphan": false,
        "legacy_gist_reference": false,
        "name": "삼성전자P4",
        "nmi": "NMI000085",
        "voltage_band": "345",
        "voltage_classes": "345"
      },
      "type": "Feature"
    },
    {
      "geometry": {
        "coordinates": [
          126.9054857,
          37.6479985
        ],
        "type": "Point"
      },
      "properties": {
        "ac_pair_count": 1,
        "connected_physical_pair_count": 1,
        "coordinate_method": "OPENSTREETMAP_STRONG_EXACT_NAME_MATCH_WITH_LOCAL_IDENTITY_CONTROL",
        "coordinate_tier": "GEO_C_STRONG_NAME_MATCH",
        "facility_type": "SOURCE_SCOPED_UNRESOLVED",
        "fgn": "FGN0_000981",
        "highest_voltage_kv": 154,
        "hvdc_link_count": 0,
        "is_orphan": false,
        "legacy_gist_reference": false,
        "name": "삼송열병합",
        "nmi": "",
        "voltage_band": "154",
        "voltage_classes": "154"
      },
      "type": "Feature"
    },
    {
      "geometry": {
        "coordinates": [
          128.7202407,
          35.1886113
        ],
        "type": "Point"
      },
      "properties": {
        "ac_pair_count": 4,
        "connected_physical_pair_count": 4,
        "coordinate_method": "LOCAL_OSM_PUBLIC_MAP_EXTRACT",
        "coordinate_tier": "GEO_C_STRONG_NAME_MATCH",
        "facility_type": "SUBSTATION",
        "fgn": "FGN0_000086",
        "highest_voltage_kv": 345,
        "hvdc_link_count": 0,
        "is_orphan": false,
        "legacy_gist_reference": false,
        "name": "삼정",
        "nmi": "NMI000086",
        "voltage_band": "345",
        "voltage_classes": "154;345"
      },
      "type": "Feature"
    },
    {
      "geometry": {
        "coordinates": [
          127.3861333,
          37.0750533
        ],
        "type": "Point"
      },
      "properties": {
        "ac_pair_count": 2,
        "connected_physical_pair_count": 2,
        "coordinate_method": "LOCAL_OSM_PUBLIC_MAP_EXTRACT",
        "coordinate_tier": "GEO_C_STRONG_NAME_MATCH",
        "facility_type": "SUBSTATION",
        "fgn": "FGN0_000569",
        "highest_voltage_kv": 154,
        "hvdc_link_count": 0,
        "is_orphan": false,
        "legacy_gist_reference": false,
        "name": "삼죽",
        "nmi": "NMI000571",
        "voltage_band": "154",
        "voltage_classes": "154"
      },
      "type": "Feature"
    },
    {
      "geometry": {
        "coordinates": [
          129.1831553,
          37.4269773
        ],
        "type": "Point"
      },
      "properties": {
        "ac_pair_count": 2,
        "connected_physical_pair_count": 2,
        "coordinate_method": "LOCAL_OSM_PUBLIC_MAP_EXTRACT",
        "coordinate_tier": "GEO_C_STRONG_NAME_MATCH",
        "facility_type": "SUBSTATION",
        "fgn": "FGN0_000570",
        "highest_voltage_kv": 154,
        "hvdc_link_count": 0,
        "is_orphan": false,
        "legacy_gist_reference": false,
        "name": "삼척",
        "nmi": "NMI000572",
        "voltage_band": "154",
        "voltage_classes": "154"
      },
      "type": "Feature"
    },
    {
      "geometry": {
        "coordinates": [
          129.17716161442047,
          37.4092194008773
        ],
        "type": "Point"
      },
      "properties": {
        "ac_pair_count": 1,
        "connected_physical_pair_count": 1,
        "coordinate_method": "OFFLINE_APPROVED_OFFICIAL_FACILITY_SITE_GEOMETRY_REPLAY",
        "coordinate_tier": "GEO_B_FACILITY_SITE",
        "facility_type": "PLANT_SWITCHYARD",
        "fgn": "FGN0_000087",
        "highest_voltage_kv": 345,
        "hvdc_link_count": 0,
        "is_orphan": false,
        "legacy_gist_reference": false,
        "name": "삼척BP",
        "nmi": "NMI000087",
        "voltage_band": "345",
        "voltage_classes": "345"
      },
      "type": "Feature"
    },
    {
      "geometry": {
        "coordinates": [
          129.33873807,
          37.19024208
        ],
        "type": "Point"
      },
      "properties": {
        "ac_pair_count": 5,
        "connected_physical_pair_count": 5,
        "coordinate_method": "USER_PROVIDED_INDEPENDENT_WEB_VERIFICATION_WITH_PUBLIC_MAP_CORROBORATION",
        "coordinate_tier": "GEO_C_STRONG_NAME_MATCH",
        "facility_type": "PLANT_SWITCHYARD",
        "fgn": "FGN0_000088",
        "highest_voltage_kv": 345,
        "hvdc_link_count": 0,
        "is_orphan": false,
        "legacy_gist_reference": false,
        "name": "삼척GP",
        "nmi": "NMI000088",
        "voltage_band": "345",
        "voltage_classes": "154;345"
      },
      "type": "Feature"
    },
    {
      "geometry": {
        "coordinates": [
          128.1046821,
          34.9304688
        ],
        "type": "Point"
      },
      "properties": {
        "ac_pair_count": 2,
        "connected_physical_pair_count": 2,
        "coordinate_method": "OPENSTREETMAP_STRONG_EXACT_NAME_MATCH_WITH_LOCAL_IDENTITY_CONTROL",
        "coordinate_tier": "GEO_C_STRONG_NAME_MATCH",
        "facility_type": "SUBSTATION",
        "fgn": "FGN0_000089",
        "highest_voltage_kv": 345,
        "hvdc_link_count": 0,
        "is_orphan": false,
        "legacy_gist_reference": false,
        "name": "삼천포",
        "nmi": "NMI000089",
        "voltage_band": "345",
        "voltage_classes": "154;345"
      },
      "type": "Feature"
    },
    {
      "geometry": {
        "coordinates": [
          128.108205,
          34.9083059
        ],
        "type": "Point"
      },
      "properties": {
        "ac_pair_count": 5,
        "connected_physical_pair_count": 5,
        "coordinate_method": "OPENSTREETMAP_STRONG_EXACT_NAME_MATCH_WITH_LOCAL_IDENTITY_CONTROL",
        "coordinate_tier": "GEO_C_STRONG_NAME_MATCH",
        "facility_type": "PLANT_SWITCHYARD",
        "fgn": "FGN0_000090",
        "highest_voltage_kv": 345,
        "hvdc_link_count": 0,
        "is_orphan": false,
        "legacy_gist_reference": false,
        "name": "삼천포화력",
        "nmi": "NMI000090",
        "voltage_band": "345",
        "voltage_classes": "345"
      },
      "type": "Feature"
    },
    {
      "geometry": {
        "coordinates": [
          126.3942289,
          34.7414422
        ],
        "type": "Point"
      },
      "properties": {
        "ac_pair_count": 1,
        "connected_physical_pair_count": 1,
        "coordinate_method": "V6_EXACT_NAMED_OSM_PUBLIC_MAP_ELECTRICAL_OBJECT",
        "coordinate_tier": "GEO_C_STRONG_NAME_MATCH",
        "facility_type": "SUBSTATION",
        "fgn": "FGN0_000571",
        "highest_voltage_kv": 154,
        "hvdc_link_count": 0,
        "is_orphan": false,
        "legacy_gist_reference": false,
        "name": "삼호개폐소",
        "nmi": "NMI000574",
        "voltage_band": "154",
        "voltage_classes": "154"
      },
      "type": "Feature"
    },
    {
      "geometry": {
        "coordinates": [
          127.0556123,
          37.6542096
        ],
        "type": "Point"
      },
      "properties": {
        "ac_pair_count": 3,
        "connected_physical_pair_count": 3,
        "coordinate_method": "LOCAL_OSM_PUBLIC_MAP_EXTRACT",
        "coordinate_tier": "GEO_C_STRONG_NAME_MATCH",
        "facility_type": "SUBSTATION",
        "fgn": "FGN0_000572",
        "highest_voltage_kv": 154,
        "hvdc_link_count": 0,
        "is_orphan": false,
        "legacy_gist_reference": false,
        "name": "상계",
        "nmi": "NMI000575",
        "voltage_band": "154",
        "voltage_classes": "154"
      },
      "type": "Feature"
    },
    {
      "geometry": {
        "coordinates": [
          128.2364485,
          37.8417506
        ],
        "type": "Point"
      },
      "properties": {
        "ac_pair_count": 2,
        "connected_physical_pair_count": 2,
        "coordinate_method": "LOCAL_OSM_PUBLIC_MAP_EXTRACT",
        "coordinate_tier": "GEO_C_STRONG_NAME_MATCH",
        "facility_type": "SUBSTATION",
        "fgn": "FGN0_000573",
        "highest_voltage_kv": 154,
        "hvdc_link_count": 0,
        "is_orphan": false,
        "legacy_gist_reference": false,
        "name": "상남",
        "nmi": "NMI000576",
        "voltage_band": "154",
        "voltage_classes": "154"
      },
      "type": "Feature"
    },
    {
      "geometry": {
        "coordinates": [
          127.080461,
          37.5928015
        ],
        "type": "Point"
      },
      "properties": {
        "ac_pair_count": 5,
        "connected_physical_pair_count": 5,
        "coordinate_method": "LOCAL_OSM_PUBLIC_MAP_EXTRACT",
        "coordinate_tier": "GEO_C_STRONG_NAME_MATCH",
        "facility_type": "SUBSTATION",
        "fgn": "FGN0_000575",
        "highest_voltage_kv": 154,
        "hvdc_link_count": 0,
        "is_orphan": false,
        "legacy_gist_reference": false,
        "name": "상봉",
        "nmi": "NMI000578",
        "voltage_band": "154",
        "voltage_classes": "154"
      },
      "type": "Feature"
    },
    {
      "geometry": {
        "coordinates": [
          126.8777064,
          37.5805459
        ],
        "type": "Point"
      },
      "properties": {
        "ac_pair_count": 4,
        "connected_physical_pair_count": 4,
        "coordinate_method": "LOCAL_OSM_PUBLIC_MAP_EXTRACT",
        "coordinate_tier": "GEO_C_STRONG_NAME_MATCH",
        "facility_type": "SUBSTATION",
        "fgn": "FGN0_000576",
        "highest_voltage_kv": 154,
        "hvdc_link_count": 0,
        "is_orphan": false,
        "legacy_gist_reference": false,
        "name": "상암",
        "nmi": "NMI000579",
        "voltage_band": "154",
        "voltage_classes": "154"
      },
      "type": "Feature"
    },
    {
      "geometry": {
        "coordinates": [
          128.5461943,
          35.8057456
        ],
        "type": "Point"
      },
      "properties": {
        "ac_pair_count": 2,
        "connected_physical_pair_count": 2,
        "coordinate_method": "LOCAL_OSM_PUBLIC_MAP_EXTRACT",
        "coordinate_tier": "GEO_C_STRONG_NAME_MATCH",
        "facility_type": "SUBSTATION",
        "fgn": "FGN0_000577",
        "highest_voltage_kv": 154,
        "hvdc_link_count": 0,
        "is_orphan": false,
        "legacy_gist_reference": false,
        "name": "상인",
        "nmi": "NMI000580",
        "voltage_band": "154",
        "voltage_classes": "154"
      },
      "type": "Feature"
    },
    {
      "geometry": {
        "coordinates": [
          127.1772843,
          37.5477172
        ],
        "type": "Point"
      },
      "properties": {
        "ac_pair_count": 2,
        "connected_physical_pair_count": 2,
        "coordinate_method": "LOCAL_OSM_PUBLIC_MAP_EXTRACT",
        "coordinate_tier": "GEO_C_STRONG_NAME_MATCH",
        "facility_type": "SUBSTATION",
        "fgn": "FGN0_000578",
        "highest_voltage_kv": 154,
        "hvdc_link_count": 0,
        "is_orphan": false,
        "legacy_gist_reference": false,
        "name": "상일",
        "nmi": "NMI000581",
        "voltage_band": "154",
        "voltage_classes": "154"
      },
      "type": "Feature"
    },
    {
      "geometry": {
        "coordinates": [
          129.4840497,
          35.9781004
        ],
        "type": "Point"
      },
      "properties": {
        "ac_pair_count": 3,
        "connected_physical_pair_count": 3,
        "coordinate_method": "LOCAL_OSM_PUBLIC_MAP_EXTRACT",
        "coordinate_tier": "GEO_C_STRONG_NAME_MATCH",
        "facility_type": "SUBSTATION",
        "fgn": "FGN0_000579",
        "highest_voltage_kv": 154,
        "hvdc_link_count": 0,
        "is_orphan": false,
        "legacy_gist_reference": false,
        "name": "상정",
        "nmi": "NMI000582",
        "voltage_band": "154",
        "voltage_classes": "154"
      },
      "type": "Feature"
    },
    {
      "geometry": {
        "coordinates": [
          128.1479601,
          36.4194508
        ],
        "type": "Point"
      },
      "properties": {
        "ac_pair_count": 6,
        "connected_physical_pair_count": 6,
        "coordinate_method": "LOCAL_OSM_PUBLIC_MAP_EXTRACT",
        "coordinate_tier": "GEO_C_STRONG_NAME_MATCH",
        "facility_type": "SUBSTATION",
        "fgn": "FGN0_000580",
        "highest_voltage_kv": 154,
        "hvdc_link_count": 0,
        "is_orphan": false,
        "legacy_gist_reference": false,
        "name": "상주",
        "nmi": "NMI000583",
        "voltage_band": "154",
        "voltage_classes": "154"
      },
      "type": "Feature"
    },
    {
      "geometry": {
        "coordinates": [
          126.6224855,
          35.9565878
        ],
        "type": "Point"
      },
      "properties": {
        "ac_pair_count": 4,
        "connected_physical_pair_count": 4,
        "coordinate_method": "LOCAL_OSM_PUBLIC_MAP_EXTRACT",
        "coordinate_tier": "GEO_C_STRONG_NAME_MATCH",
        "facility_type": "SUBSTATION",
        "fgn": "FGN0_000091",
        "highest_voltage_kv": 345,
        "hvdc_link_count": 0,
        "is_orphan": false,
        "legacy_gist_reference": false,
        "name": "새만금",
        "nmi": "NMI000091",
        "voltage_band": "345",
        "voltage_classes": "154;345"
      },
      "type": "Feature"
    },
    {
      "geometry": {
        "coordinates": [
          126.44684049181497,
          35.456178379931615
        ],
        "type": "Point"
      },
      "properties": {
        "ac_pair_count": 1,
        "connected_physical_pair_count": 1,
        "coordinate_method": "OFFLINE_APPROVED_OFFICIAL_FACILITY_SITE_GEOMETRY_REPLAY",
        "coordinate_tier": "GEO_B_FACILITY_SITE",
        "facility_type": "CURRENT_PHYSICAL_STATION",
        "fgn": "FGN0_000987",
        "highest_voltage_kv": 0,
        "hvdc_link_count": 0,
        "is_orphan": false,
        "legacy_gist_reference": false,
        "name": "서고창SS",
        "nmi": "NMI000932",
        "voltage_band": "other",
        "voltage_classes": ""
      },
      "type": "Feature"
    },
    {
      "geometry": {
        "coordinates": [
          127.09053331843586,
          35.84638826433439
        ],
        "type": "Point"
      },
      "properties": {
        "ac_pair_count": 2,
        "connected_physical_pair_count": 2,
        "coordinate_method": "OFFLINE_APPROVED_OFFICIAL_FACILITY_SITE_GEOMETRY_REPLAY",
        "coordinate_tier": "GEO_B_FACILITY_SITE",
        "facility_type": "SUBSTATION",
        "fgn": "FGN0_000581",
        "highest_voltage_kv": 154,
        "hvdc_link_count": 0,
        "is_orphan": false,
        "legacy_gist_reference": false,
        "name": "서곡",
        "nmi": "NMI000585",
        "voltage_band": "154",
        "voltage_classes": "154"
      },
      "type": "Feature"
    },
    {
      "geometry": {
        "coordinates": [
          128.395012,
          35.6560761
        ],
        "type": "Point"
      },
      "properties": {
        "ac_pair_count": 2,
        "connected_physical_pair_count": 2,
        "coordinate_method": "LOCAL_OSM_PUBLIC_MAP_EXTRACT",
        "coordinate_tier": "GEO_C_STRONG_NAME_MATCH",
        "facility_type": "SUBSTATION",
        "fgn": "FGN0_000093",
        "highest_voltage_kv": 345,
        "hvdc_link_count": 0,
        "is_orphan": false,
        "legacy_gist_reference": false,
        "name": "서구지",
        "nmi": "NMI000093",
        "voltage_band": "345",
        "voltage_classes": "154;345"
      },
      "type": "Feature"
    },
    {
      "geometry": {
        "coordinates": [
          126.68839838725397,
          35.96446339657657
        ],
        "type": "Point"
      },
      "properties": {
        "ac_pair_count": 2,
        "connected_physical_pair_count": 2,
        "coordinate_method": "VWORLD_EUM_KEPCO_IDENTITY_CHAIN",
        "coordinate_tier": "GEO_A_CANONICAL",
        "facility_type": "SUBSTATION",
        "fgn": "FGN0_000094",
        "highest_voltage_kv": 345,
        "hvdc_link_count": 0,
        "is_orphan": false,
        "legacy_gist_reference": false,
        "name": "서군산",
        "nmi": "NMI000094",
        "voltage_band": "345",
        "voltage_classes": "154;345"
      },
      "type": "Feature"
    },
    {
      "geometry": {
        "coordinates": [
          128.40603838399787,
          35.97071095956744
        ],
        "type": "Point"
      },
      "properties": {
        "ac_pair_count": 10,
        "connected_physical_pair_count": 10,
        "coordinate_method": "VWORLD_EUM_KEPCO_IDENTITY_CHAIN",
        "coordinate_tier": "GEO_A_CANONICAL",
        "facility_type": "SUBSTATION",
        "fgn": "FGN0_000095",
        "highest_voltage_kv": 345,
        "hvdc_link_count": 0,
        "is_orphan": false,
        "legacy_gist_reference": false,
        "name": "서대구",
        "nmi": "NMI000095",
        "voltage_band": "345",
        "voltage_classes": "154;345"
      },
      "type": "Feature"
    },
    {
      "geometry": {
        "coordinates": [
          126.9682969,
          37.564261
        ],
        "type": "Point"
      },
      "properties": {
        "ac_pair_count": 4,
        "connected_physical_pair_count": 4,
        "coordinate_method": "LOCAL_OSM_PUBLIC_MAP_EXTRACT",
        "coordinate_tier": "GEO_C_STRONG_NAME_MATCH",
        "facility_type": "SUBSTATION",
        "fgn": "FGN0_000582",
        "highest_voltage_kv": 154,
        "hvdc_link_count": 0,
        "is_orphan": false,
        "legacy_gist_reference": false,
        "name": "서대문",
        "nmi": "NMI000586",
        "voltage_band": "154",
        "voltage_classes": "154"
      },
      "type": "Feature"
    },
    {
      "geometry": {
        "coordinates": [
          127.3725079,
          36.3277826
        ],
        "type": "Point"
      },
      "properties": {
        "ac_pair_count": 3,
        "connected_physical_pair_count": 3,
        "coordinate_method": "LOCAL_OSM_PUBLIC_MAP_EXTRACT",
        "coordinate_tier": "GEO_C_STRONG_NAME_MATCH",
        "facility_type": "SUBSTATION",
        "fgn": "FGN0_000583",
        "highest_voltage_kv": 154,
        "hvdc_link_count": 0,
        "is_orphan": false,
        "legacy_gist_reference": false,
        "name": "서대전",
        "nmi": "NMI000587",
        "voltage_band": "154",
        "voltage_classes": "154"
      },
      "type": "Feature"
    },
    {
      "geometry": {
        "coordinates": [
          128.558918,
          35.1788972
        ],
        "type": "Point"
      },
      "properties": {
        "ac_pair_count": 2,
        "connected_physical_pair_count": 2,
        "coordinate_method": "LOCAL_OSM_PUBLIC_MAP_EXTRACT",
        "coordinate_tier": "GEO_C_STRONG_NAME_MATCH",
        "facility_type": "SUBSTATION",
        "fgn": "FGN0_000584",
        "highest_voltage_kv": 154,
        "hvdc_link_count": 0,
        "is_orphan": false,
        "legacy_gist_reference": false,
        "name": "서마산",
        "nmi": "NMI000588",
        "voltage_band": "154",
        "voltage_classes": "154"
      },
      "type": "Feature"
    },
    {
      "geometry": {
        "coordinates": [
          129.0601489,
          35.1526878
        ],
        "type": "Point"
      },
      "properties": {
        "ac_pair_count": 2,
        "connected_physical_pair_count": 2,
        "coordinate_method": "LOCAL_OSM_PUBLIC_MAP_EXTRACT",
        "coordinate_tier": "GEO_C_STRONG_NAME_MATCH",
        "facility_type": "SUBSTATION",
        "fgn": "FGN0_000585",
        "highest_voltage_kv": 154,
        "hvdc_link_count": 0,
        "is_orphan": false,
        "legacy_gist_reference": false,
        "name": "서면",
        "nmi": "NMI000589",
        "voltage_band": "154",
        "voltage_classes": "154"
      },
      "type": "Feature"
    },
    {
      "geometry": {
        "coordinates": [
          128.9956881,
          35.1478515
        ],
        "type": "Point"
      },
      "properties": {
        "ac_pair_count": 6,
        "connected_physical_pair_count": 6,
        "coordinate_method": "LOCAL_OSM_PUBLIC_MAP_EXTRACT",
        "coordinate_tier": "GEO_C_STRONG_NAME_MATCH",
        "facility_type": "SUBSTATION",
        "fgn": "FGN0_000097",
        "highest_voltage_kv": 345,
        "hvdc_link_count": 0,
        "is_orphan": false,
        "legacy_gist_reference": false,
        "name": "서부산",
        "nmi": "NMI000097",
        "voltage_band": "345",
        "voltage_classes": "154;345"
      },
      "type": "Feature"
    },
    {
      "geometry": {
        "coordinates": [
          126.4645982,
          36.7968179
        ],
        "type": "Point"
      },
      "properties": {
        "ac_pair_count": 7,
        "connected_physical_pair_count": 7,
        "coordinate_method": "LOCAL_OSM_PUBLIC_MAP_EXTRACT",
        "coordinate_tier": "GEO_C_STRONG_NAME_MATCH",
        "facility_type": "SUBSTATION",
        "fgn": "FGN0_000098",
        "highest_voltage_kv": 345,
        "hvdc_link_count": 0,
        "is_orphan": false,
        "legacy_gist_reference": false,
        "name": "서산",
        "nmi": "NMI000098",
        "voltage_band": "345",
        "voltage_classes": "154;345"
      },
      "type": "Feature"
    },
    {
      "geometry": {
        "coordinates": [
          126.916917,
          37.3102677
        ],
        "type": "Point"
      },
      "properties": {
        "ac_pair_count": 14,
        "connected_physical_pair_count": 14,
        "coordinate_method": "LOCAL_OSM_PUBLIC_MAP_EXTRACT",
        "coordinate_tier": "GEO_C_STRONG_NAME_MATCH",
        "facility_type": "SUBSTATION",
        "fgn": "FGN0_000099",
        "highest_voltage_kv": 345,
        "hvdc_link_count": 0,
        "is_orphan": false,
        "legacy_gist_reference": false,
        "name": "서서울",
        "nmi": "NMI000099",
        "voltage_band": "345",
        "voltage_classes": "154;345"
      },
      "type": "Feature"
    },
    {
      "geometry": {
        "coordinates": [
          126.91620584597848,
          37.31049820185753
        ],
        "type": "Point"
      },
      "properties": {
        "ac_pair_count": 4,
        "connected_physical_pair_count": 4,
        "coordinate_method": "OFFLINE_APPROVED_OFFICIAL_FACILITY_SITE_GEOMETRY_REPLAY",
        "coordinate_tier": "GEO_B_FACILITY_SITE",
        "facility_type": "SUBSTATION",
        "fgn": "FGN0_000100",
        "highest_voltage_kv": 345,
        "hvdc_link_count": 0,
        "is_orphan": false,
        "legacy_gist_reference": false,
        "name": "서서울2",
        "nmi": "NMI000100",
        "voltage_band": "345",
        "voltage_classes": "154;345"
      },
      "type": "Feature"
    },
    {
      "geometry": {
        "coordinates": [
          127.2429593,
          36.4666618
        ],
        "type": "Point"
      },
      "properties": {
        "ac_pair_count": 4,
        "connected_physical_pair_count": 4,
        "coordinate_method": "LOCAL_OSM_PUBLIC_MAP_EXTRACT",
        "coordinate_tier": "GEO_C_STRONG_NAME_MATCH",
        "facility_type": "SUBSTATION",
        "fgn": "FGN0_000586",
        "highest_voltage_kv": 154,
        "hvdc_link_count": 0,
        "is_orphan": false,
        "legacy_gist_reference": false,
        "name": "서세종",
        "nmi": "NMI000590",
        "voltage_band": "154",
        "voltage_classes": "154"
      },
      "type": "Feature"
    },
    {
      "geometry": {
        "coordinates": [
          126.97392911552848,
          37.563448782088294
        ],
        "type": "Point"
      },
      "properties": {
        "ac_pair_count": 5,
        "connected_physical_pair_count": 5,
        "coordinate_method": "KECO_PUBLIC_BUILDING_REGISTRY_PLUS_OSM_BUILDING_POLYGON",
        "coordinate_tier": "GEO_B_OFFICIAL_ADDRESS",
        "facility_type": "SUBSTATION",
        "fgn": "FGN0_000587",
        "highest_voltage_kv": 154,
        "hvdc_link_count": 0,
        "is_orphan": false,
        "legacy_gist_reference": false,
        "name": "서소문",
        "nmi": "NMI000591",
        "voltage_band": "154",
        "voltage_classes": "154"
      },
      "type": "Feature"
    },
    {
      "geometry": {
        "coordinates": [
          126.9630132,
          37.2918417
        ],
        "type": "Point"
      },
      "properties": {
        "ac_pair_count": 3,
        "connected_physical_pair_count": 3,
        "coordinate_method": "LOCAL_OSM_PUBLIC_MAP_EXTRACT",
        "coordinate_tier": "GEO_C_STRONG_NAME_MATCH",
        "facility_type": "SUBSTATION",
        "fgn": "FGN0_000588",
        "highest_voltage_kv": 154,
        "hvdc_link_count": 0,
        "is_orphan": false,
        "legacy_gist_reference": false,
        "name": "서수원",
        "nmi": "NMI000592",
        "voltage_band": "154",
        "voltage_classes": "154"
      },
      "type": "Feature"
    },
    {
      "geometry": {
        "coordinates": [
          127.479598,
          34.909112
        ],
        "type": "Point"
      },
      "properties": {
        "ac_pair_count": 3,
        "connected_physical_pair_count": 3,
        "coordinate_method": "LOCAL_OSM_PUBLIC_MAP_EXTRACT",
        "coordinate_tier": "GEO_C_STRONG_NAME_MATCH",
        "facility_type": "SUBSTATION",
        "fgn": "FGN0_000589",
        "highest_voltage_kv": 154,
        "hvdc_link_count": 0,
        "is_orphan": false,
        "legacy_gist_reference": false,
        "name": "서순천",
        "nmi": "NMI000593",
        "voltage_band": "154",
        "voltage_classes": "154"
      },
      "type": "Feature"
    },
    {
      "geometry": {
        "coordinates": [
          126.7066516,
          37.3488544
        ],
        "type": "Point"
      },
      "properties": {
        "ac_pair_count": 2,
        "connected_physical_pair_count": 2,
        "coordinate_method": "LOCAL_OSM_PUBLIC_MAP_EXTRACT",
        "coordinate_tier": "GEO_C_STRONG_NAME_MATCH",
        "facility_type": "SUBSTATION",
        "fgn": "FGN0_000590",
        "highest_voltage_kv": 154,
        "hvdc_link_count": 0,
        "is_orphan": false,
        "legacy_gist_reference": false,
        "name": "서시화",
        "nmi": "NMI000594",
        "voltage_band": "154",
        "voltage_classes": "154"
      },
      "type": "Feature"
    },
    {
      "geometry": {
        "coordinates": [
          127.22082123632241,
          37.09855918425623
        ],
        "type": "Point"
      },
      "properties": {
        "ac_pair_count": 6,
        "connected_physical_pair_count": 6,
        "coordinate_method": "Official exact-PNU parcel, EPSG:900913 to EPSG:5179 interior representative_point then EPSG:4326",
        "coordinate_tier": "GEO_B_FACILITY_SITE",
        "facility_type": "SUBSTATION",
        "fgn": "FGN0_000101",
        "highest_voltage_kv": 345,
        "hvdc_link_count": 0,
        "is_orphan": false,
        "legacy_gist_reference": false,
        "name": "서안성",
        "nmi": "NMI000101",
        "voltage_band": "345",
        "voltage_classes": "154;345"
      },
      "type": "Feature"
    },
    {
      "geometry": {
        "coordinates": [
          126.90537690351,
          37.4022947271
        ],
        "type": "Point"
      },
      "properties": {
        "ac_pair_count": 3,
        "connected_physical_pair_count": 3,
        "coordinate_method": "V10_EXACT_IDENTITY_AND_LOCATOR_CLOSURE",
        "coordinate_tier": "GEO_B_OFFICIAL_ADDRESS",
        "facility_type": "SUBSTATION",
        "fgn": "FGN0_000591",
        "highest_voltage_kv": 154,
        "hvdc_link_count": 0,
        "is_orphan": false,
        "legacy_gist_reference": false,
        "name": "서안양",
        "nmi": "NMI000595",
        "voltage_band": "154",
        "voltage_classes": "154"
      },
      "type": "Feature"
    },
    {
      "geometry": {
        "coordinates": [
          127.2708973,
          36.9738245
        ],
        "type": "Point"
      },
      "properties": {
        "ac_pair_count": 4,
        "connected_physical_pair_count": 4,
        "coordinate_method": "LOCAL_OSM_PUBLIC_MAP_EXTRACT",
        "coordinate_tier": "GEO_C_STRONG_NAME_MATCH",
        "facility_type": "SUBSTATION",
        "fgn": "FGN0_000592",
        "highest_voltage_kv": 154,
        "hvdc_link_count": 0,
        "is_orphan": false,
        "legacy_gist_reference": false,
        "name": "서운",
        "nmi": "NMI000596",
        "voltage_band": "154",
        "voltage_classes": "154"
      },
      "type": "Feature"
    },
    {
      "geometry": {
        "coordinates": [
          127.8736828,
          37.3689551
        ],
        "type": "Point"
      },
      "properties": {
        "ac_pair_count": 2,
        "connected_physical_pair_count": 2,
        "coordinate_method": "LOCAL_OSM_PUBLIC_MAP_EXTRACT",
        "coordinate_tier": "GEO_C_STRONG_NAME_MATCH",
        "facility_type": "SUBSTATION",
        "fgn": "FGN0_000593",
        "highest_voltage_kv": 154,
        "hvdc_link_count": 0,
        "is_orphan": false,
        "legacy_gist_reference": false,
        "name": "서원주",
        "nmi": "NMI000597",
        "voltage_band": "154",
        "voltage_classes": "154"
      },
      "type": "Feature"
    },
    {
      "geometry": {
        "coordinates": [
          126.6017701,
          37.5353658
        ],
        "type": "Point"
      },
      "properties": {
        "ac_pair_count": 7,
        "connected_physical_pair_count": 7,
        "coordinate_method": "LOCAL_OSM_PUBLIC_MAP_EXTRACT",
        "coordinate_tier": "GEO_C_STRONG_NAME_MATCH",
        "facility_type": "PLANT_SWITCHYARD",
        "fgn": "FGN0_000102",
        "highest_voltage_kv": 345,
        "hvdc_link_count": 0,
        "is_orphan": false,
        "legacy_gist_reference": false,
        "name": "서인천",
        "nmi": "NMI000102",
        "voltage_band": "345",
        "voltage_classes": "345"
      },
      "type": "Feature"
    },
    {
      "geometry": {
        "coordinates": [
          126.6017701,
          37.5353658
        ],
        "type": "Point"
      },
      "properties": {
        "ac_pair_count": 6,
        "connected_physical_pair_count": 6,
        "coordinate_method": "LOCAL_OSM_PUBLIC_MAP_EXTRACT",
        "coordinate_tier": "GEO_C_STRONG_NAME_MATCH",
        "facility_type": "PLANT_SWITCHYARD",
        "fgn": "FGN0_000103",
        "highest_voltage_kv": 345,
        "hvdc_link_count": 0,
        "is_orphan": false,
        "legacy_gist_reference": false,
        "name": "서인천CC",
        "nmi": "NMI000103",
        "voltage_band": "345",
        "voltage_classes": "154;345"
      },
      "type": "Feature"
    },
    {
      "geometry": {
        "coordinates": [
          127.3569386,
          37.6222851
        ],
        "type": "Point"
      },
      "properties": {
        "ac_pair_count": 2,
        "connected_physical_pair_count": 2,
        "coordinate_method": "LOCAL_OSM_PUBLIC_MAP_EXTRACT",
        "coordinate_tier": "GEO_C_STRONG_NAME_MATCH",
        "facility_type": "SUBSTATION",
        "fgn": "FGN0_000594",
        "highest_voltage_kv": 154,
        "hvdc_link_count": 0,
        "is_orphan": false,
        "legacy_gist_reference": false,
        "name": "서종",
        "nmi": "NMI000599",
        "voltage_band": "154",
        "voltage_classes": "154"
      },
      "type": "Feature"
    },
    {
      "geometry": {
        "coordinates": [
          129.17217722948095,
          35.4121153246086
        ],
        "type": "Point"
      },
      "properties": {
        "ac_pair_count": 2,
        "connected_physical_pair_count": 2,
        "coordinate_method": "Official exact-PNU parcel, EPSG:900913 to EPSG:5179 interior representative_point then EPSG:4326",
        "coordinate_tier": "GEO_B_FACILITY_SITE",
        "facility_type": "SUBSTATION",
        "fgn": "FGN0_000595",
        "highest_voltage_kv": 154,
        "hvdc_link_count": 0,
        "is_orphan": false,
        "legacy_gist_reference": false,
        "name": "서창",
        "nmi": "NMI000600",
        "voltage_band": "154",
        "voltage_classes": "154"
      },
      "type": "Feature"
    },
    {
      "geometry": {
        "coordinates": [
          127.1166174,
          36.8594679
        ],
        "type": "Point"
      },
      "properties": {
        "ac_pair_count": 3,
        "connected_physical_pair_count": 3,
        "coordinate_method": "LOCAL_OSM_PUBLIC_MAP_EXTRACT",
        "coordinate_tier": "GEO_C_STRONG_NAME_MATCH",
        "facility_type": "SUBSTATION",
        "fgn": "FGN0_000597",
        "highest_voltage_kv": 154,
        "hvdc_link_count": 0,
        "is_orphan": false,
        "legacy_gist_reference": false,
        "name": "서천안",
        "nmi": "NMI000602",
        "voltage_band": "154",
        "voltage_classes": "154"
      },
      "type": "Feature"
    },
    {
      "geometry": {
        "coordinates": [
          127.430851,
          36.6325562
        ],
        "type": "Point"
      },
      "properties": {
        "ac_pair_count": 2,
        "connected_physical_pair_count": 2,
        "coordinate_method": "LOCAL_OSM_PUBLIC_MAP_EXTRACT",
        "coordinate_tier": "GEO_C_STRONG_NAME_MATCH",
        "facility_type": "SUBSTATION",
        "fgn": "FGN0_000598",
        "highest_voltage_kv": 154,
        "hvdc_link_count": 0,
        "is_orphan": false,
        "legacy_gist_reference": false,
        "name": "서청주",
        "nmi": "NMI000603",
        "voltage_band": "154",
        "voltage_classes": "154"
      },
      "type": "Feature"
    },
    {
      "geometry": {
        "coordinates": [
          127.0124603,
          37.4941631
        ],
        "type": "Point"
      },
      "properties": {
        "ac_pair_count": 1,
        "connected_physical_pair_count": 1,
        "coordinate_method": "LOCAL_OSM_PUBLIC_MAP_EXTRACT",
        "coordinate_tier": "GEO_C_STRONG_NAME_MATCH",
        "facility_type": "SUBSTATION",
        "fgn": "FGN0_000599",
        "highest_voltage_kv": 154,
        "hvdc_link_count": 0,
        "is_orphan": false,
        "legacy_gist_reference": false,
        "name": "서초",
        "nmi": "NMI000604",
        "voltage_band": "154",
        "voltage_classes": "154"
      },
      "type": "Feature"
    },
    {
      "geometry": {
        "coordinates": [
          128.5837427,
          35.8866682
        ],
        "type": "Point"
      },
      "properties": {
        "ac_pair_count": 3,
        "connected_physical_pair_count": 3,
        "coordinate_method": "LOCAL_OSM_PUBLIC_MAP_EXTRACT",
        "coordinate_tier": "GEO_C_STRONG_NAME_MATCH",
        "facility_type": "SUBSTATION",
        "fgn": "FGN0_000600",
        "highest_voltage_kv": 154,
        "hvdc_link_count": 0,
        "is_orphan": false,
        "legacy_gist_reference": false,
        "name": "서침산",
        "nmi": "NMI000605",
        "voltage_band": "154",
        "voltage_classes": "154"
      },
      "type": "Feature"
    },
    {
      "geometry": {
        "coordinates": [
          127.0715675,
          37.3913913
        ],
        "type": "Point"
      },
      "properties": {
        "ac_pair_count": 2,
        "connected_physical_pair_count": 2,
        "coordinate_method": "LOCAL_OSM_PUBLIC_MAP_EXTRACT",
        "coordinate_tier": "GEO_C_STRONG_NAME_MATCH",
        "facility_type": "SUBSTATION",
        "fgn": "FGN0_000601",
        "highest_voltage_kv": 154,
        "hvdc_link_count": 0,
        "is_orphan": false,
        "legacy_gist_reference": false,
        "name": "서판교",
        "nmi": "NMI000606",
        "voltage_band": "154",
        "voltage_classes": "154"
      },
      "type": "Feature"
    },
    {
      "geometry": {
        "coordinates": [
          129.3219462,
          36.0674261
        ],
        "type": "Point"
      },
      "properties": {
        "ac_pair_count": 1,
        "connected_physical_pair_count": 1,
        "coordinate_method": "LOCAL_OSM_PUBLIC_MAP_EXTRACT",
        "coordinate_tier": "GEO_C_STRONG_NAME_MATCH",
        "facility_type": "SOURCE_SCOPED_UNRESOLVED",
        "fgn": "FGN0_000944",
        "highest_voltage_kv": 154,
        "hvdc_link_count": 0,
        "is_orphan": false,
        "legacy_gist_reference": false,
        "name": "서포항SS",
        "nmi": "",
        "voltage_band": "154",
        "voltage_classes": "154"
      },
      "type": "Feature"
    },
    {
      "geometry": {
        "coordinates": [
          127.5795722,
          37.6809577
        ],
        "type": "Point"
      },
      "properties": {
        "ac_pair_count": 2,
        "connected_physical_pair_count": 2,
        "coordinate_method": "LOCAL_OSM_PUBLIC_MAP_EXTRACT",
        "coordinate_tier": "GEO_C_STRONG_NAME_MATCH",
        "facility_type": "SUBSTATION",
        "fgn": "FGN0_000602",
        "highest_voltage_kv": 154,
        "hvdc_link_count": 0,
        "is_orphan": false,
        "legacy_gist_reference": false,
        "name": "서홍천",
        "nmi": "NMI000607",
        "voltage_band": "154",
        "voltage_classes": "154"
      },
      "type": "Feature"
    },
    {
      "geometry": {
        "coordinates": [
          127.0649563,
          36.907811
        ],
        "type": "Point"
      },
      "properties": {
        "ac_pair_count": 2,
        "connected_physical_pair_count": 2,
        "coordinate_method": "LOCAL_OSM_PUBLIC_MAP_EXTRACT",
        "coordinate_tier": "GEO_C_STRONG_NAME_MATCH",
        "facility_type": "SUBSTATION",
        "fgn": "FGN0_000603",
        "highest_voltage_kv": 154,
        "hvdc_link_count": 0,
        "is_orphan": false,
        "legacy_gist_reference": false,
        "name": "석곡",
        "nmi": "NMI000608",
        "voltage_band": "154",
        "voltage_classes": "154"
      },
      "type": "Feature"
    },
    {
      "geometry": {
        "coordinates": [
          126.5575428,
          37.0079098
        ],
        "type": "Point"
      },
      "properties": {
        "ac_pair_count": 2,
        "connected_physical_pair_count": 2,
        "coordinate_method": "LOCAL_OSM_PUBLIC_MAP_EXTRACT",
        "coordinate_tier": "GEO_C_STRONG_NAME_MATCH",
        "facility_type": "SUBSTATION",
        "fgn": "FGN0_000604",
        "highest_voltage_kv": 154,
        "hvdc_link_count": 0,
        "is_orphan": false,
        "legacy_gist_reference": false,
        "name": "석문",
        "nmi": "NMI000609",
        "voltage_band": "154",
        "voltage_classes": "154"
      },
      "type": "Feature"
    },
    {
      "geometry": {
        "coordinates": [
          127.1045611,
          37.5137514
        ],
        "type": "Point"
      },
      "properties": {
        "ac_pair_count": 2,
        "connected_physical_pair_count": 2,
        "coordinate_method": "LOCAL_OSM_PUBLIC_MAP_EXTRACT",
        "coordinate_tier": "GEO_C_STRONG_NAME_MATCH",
        "facility_type": "SUBSTATION",
        "fgn": "FGN0_000605",
        "highest_voltage_kv": 154,
        "hvdc_link_count": 0,
        "is_orphan": false,
        "legacy_gist_reference": false,
        "name": "석촌",
        "nmi": "NMI000610",
        "voltage_band": "154",
        "voltage_classes": "154"
      },
      "type": "Feature"
    },
    {
      "geometry": {
        "coordinates": [
          127.0581983,
          37.5114431
        ],
        "type": "Point"
      },
      "properties": {
        "ac_pair_count": 3,
        "connected_physical_pair_count": 3,
        "coordinate_method": "LOCAL_OSM_PUBLIC_MAP_EXTRACT",
        "coordinate_tier": "GEO_C_STRONG_NAME_MATCH",
        "facility_type": "SUBSTATION",
        "fgn": "FGN0_000606",
        "highest_voltage_kv": 154,
        "hvdc_link_count": 0,
        "is_orphan": false,
        "legacy_gist_reference": false,
        "name": "선릉",
        "nmi": "NMI000611",
        "voltage_band": "154",
        "voltage_classes": "154"
      },
      "type": "Feature"
    },
    {
      "geometry": {
        "coordinates": [
          128.43089928377697,
          36.17647817518565
        ],
        "type": "Point"
      },
      "properties": {
        "ac_pair_count": 9,
        "connected_physical_pair_count": 9,
        "coordinate_method": "Official exact-PNU parcel, EPSG:900913 to EPSG:5179 interior representative_point then EPSG:4326",
        "coordinate_tier": "GEO_B_FACILITY_SITE",
        "facility_type": "SUBSTATION",
        "fgn": "FGN0_000104",
        "highest_voltage_kv": 345,
        "hvdc_link_count": 0,
        "is_orphan": false,
        "legacy_gist_reference": false,
        "name": "선산",
        "nmi": "NMI000104",
        "voltage_band": "345",
        "voltage_classes": "154;345"
      },
      "type": "Feature"
    },
    {
      "geometry": {
        "coordinates": [
          126.8010589,
          37.8543318
        ],
        "type": "Point"
      },
      "properties": {
        "ac_pair_count": 1,
        "connected_physical_pair_count": 1,
        "coordinate_method": "LOCAL_OSM_PUBLIC_MAP_EXTRACT",
        "coordinate_tier": "GEO_C_STRONG_NAME_MATCH",
        "facility_type": "SUBSTATION",
        "fgn": "FGN0_000607",
        "highest_voltage_kv": 154,
        "hvdc_link_count": 0,
        "is_orphan": false,
        "legacy_gist_reference": false,
        "name": "선유",
        "nmi": "NMI000612",
        "voltage_band": "154",
        "voltage_classes": "154"
      },
      "type": "Feature"
    },
    {
      "geometry": {
        "coordinates": [
          127.2095361,
          36.8843232
        ],
        "type": "Point"
      },
      "properties": {
        "ac_pair_count": 2,
        "connected_physical_pair_count": 2,
        "coordinate_method": "LOCAL_OSM_PUBLIC_MAP_EXTRACT",
        "coordinate_tier": "GEO_C_STRONG_NAME_MATCH",
        "facility_type": "SUBSTATION",
        "fgn": "FGN0_000608",
        "highest_voltage_kv": 154,
        "hvdc_link_count": 0,
        "is_orphan": false,
        "legacy_gist_reference": false,
        "name": "성거",
        "nmi": "NMI000614",
        "voltage_band": "154",
        "voltage_classes": "154"
      },
      "type": "Feature"
    },
    {
      "geometry": {
        "coordinates": [
          126.7567821,
          37.3084582
        ],
        "type": "Point"
      },
      "properties": {
        "ac_pair_count": 3,
        "connected_physical_pair_count": 3,
        "coordinate_method": "LOCAL_OSM_PUBLIC_MAP_EXTRACT",
        "coordinate_tier": "GEO_C_STRONG_NAME_MATCH",
        "facility_type": "SUBSTATION",
        "fgn": "FGN0_000609",
        "highest_voltage_kv": 154,
        "hvdc_link_count": 0,
        "is_orphan": false,
        "legacy_gist_reference": false,
        "name": "성곡",
        "nmi": "NMI000615",
        "voltage_band": "154",
        "voltage_classes": "154"
      },
      "type": "Feature"
    },
    {
      "geometry": {
        "coordinates": [
          127.0396772,
          37.5680601
        ],
        "type": "Point"
      },
      "properties": {
        "ac_pair_count": 7,
        "connected_physical_pair_count": 7,
        "coordinate_method": "LOCAL_OSM_PUBLIC_MAP_EXTRACT",
        "coordinate_tier": "GEO_C_STRONG_NAME_MATCH",
        "facility_type": "SUBSTATION",
        "fgn": "FGN0_000105",
        "highest_voltage_kv": 345,
        "hvdc_link_count": 0,
        "is_orphan": false,
        "legacy_gist_reference": false,
        "name": "성동",
        "nmi": "NMI000105",
        "voltage_band": "345",
        "voltage_classes": "154;345"
      },
      "type": "Feature"
    },
    {
      "geometry": {
        "coordinates": [
          127.5436524379036,
          36.972169341419544
        ],
        "type": "Point"
      },
      "properties": {
        "ac_pair_count": 1,
        "connected_physical_pair_count": 1,
        "coordinate_method": "OFFLINE_APPROVED_OFFICIAL_FACILITY_SITE_GEOMETRY_REPLAY",
        "coordinate_tier": "GEO_B_FACILITY_SITE",
        "facility_type": "SOURCE_SCOPED_UNRESOLVED",
        "fgn": "FGN0_000983",
        "highest_voltage_kv": 154,
        "hvdc_link_count": 0,
        "is_orphan": false,
        "legacy_gist_reference": false,
        "name": "성본SS",
        "nmi": "",
        "voltage_band": "154",
        "voltage_classes": "154"
      },
      "type": "Feature"
    },
    {
      "geometry": {
        "coordinates": [
          126.855805346654,
          33.443499410277525
        ],
        "type": "Point"
      },
      "properties": {
        "ac_pair_count": 2,
        "connected_physical_pair_count": 2,
        "coordinate_method": "Official exact-PNU parcel, EPSG:900913 to EPSG:5179 interior representative_point then EPSG:4326",
        "coordinate_tier": "GEO_B_FACILITY_SITE",
        "facility_type": "SUBSTATION",
        "fgn": "FGN0_000610",
        "highest_voltage_kv": 154,
        "hvdc_link_count": 0,
        "is_orphan": false,
        "legacy_gist_reference": false,
        "name": "성산",
        "nmi": "NMI000616",
        "voltage_band": "154",
        "voltage_classes": "154"
      },
      "type": "Feature"
    },
    {
      "geometry": {
        "coordinates": [
          128.4932099,
          35.8311837
        ],
        "type": "Point"
      },
      "properties": {
        "ac_pair_count": 3,
        "connected_physical_pair_count": 3,
        "coordinate_method": "LOCAL_OSM_PUBLIC_MAP_EXTRACT",
        "coordinate_tier": "GEO_C_STRONG_NAME_MATCH",
        "facility_type": "SUBSTATION",
        "fgn": "FGN0_000611",
        "highest_voltage_kv": 154,
        "hvdc_link_count": 0,
        "is_orphan": false,
        "legacy_gist_reference": false,
        "name": "성서",
        "nmi": "NMI000617",
        "voltage_band": "154",
        "voltage_classes": "154"
      },
      "type": "Feature"
    },
    {
      "geometry": {
        "coordinates": [
          127.0643924,
          37.5471772
        ],
        "type": "Point"
      },
      "properties": {
        "ac_pair_count": 3,
        "connected_physical_pair_count": 3,
        "coordinate_method": "OSM_GLOBAL_POWER_GRID_KOREA_REFERENCE_V0",
        "coordinate_tier": "GEO_C_STRONG_NAME_MATCH",
        "facility_type": "SUBSTATION",
        "fgn": "FGN0_000612",
        "highest_voltage_kv": 154,
        "hvdc_link_count": 0,
        "is_orphan": false,
        "legacy_gist_reference": false,
        "name": "성수",
        "nmi": "NMI000618",
        "voltage_band": "154",
        "voltage_classes": "154"
      },
      "type": "Feature"
    },
    {
      "geometry": {
        "coordinates": [
          129.35471294284892,
          35.487613003106674
        ],
        "type": "Point"
      },
      "properties": {
        "ac_pair_count": 4,
        "connected_physical_pair_count": 4,
        "coordinate_method": "Official exact-PNU parcel, EPSG:900913 to EPSG:5179 interior representative_point then EPSG:4326",
        "coordinate_tier": "GEO_B_FACILITY_SITE",
        "facility_type": "SUBSTATION",
        "fgn": "FGN0_000106",
        "highest_voltage_kv": 154,
        "hvdc_link_count": 0,
        "is_orphan": false,
        "legacy_gist_reference": false,
        "name": "성암",
        "nmi": "NMI000106",
        "voltage_band": "154",
        "voltage_classes": "154"
      },
      "type": "Feature"
    },
    {
      "geometry": {
        "coordinates": [
          126.4430648,
          36.8444998
        ],
        "type": "Point"
      },
      "properties": {
        "ac_pair_count": 2,
        "connected_physical_pair_count": 2,
        "coordinate_method": "LOCAL_OSM_PUBLIC_MAP_EXTRACT",
        "coordinate_tier": "GEO_C_STRONG_NAME_MATCH",
        "facility_type": "SUBSTATION",
        "fgn": "FGN0_000613",
        "highest_voltage_kv": 154,
        "hvdc_link_count": 0,
        "is_orphan": false,
        "legacy_gist_reference": false,
        "name": "성연",
        "nmi": "NMI000620",
        "voltage_band": "154",
        "voltage_classes": "154"
      },
      "type": "Feature"
    },
    {
      "geometry": {
        "coordinates": [
          128.2978325889981,
          35.9313453329917
        ],
        "type": "Point"
      },
      "properties": {
        "ac_pair_count": 2,
        "connected_physical_pair_count": 2,
        "coordinate_method": "V11_HISTORICAL_PROJECT_CADASTRAL_CLOSURE",
        "coordinate_tier": "GEO_B_OFFICIAL_ADDRESS",
        "facility_type": "SUBSTATION",
        "fgn": "FGN0_000614",
        "highest_voltage_kv": 154,
        "hvdc_link_count": 0,
        "is_orphan": false,
        "legacy_gist_reference": false,
        "name": "성주",
        "nmi": "NMI000621",
        "voltage_band": "154",
        "voltage_classes": "154"
      },
      "type": "Feature"
    },
    {
      "geometry": {
        "coordinates": [
          126.8441203,
          37.3150043
        ],
        "type": "Point"
      },
      "properties": {
        "ac_pair_count": 2,
        "connected_physical_pair_count": 2,
        "coordinate_method": "LOCAL_OSM_PUBLIC_MAP_EXTRACT",
        "coordinate_tier": "GEO_C_STRONG_NAME_MATCH",
        "facility_type": "SUBSTATION",
        "fgn": "FGN0_000615",
        "highest_voltage_kv": 154,
        "hvdc_link_count": 0,
        "is_orphan": false,
        "legacy_gist_reference": false,
        "name": "성포",
        "nmi": "NMI000622",
        "voltage_band": "154",
        "voltage_classes": "154"
      },
      "type": "Feature"
    },
    {
      "geometry": {
        "coordinates": [
          127.1629935,
          37.4263514
        ],
        "type": "Point"
      },
      "properties": {
        "ac_pair_count": 4,
        "connected_physical_pair_count": 4,
        "coordinate_method": "LOCAL_OSM_PUBLIC_MAP_EXTRACT",
        "coordinate_tier": "GEO_C_STRONG_NAME_MATCH",
        "facility_type": "SUBSTATION",
        "fgn": "FGN0_000616",
        "highest_voltage_kv": 154,
        "hvdc_link_count": 0,
        "is_orphan": false,
        "legacy_gist_reference": false,
        "name": "성현",
        "nmi": "NMI000623",
        "voltage_band": "154",
        "voltage_classes": "154"
      },
      "type": "Feature"
    },
    {
      "geometry": {
        "coordinates": [
          127.0427301,
          37.189415
        ],
        "type": "Point"
      },
      "properties": {
        "ac_pair_count": 2,
        "connected_physical_pair_count": 2,
        "coordinate_method": "LOCAL_OSM_PUBLIC_MAP_EXTRACT",
        "coordinate_tier": "GEO_C_STRONG_NAME_MATCH",
        "facility_type": "SUBSTATION",
        "fgn": "FGN0_000617",
        "highest_voltage_kv": 154,
        "hvdc_link_count": 0,
        "is_orphan": false,
        "legacy_gist_reference": false,
        "name": "세교",
        "nmi": "NMI000624",
        "voltage_band": "154",
        "voltage_classes": "154"
      },
      "type": "Feature"
    },
    {
      "geometry": {
        "coordinates": [
          127.3348389,
          36.495537
        ],
        "type": "Point"
      },
      "properties": {
        "ac_pair_count": 8,
        "connected_physical_pair_count": 8,
        "coordinate_method": "LOCAL_OSM_PUBLIC_MAP_EXTRACT",
        "coordinate_tier": "GEO_C_STRONG_NAME_MATCH",
        "facility_type": "SUBSTATION",
        "fgn": "FGN0_000107",
        "highest_voltage_kv": 345,
        "hvdc_link_count": 0,
        "is_orphan": false,
        "legacy_gist_reference": false,
        "name": "세종",
        "nmi": "NMI000107",
        "voltage_band": "345",
        "voltage_classes": "154;345"
      },
      "type": "Feature"
    },
    {
      "geometry": {
        "coordinates": [
          126.9750366,
          37.5731287
        ],
        "type": "Point"
      },
      "properties": {
        "ac_pair_count": 5,
        "connected_physical_pair_count": 5,
        "coordinate_method": "LOCAL_OSM_PUBLIC_MAP_EXTRACT",
        "coordinate_tier": "GEO_C_STRONG_NAME_MATCH",
        "facility_type": "SUBSTATION",
        "fgn": "FGN0_000618",
        "highest_voltage_kv": 154,
        "hvdc_link_count": 0,
        "is_orphan": false,
        "legacy_gist_reference": false,
        "name": "세종로",
        "nmi": "NMI000625",
        "voltage_band": "154",
        "voltage_classes": "154"
      },
      "type": "Feature"
    },
    {
      "geometry": {
        "coordinates": [
          127.58981376403473,
          34.925011625674486
        ],
        "type": "Point"
      },
      "properties": {
        "ac_pair_count": 3,
        "connected_physical_pair_count": 3,
        "coordinate_method": "OFFLINE_APPROVED_OFFICIAL_FACILITY_SITE_GEOMETRY_REPLAY",
        "coordinate_tier": "GEO_B_FACILITY_SITE",
        "facility_type": "SOURCE_SCOPED_UNRESOLVED",
        "fgn": "FGN0_000945",
        "highest_voltage_kv": 154,
        "hvdc_link_count": 0,
        "is_orphan": false,
        "legacy_gist_reference": false,
        "name": "세풍SS",
        "nmi": "",
        "voltage_band": "154",
        "voltage_classes": "154"
      },
      "type": "Feature"
    },
    {
      "geometry": {
        "coordinates": [
          127.6356595,
          34.776392
        ],
        "type": "Point"
      },
      "properties": {
        "ac_pair_count": 2,
        "connected_physical_pair_count": 2,
        "coordinate_method": "LOCAL_OSM_PUBLIC_MAP_EXTRACT",
        "coordinate_tier": "GEO_C_STRONG_NAME_MATCH",
        "facility_type": "SUBSTATION",
        "fgn": "FGN0_000619",
        "highest_voltage_kv": 154,
        "hvdc_link_count": 0,
        "is_orphan": false,
        "legacy_gist_reference": false,
        "name": "소라",
        "nmi": "NMI000626",
        "voltage_band": "154",
        "voltage_classes": "154"
      },
      "type": "Feature"
    },
    {
      "geometry": {
        "coordinates": [
          126.789862,
          37.4618211
        ],
        "type": "Point"
      },
      "properties": {
        "ac_pair_count": 5,
        "connected_physical_pair_count": 5,
        "coordinate_method": "LOCAL_OSM_PUBLIC_MAP_EXTRACT",
        "coordinate_tier": "GEO_C_STRONG_NAME_MATCH",
        "facility_type": "SUBSTATION",
        "fgn": "FGN0_000620",
        "highest_voltage_kv": 154,
        "hvdc_link_count": 0,
        "is_orphan": false,
        "legacy_gist_reference": false,
        "name": "소래",
        "nmi": "NMI000627",
        "voltage_band": "154",
        "voltage_classes": "154"
      },
      "type": "Feature"
    },
    {
      "geometry": {
        "coordinates": [
          126.63571009622505,
          35.969543378699186
        ],
        "type": "Point"
      },
      "properties": {
        "ac_pair_count": 3,
        "connected_physical_pair_count": 3,
        "coordinate_method": "Official exact-PNU parcel, EPSG:900913 to EPSG:5179 interior representative_point then EPSG:4326",
        "coordinate_tier": "GEO_B_FACILITY_SITE",
        "facility_type": "SUBSTATION",
        "fgn": "FGN0_000621",
        "highest_voltage_kv": 154,
        "hvdc_link_count": 0,
        "is_orphan": false,
        "legacy_gist_reference": false,
        "name": "소룡",
        "nmi": "NMI000628",
        "voltage_band": "154",
        "voltage_classes": "154"
      },
      "type": "Feature"
    },
    {
      "geometry": {
        "coordinates": [
          127.1221538,
          37.0101114
        ],
        "type": "Point"
      },
      "properties": {
        "ac_pair_count": 2,
        "connected_physical_pair_count": 2,
        "coordinate_method": "LOCAL_OSM_PUBLIC_MAP_EXTRACT",
        "coordinate_tier": "GEO_C_STRONG_NAME_MATCH",
        "facility_type": "SUBSTATION",
        "fgn": "FGN0_000622",
        "highest_voltage_kv": 154,
        "hvdc_link_count": 0,
        "is_orphan": false,
        "legacy_gist_reference": false,
        "name": "소사벌",
        "nmi": "NMI000629",
        "voltage_band": "154",
        "voltage_classes": "154"
      },
      "type": "Feature"
    },
    {
      "geometry": {
        "coordinates": [
          127.8109176,
          37.9445807
        ],
        "type": "Point"
      },
      "properties": {
        "ac_pair_count": 1,
        "connected_physical_pair_count": 1,
        "coordinate_method": "LOCAL_OSM_PUBLIC_MAP_EXTRACT",
        "coordinate_tier": "GEO_C_STRONG_NAME_MATCH",
        "facility_type": "SOURCE_SCOPED_UNRESOLVED",
        "fgn": "FGN0_000946",
        "highest_voltage_kv": 154,
        "hvdc_link_count": 0,
        "is_orphan": false,
        "legacy_gist_reference": false,
        "name": "소양강HP",
        "nmi": "",
        "voltage_band": "154",
        "voltage_classes": "154"
      },
      "type": "Feature"
    },
    {
      "geometry": {
        "coordinates": [
          126.93234224062539,
          35.12251748479773
        ],
        "type": "Point"
      },
      "properties": {
        "ac_pair_count": 2,
        "connected_physical_pair_count": 2,
        "coordinate_method": "OFFLINE_APPROVED_OFFICIAL_FACILITY_SITE_GEOMETRY_REPLAY",
        "coordinate_tier": "GEO_B_FACILITY_SITE",
        "facility_type": "SUBSTATION",
        "fgn": "FGN0_000623",
        "highest_voltage_kv": 154,
        "hvdc_link_count": 0,
        "is_orphan": false,
        "legacy_gist_reference": false,
        "name": "소태",
        "nmi": "NMI000630",
        "voltage_band": "154",
        "voltage_classes": "154"
      },
      "type": "Feature"
    },
    {
      "geometry": {
        "coordinates": [
          128.5602409963206,
          38.184945682762084
        ],
        "type": "Point"
      },
      "properties": {
        "ac_pair_count": 2,
        "connected_physical_pair_count": 2,
        "coordinate_method": "Official exact-PNU parcel, EPSG:900913 to EPSG:5179 interior representative_point then EPSG:4326",
        "coordinate_tier": "GEO_B_FACILITY_SITE",
        "facility_type": "SUBSTATION",
        "fgn": "FGN0_000624",
        "highest_voltage_kv": 154,
        "hvdc_link_count": 0,
        "is_orphan": false,
        "legacy_gist_reference": false,
        "name": "속초",
        "nmi": "NMI000631",
        "voltage_band": "154",
        "voltage_classes": "154"
      },
      "type": "Feature"
    },
    {
      "geometry": {
        "coordinates": [
          127.3961992,
          36.4263312
        ],
        "type": "Point"
      },
      "properties": {
        "ac_pair_count": 4,
        "connected_physical_pair_count": 4,
        "coordinate_method": "LOCAL_OSM_PUBLIC_MAP_EXTRACT",
        "coordinate_tier": "GEO_C_STRONG_NAME_MATCH",
        "facility_type": "SUBSTATION",
        "fgn": "FGN0_000625",
        "highest_voltage_kv": 154,
        "hvdc_link_count": 0,
        "is_orphan": false,
        "legacy_gist_reference": false,
        "name": "송강",
        "nmi": "NMI000632",
        "voltage_band": "154",
        "voltage_classes": "154"
      },
      "type": "Feature"
    },
    {
      "geometry": {
        "coordinates": [
          126.638989,
          37.3704764
        ],
        "type": "Point"
      },
      "properties": {
        "ac_pair_count": 1,
        "connected_physical_pair_count": 1,
        "coordinate_method": "LOCAL_OSM_PUBLIC_MAP_EXTRACT",
        "coordinate_tier": "GEO_C_STRONG_NAME_MATCH",
        "facility_type": "SUBSTATION",
        "fgn": "FGN0_000626",
        "highest_voltage_kv": 154,
        "hvdc_link_count": 0,
        "is_orphan": false,
        "legacy_gist_reference": false,
        "name": "송도",
        "nmi": "NMI000633",
        "voltage_band": "154",
        "voltage_classes": "154"
      },
      "type": "Feature"
    },
    {
      "geometry": {
        "coordinates": [
          126.7682004,
          36.9632501
        ],
        "type": "Point"
      },
      "properties": {
        "ac_pair_count": 3,
        "connected_physical_pair_count": 3,
        "coordinate_method": "LOCAL_OSM_PUBLIC_MAP_EXTRACT",
        "coordinate_tier": "GEO_C_STRONG_NAME_MATCH",
        "facility_type": "SUBSTATION",
        "fgn": "FGN0_000108",
        "highest_voltage_kv": 345,
        "hvdc_link_count": 0,
        "is_orphan": false,
        "legacy_gist_reference": false,
        "name": "송악",
        "nmi": "NMI000108",
        "voltage_band": "345",
        "voltage_classes": "154;345"
      },
      "type": "Feature"
    },
    {
      "geometry": {
        "coordinates": [
          127.1372393,
          37.8206993
        ],
        "type": "Point"
      },
      "properties": {
        "ac_pair_count": 2,
        "connected_physical_pair_count": 2,
        "coordinate_method": "LOCAL_OSM_PUBLIC_MAP_EXTRACT",
        "coordinate_tier": "GEO_C_STRONG_NAME_MATCH",
        "facility_type": "SUBSTATION",
        "fgn": "FGN0_000109",
        "highest_voltage_kv": 345,
        "hvdc_link_count": 0,
        "is_orphan": false,
        "legacy_gist_reference": false,
        "name": "송우",
        "nmi": "NMI000109",
        "voltage_band": "345",
        "voltage_classes": "154;345"
      },
      "type": "Feature"
    },
    {
      "geometry": {
        "coordinates": [
          126.6190495,
          37.4820562
        ],
        "type": "Point"
      },
      "properties": {
        "ac_pair_count": 2,
        "connected_physical_pair_count": 2,
        "coordinate_method": "LOCAL_OSM_PUBLIC_MAP_EXTRACT",
        "coordinate_tier": "GEO_C_STRONG_NAME_MATCH",
        "facility_type": "SUBSTATION",
        "fgn": "FGN0_000627",
        "highest_voltage_kv": 154,
        "hvdc_link_count": 0,
        "is_orphan": false,
        "legacy_gist_reference": false,
        "name": "송월",
        "nmi": "NMI000634",
        "voltage_band": "154",
        "voltage_classes": "154"
      },
      "type": "Feature"
    },
    {
      "geometry": {
        "coordinates": [
          126.78944199651393,
          35.148009142608004
        ],
        "type": "Point"
      },
      "properties": {
        "ac_pair_count": 1,
        "connected_physical_pair_count": 1,
        "coordinate_method": "KECO_PUBLIC_BUILDING_REGISTRY_PLUS_EXACT_OSM_ELECTRICAL_POLYGON",
        "coordinate_tier": "GEO_C_STRONG_NAME_MATCH",
        "facility_type": "SUBSTATION",
        "fgn": "FGN0_000628",
        "highest_voltage_kv": 154,
        "hvdc_link_count": 0,
        "is_orphan": false,
        "legacy_gist_reference": false,
        "name": "송정",
        "nmi": "NMI000635",
        "voltage_band": "154",
        "voltage_classes": "154"
      },
      "type": "Feature"
    },
    {
      "geometry": {
        "coordinates": [
          127.089254,
          37.0306002
        ],
        "type": "Point"
      },
      "properties": {
        "ac_pair_count": 5,
        "connected_physical_pair_count": 5,
        "coordinate_method": "LOCAL_OSM_PUBLIC_MAP_EXTRACT",
        "coordinate_tier": "GEO_C_STRONG_NAME_MATCH",
        "facility_type": "SUBSTATION",
        "fgn": "FGN0_000629",
        "highest_voltage_kv": 154,
        "hvdc_link_count": 0,
        "is_orphan": false,
        "legacy_gist_reference": false,
        "name": "송탄",
        "nmi": "NMI000636",
        "voltage_band": "154",
        "voltage_classes": "154"
      },
      "type": "Feature"
    },
    {
      "geometry": {
        "coordinates": [
          127.119456,
          37.5086766
        ],
        "type": "Point"
      },
      "properties": {
        "ac_pair_count": 3,
        "connected_physical_pair_count": 3,
        "coordinate_method": "LOCAL_OSM_PUBLIC_MAP_EXTRACT",
        "coordinate_tier": "GEO_C_STRONG_NAME_MATCH",
        "facility_type": "SUBSTATION",
        "fgn": "FGN0_000630",
        "highest_voltage_kv": 154,
        "hvdc_link_count": 0,
        "is_orphan": false,
        "legacy_gist_reference": false,
        "name": "송파",
        "nmi": "NMI000637",
        "voltage_band": "154",
        "voltage_classes": "154"
      },
      "type": "Feature"
    },
    {
      "geometry": {
        "coordinates": [
          126.7614934,
          37.6854835
        ],
        "type": "Point"
      },
      "properties": {
        "ac_pair_count": 2,
        "connected_physical_pair_count": 2,
        "coordinate_method": "LOCAL_OSM_PUBLIC_MAP_EXTRACT",
        "coordinate_tier": "GEO_C_STRONG_NAME_MATCH",
        "facility_type": "SUBSTATION",
        "fgn": "FGN0_000631",
        "highest_voltage_kv": 154,
        "hvdc_link_count": 0,
        "is_orphan": false,
        "legacy_gist_reference": false,
        "name": "송포",
        "nmi": "NMI000638",
        "voltage_band": "154",
        "voltage_classes": "154"
      },
      "type": "Feature"
    },
    {
      "geometry": {
        "coordinates": [
          126.6375762,
          37.481531
        ],
        "type": "Point"
      },
      "properties": {
        "ac_pair_count": 3,
        "connected_physical_pair_count": 3,
        "coordinate_method": "LOCAL_OSM_PUBLIC_MAP_EXTRACT",
        "coordinate_tier": "GEO_C_STRONG_NAME_MATCH",
        "facility_type": "SUBSTATION",
        "fgn": "FGN0_000632",
        "highest_voltage_kv": 154,
        "hvdc_link_count": 0,
        "is_orphan": false,
        "legacy_gist_reference": false,
        "name": "송현",
        "nmi": "NMI000639",
        "voltage_band": "154",
        "voltage_classes": "154"
      },
      "type": "Feature"
    },
    {
      "geometry": {
        "coordinates": [
          128.7182439,
          35.3847965
        ],
        "type": "Point"
      },
      "properties": {
        "ac_pair_count": 2,
        "connected_physical_pair_count": 2,
        "coordinate_method": "LOCAL_OSM_PUBLIC_MAP_EXTRACT",
        "coordinate_tier": "GEO_C_STRONG_NAME_MATCH",
        "facility_type": "SUBSTATION",
        "fgn": "FGN0_000633",
        "highest_voltage_kv": 154,
        "hvdc_link_count": 0,
        "is_orphan": false,
        "legacy_gist_reference": false,
        "name": "수산",
        "nmi": "NMI000640",
        "voltage_band": "154",
        "voltage_classes": "154"
      },
      "type": "Feature"
    },
    {
      "geometry": {
        "coordinates": [
          126.8989129,
          37.5824836
        ],
        "type": "Point"
      },
      "properties": {
        "ac_pair_count": 5,
        "connected_physical_pair_count": 5,
        "coordinate_method": "LOCAL_OSM_PUBLIC_MAP_EXTRACT",
        "coordinate_tier": "GEO_C_STRONG_NAME_MATCH",
        "facility_type": "SUBSTATION",
        "fgn": "FGN0_000110",
        "highest_voltage_kv": 345,
        "hvdc_link_count": 0,
        "is_orphan": false,
        "legacy_gist_reference": false,
        "name": "수색",
        "nmi": "NMI000110",
        "voltage_band": "345",
        "voltage_classes": "154;345"
      },
      "type": "Feature"
    },
    {
      "geometry": {
        "coordinates": [
          127.1077216,
          37.4859168
        ],
        "type": "Point"
      },
      "properties": {
        "ac_pair_count": 4,
        "connected_physical_pair_count": 4,
        "coordinate_method": "LOCAL_OSM_PUBLIC_MAP_EXTRACT",
        "coordinate_tier": "GEO_C_STRONG_NAME_MATCH",
        "facility_type": "SUBSTATION",
        "fgn": "FGN0_000634",
        "highest_voltage_kv": 154,
        "hvdc_link_count": 0,
        "is_orphan": false,
        "legacy_gist_reference": false,
        "name": "수서",
        "nmi": "NMI000641",
        "voltage_band": "154",
        "voltage_classes": "154"
      },
      "type": "Feature"
    },
    {
      "geometry": {
        "coordinates": [
          129.1350534,
          35.1729089
        ],
        "type": "Point"
      },
      "properties": {
        "ac_pair_count": 3,
        "connected_physical_pair_count": 3,
        "coordinate_method": "LOCAL_OSM_PUBLIC_MAP_EXTRACT",
        "coordinate_tier": "GEO_C_STRONG_NAME_MATCH",
        "facility_type": "SUBSTATION",
        "fgn": "FGN0_000111",
        "highest_voltage_kv": 345,
        "hvdc_link_count": 0,
        "is_orphan": false,
        "legacy_gist_reference": false,
        "name": "수영",
        "nmi": "NMI000111",
        "voltage_band": "345",
        "voltage_classes": "154;345"
      },
      "type": "Feature"
    },
    {
      "geometry": {
        "coordinates": [
          126.83052305463613,
          35.19664429420836
        ],
        "type": "Point"
      },
      "properties": {
        "ac_pair_count": 1,
        "connected_physical_pair_count": 1,
        "coordinate_method": "V36_OFFICIAL_FACILITY_SITE",
        "coordinate_tier": "GEO_B_FACILITY_SITE",
        "facility_type": "SUBSTATION",
        "fgn": "FGN0_000635",
        "highest_voltage_kv": 154,
        "hvdc_link_count": 0,
        "is_orphan": false,
        "legacy_gist_reference": false,
        "name": "수완",
        "nmi": "NMI000642",
        "voltage_band": "154",
        "voltage_classes": "154"
      },
      "type": "Feature"
    },
    {
      "geometry": {
        "coordinates": [
          127.0248870890465,
          37.630574707776255
        ],
        "type": "Point"
      },
      "properties": {
        "ac_pair_count": 1,
        "connected_physical_pair_count": 1,
        "coordinate_method": "OFFLINE_APPROVED_OFFICIAL_FACILITY_SITE_GEOMETRY_REPLAY",
        "coordinate_tier": "GEO_B_FACILITY_SITE",
        "facility_type": "SOURCE_SCOPED_UNRESOLVED",
        "fgn": "FGN0_000947",
        "highest_voltage_kv": 154,
        "hvdc_link_count": 0,
        "is_orphan": false,
        "legacy_gist_reference": false,
        "name": "수유SS",
        "nmi": "",
        "voltage_band": "154",
        "voltage_classes": "154"
      },
      "type": "Feature"
    },
    {
      "geometry": {
        "coordinates": [
          129.0449984,
          35.1231654
        ],
        "type": "Point"
      },
      "properties": {
        "ac_pair_count": 2,
        "connected_physical_pair_count": 2,
        "coordinate_method": "LOCAL_OSM_PUBLIC_MAP_EXTRACT",
        "coordinate_tier": "GEO_C_STRONG_NAME_MATCH",
        "facility_type": "SUBSTATION",
        "fgn": "FGN0_000636",
        "highest_voltage_kv": 154,
        "hvdc_link_count": 0,
        "is_orphan": false,
        "legacy_gist_reference": false,
        "name": "수정",
        "nmi": "NMI000643",
        "voltage_band": "154",
        "voltage_classes": "154"
      },
      "type": "Feature"
    },
    {
      "geometry": {
        "coordinates": [
          127.083701,
          37.3181705
        ],
        "type": "Point"
      },
      "properties": {
        "ac_pair_count": 1,
        "connected_physical_pair_count": 1,
        "coordinate_method": "LOCAL_OSM_PUBLIC_MAP_EXTRACT",
        "coordinate_tier": "GEO_C_STRONG_NAME_MATCH",
        "facility_type": "SUBSTATION",
        "fgn": "FGN0_000637",
        "highest_voltage_kv": 154,
        "hvdc_link_count": 0,
        "is_orphan": false,
        "legacy_gist_reference": false,
        "name": "수지",
        "nmi": "NMI000644",
        "voltage_band": "154",
        "voltage_classes": "154"
      },
      "type": "Feature"
    },
    {
      "geometry": {
        "coordinates": [
          126.848211,
          37.1099367
        ],
        "type": "Point"
      },
      "properties": {
        "ac_pair_count": 2,
        "connected_physical_pair_count": 2,
        "coordinate_method": "USER_PROVIDED_INDEPENDENT_WEB_VERIFICATION_WITH_EXACT_IDENTITY_EVIDENCE",
        "coordinate_tier": "GEO_C_STRONG_NAME_MATCH",
        "facility_type": "SUBSTATION",
        "fgn": "FGN0_000112",
        "highest_voltage_kv": 345,
        "hvdc_link_count": 0,
        "is_orphan": false,
        "legacy_gist_reference": false,
        "name": "수촌",
        "nmi": "NMI000112",
        "voltage_band": "345",
        "voltage_classes": "154;345"
      },
      "type": "Feature"
    },
    {
      "geometry": {
        "coordinates": [
          128.5997046,
          35.2131917
        ],
        "type": "Point"
      },
      "properties": {
        "ac_pair_count": 2,
        "connected_physical_pair_count": 2,
        "coordinate_method": "LOCAL_OSM_PUBLIC_MAP_EXTRACT",
        "coordinate_tier": "GEO_C_STRONG_NAME_MATCH",
        "facility_type": "SUBSTATION",
        "fgn": "FGN0_000638",
        "highest_voltage_kv": 154,
        "hvdc_link_count": 0,
        "is_orphan": false,
        "legacy_gist_reference": false,
        "name": "수출",
        "nmi": "NMI000645",
        "voltage_band": "154",
        "voltage_classes": "154"
      },
      "type": "Feature"
    },
    {
      "geometry": {
        "coordinates": [
          128.90567472863597,
          35.114339342461236
        ],
        "type": "Point"
      },
      "properties": {
        "ac_pair_count": 1,
        "connected_physical_pair_count": 1,
        "coordinate_method": "OFFLINE_APPROVED_OFFICIAL_FACILITY_SITE_GEOMETRY_REPLAY",
        "coordinate_tier": "GEO_B_FACILITY_SITE",
        "facility_type": "SOURCE_SCOPED_UNRESOLVED",
        "fgn": "FGN0_000948",
        "highest_voltage_kv": 154,
        "hvdc_link_count": 0,
        "is_orphan": false,
        "legacy_gist_reference": false,
        "name": "순아SS",
        "nmi": "",
        "voltage_band": "154",
        "voltage_classes": "154"
      },
      "type": "Feature"
    },
    {
      "geometry": {
        "coordinates": [
          127.14562597980239,
          35.322015158548865
        ],
        "type": "Point"
      },
      "properties": {
        "ac_pair_count": 2,
        "connected_physical_pair_count": 2,
        "coordinate_method": "OFFLINE_APPROVED_OFFICIAL_FACILITY_SITE_GEOMETRY_REPLAY",
        "coordinate_tier": "GEO_B_FACILITY_SITE",
        "facility_type": "SOURCE_SCOPED_UNRESOLVED",
        "fgn": "FGN0_000949",
        "highest_voltage_kv": 154,
        "hvdc_link_count": 0,
        "is_orphan": false,
        "legacy_gist_reference": false,
        "name": "순창SS",
        "nmi": "",
        "voltage_band": "154",
        "voltage_classes": "154"
      },
      "type": "Feature"
    },
    {
      "geometry": {
        "coordinates": [
          127.5133566,
          34.9503957
        ],
        "type": "Point"
      },
      "properties": {
        "ac_pair_count": 3,
        "connected_physical_pair_count": 3,
        "coordinate_method": "LOCAL_OSM_PUBLIC_MAP_EXTRACT",
        "coordinate_tier": "GEO_C_STRONG_NAME_MATCH",
        "facility_type": "SUBSTATION",
        "fgn": "FGN0_000113",
        "highest_voltage_kv": 345,
        "hvdc_link_count": 0,
        "is_orphan": false,
        "legacy_gist_reference": false,
        "name": "순천",
        "nmi": "NMI000113",
        "voltage_band": "345",
        "voltage_classes": "154;345"
      },
      "type": "Feature"
    },
    {
      "geometry": {
        "coordinates": [
          126.9713022,
          37.5608054
        ],
        "type": "Point"
      },
      "properties": {
        "ac_pair_count": 3,
        "connected_physical_pair_count": 3,
        "coordinate_method": "LOCAL_OSM_PUBLIC_MAP_EXTRACT",
        "coordinate_tier": "GEO_C_STRONG_NAME_MATCH",
        "facility_type": "SUBSTATION",
        "fgn": "FGN0_000639",
        "highest_voltage_kv": 154,
        "hvdc_link_count": 0,
        "is_orphan": false,
        "legacy_gist_reference": false,
        "name": "순화",
        "nmi": "NMI000646",
        "voltage_band": "154",
        "voltage_classes": "154"
      },
      "type": "Feature"
    },
    {
      "geometry": {
        "coordinates": [
          127.2650843,
          35.0436885
        ],
        "type": "Point"
      },
      "properties": {
        "ac_pair_count": 5,
        "connected_physical_pair_count": 5,
        "coordinate_method": "LOCAL_OSM_PUBLIC_MAP_EXTRACT",
        "coordinate_tier": "GEO_C_STRONG_NAME_MATCH",
        "facility_type": "SUBSTATION",
        "fgn": "FGN0_000640",
        "highest_voltage_kv": 154,
        "hvdc_link_count": 0,
        "is_orphan": false,
        "legacy_gist_reference": false,
        "name": "승주",
        "nmi": "NMI000647",
        "voltage_band": "154",
        "voltage_classes": "154"
      },
      "type": "Feature"
    },
    {
      "geometry": {
        "coordinates": [
          129.2084099,
          35.1942326
        ],
        "type": "Point"
      },
      "properties": {
        "ac_pair_count": 2,
        "connected_physical_pair_count": 2,
        "coordinate_method": "LOCAL_OSM_PUBLIC_MAP_EXTRACT",
        "coordinate_tier": "GEO_C_STRONG_NAME_MATCH",
        "facility_type": "SUBSTATION",
        "fgn": "FGN0_000114",
        "highest_voltage_kv": 345,
        "hvdc_link_count": 0,
        "is_orphan": false,
        "legacy_gist_reference": false,
        "name": "시랑",
        "nmi": "NMI000114",
        "voltage_band": "345",
        "voltage_classes": "154;345"
      },
      "type": "Feature"
    },
    {
      "geometry": {
        "coordinates": [
          128.6951286523542,
          35.83335935541005
        ],
        "type": "Point"
      },
      "properties": {
        "ac_pair_count": 2,
        "connected_physical_pair_count": 2,
        "coordinate_method": "OFFLINE_APPROVED_OFFICIAL_GEOMETRY_REPLAY",
        "coordinate_tier": "GEO_B_FACILITY_SITE",
        "facility_type": "SOURCE_SCOPED_UNRESOLVED",
        "fgn": "FGN0_000950",
        "highest_voltage_kv": 154,
        "hvdc_link_count": 0,
        "is_orphan": false,
        "legacy_gist_reference": false,
        "name": "시지SS",
        "nmi": "",
        "voltage_band": "154",
        "voltage_classes": "154"
      },
      "type": "Feature"
    },
    {
      "geometry": {
        "coordinates": [
          126.7471276,
          37.3243986
        ],
        "type": "Point"
      },
      "properties": {
        "ac_pair_count": 5,
        "connected_physical_pair_count": 5,
        "coordinate_method": "LOCAL_OSM_PUBLIC_MAP_EXTRACT",
        "coordinate_tier": "GEO_C_STRONG_NAME_MATCH",
        "facility_type": "SUBSTATION",
        "fgn": "FGN0_000641",
        "highest_voltage_kv": 154,
        "hvdc_link_count": 0,
        "is_orphan": false,
        "legacy_gist_reference": false,
        "name": "시화",
        "nmi": "NMI000648",
        "voltage_band": "154",
        "voltage_classes": "154"
      },
      "type": "Feature"
    },
    {
      "geometry": {
        "coordinates": [
          126.8971519,
          37.449952
        ],
        "type": "Point"
      },
      "properties": {
        "ac_pair_count": 3,
        "connected_physical_pair_count": 3,
        "coordinate_method": "LOCAL_OSM_PUBLIC_MAP_EXTRACT",
        "coordinate_tier": "GEO_C_STRONG_NAME_MATCH",
        "facility_type": "SUBSTATION",
        "fgn": "FGN0_000642",
        "highest_voltage_kv": 154,
        "hvdc_link_count": 0,
        "is_orphan": false,
        "legacy_gist_reference": false,
        "name": "시흥",
        "nmi": "NMI000649",
        "voltage_band": "154",
        "voltage_classes": "154"
      },
      "type": "Feature"
    },
    {
      "geometry": {
        "coordinates": [
          126.6924144,
          37.48882524
        ],
        "type": "Point"
      },
      "properties": {
        "ac_pair_count": 7,
        "connected_physical_pair_count": 7,
        "coordinate_method": "USER_PROVIDED_INDEPENDENT_WEB_VERIFICATION_WITH_PUBLIC_MAP_CORROBORATION",
        "coordinate_tier": "GEO_C_STRONG_NAME_MATCH",
        "facility_type": "SUBSTATION",
        "fgn": "FGN0_000181",
        "highest_voltage_kv": 345,
        "hvdc_link_count": 0,
        "is_orphan": false,
        "legacy_gist_reference": false,
        "name": "신가좌",
        "nmi": "NMI000182",
        "voltage_band": "345",
        "voltage_classes": "154;345"
      },
      "type": "Feature"
    },
    {
      "geometry": {
        "coordinates": [
          127.50313105499512,
          37.61696935646718
        ],
        "type": "Point"
      },
      "properties": {
        "ac_pair_count": 6,
        "connected_physical_pair_count": 6,
        "coordinate_method": "Official exact-PNU parcel, EPSG:900913 to EPSG:5179 interior representative_point then EPSG:4326",
        "coordinate_tier": "GEO_B_FACILITY_SITE",
        "facility_type": "SUBSTATION",
        "fgn": "FGN0_000125",
        "highest_voltage_kv": 765,
        "hvdc_link_count": 0,
        "is_orphan": false,
        "legacy_gist_reference": false,
        "name": "신가평",
        "nmi": "NMI000125",
        "voltage_band": "765",
        "voltage_classes": "345;765"
      },
      "type": "Feature"
    },
    {
      "geometry": {
        "coordinates": [
          127.0846697,
          37.2693443
        ],
        "type": "Point"
      },
      "properties": {
        "ac_pair_count": 3,
        "connected_physical_pair_count": 3,
        "coordinate_method": "LOCAL_OSM_PUBLIC_MAP_EXTRACT",
        "coordinate_tier": "GEO_C_STRONG_NAME_MATCH",
        "facility_type": "SUBSTATION",
        "fgn": "FGN0_000643",
        "highest_voltage_kv": 154,
        "hvdc_link_count": 0,
        "is_orphan": false,
        "legacy_gist_reference": false,
        "name": "신갈",
        "nmi": "NMI000650",
        "voltage_band": "154",
        "voltage_classes": "154"
      },
      "type": "Feature"
    },
    {
      "geometry": {
        "coordinates": [
          126.70110123054835,
          34.73070686041253
        ],
        "type": "Point"
      },
      "properties": {
        "ac_pair_count": 5,
        "connected_physical_pair_count": 5,
        "coordinate_method": "Official exact-PNU parcel, EPSG:900913 to EPSG:5179 interior representative_point then EPSG:4326",
        "coordinate_tier": "GEO_B_FACILITY_SITE",
        "facility_type": "SUBSTATION",
        "fgn": "FGN0_000116",
        "highest_voltage_kv": 345,
        "hvdc_link_count": 0,
        "is_orphan": false,
        "legacy_gist_reference": false,
        "name": "신강진",
        "nmi": "NMI000116",
        "voltage_band": "345",
        "voltage_classes": "154;345"
      },
      "type": "Feature"
    },
    {
      "geometry": {
        "coordinates": [
          128.83477041686055,
          35.87205072087548
        ],
        "type": "Point"
      },
      "properties": {
        "ac_pair_count": 8,
        "connected_physical_pair_count": 8,
        "coordinate_method": "OFFICIAL_EXACT_PNU_PARCEL_INTERIOR_REPRESENTATIVE_POINT",
        "coordinate_tier": "GEO_B_FACILITY_SITE",
        "facility_type": "SUBSTATION",
        "fgn": "FGN0_000117",
        "highest_voltage_kv": 345,
        "hvdc_link_count": 0,
        "is_orphan": false,
        "legacy_gist_reference": false,
        "name": "신경산",
        "nmi": "NMI000117",
        "voltage_band": "345",
        "voltage_classes": "154;345"
      },
      "type": "Feature"
    },
    {
      "geometry": {
        "coordinates": [
          126.60234645662341,
          37.53701570184331
        ],
        "type": "Point"
      },
      "properties": {
        "ac_pair_count": 11,
        "connected_physical_pair_count": 11,
        "coordinate_method": "OFFLINE_APPROVED_OFFICIAL_FACILITY_SITE_GEOMETRY_REPLAY",
        "coordinate_tier": "GEO_B_FACILITY_SITE",
        "facility_type": "SUBSTATION",
        "fgn": "FGN0_000118",
        "highest_voltage_kv": 345,
        "hvdc_link_count": 0,
        "is_orphan": false,
        "legacy_gist_reference": false,
        "name": "신경서",
        "nmi": "NMI000118",
        "voltage_band": "345",
        "voltage_classes": "154;345"
      },
      "type": "Feature"
    },
    {
      "geometry": {
        "coordinates": [
          127.27610871427576,
          36.246496063824544
        ],
        "type": "Point"
      },
      "properties": {
        "ac_pair_count": 6,
        "connected_physical_pair_count": 6,
        "coordinate_method": "Official exact-PNU parcel, EPSG:900913 to EPSG:5179 interior representative_point then EPSG:4326",
        "coordinate_tier": "GEO_B_FACILITY_SITE",
        "facility_type": "SUBSTATION",
        "fgn": "FGN0_000119",
        "highest_voltage_kv": 345,
        "hvdc_link_count": 0,
        "is_orphan": false,
        "legacy_gist_reference": false,
        "name": "신계룡",
        "nmi": "NMI000119",
        "voltage_band": "345",
        "voltage_classes": "154;345"
      },
      "type": "Feature"
    },
    {
      "geometry": {
        "coordinates": [
          129.31063704610403,
          35.3402280300027
        ],
        "type": "Point"
      },
      "properties": {
        "ac_pair_count": 2,
        "connected_physical_pair_count": 2,
        "coordinate_method": "Official exact-PNU parcel, EPSG:900913 to EPSG:5179 interior representative_point then EPSG:4326",
        "coordinate_tier": "GEO_B_FACILITY_SITE",
        "facility_type": "SUBSTATION",
        "fgn": "FGN0_000121",
        "highest_voltage_kv": 765,
        "hvdc_link_count": 0,
        "is_orphan": false,
        "legacy_gist_reference": false,
        "name": "신고리",
        "nmi": "NMI000121",
        "voltage_band": "765",
        "voltage_classes": "345;765"
      },
      "type": "Feature"
    },
    {
      "geometry": {
        "coordinates": [
          128.10922402138658,
          34.910873923404274
        ],
        "type": "Point"
      },
      "properties": {
        "ac_pair_count": 9,
        "connected_physical_pair_count": 9,
        "coordinate_method": "Official exact-PNU parcel, EPSG:900913 to EPSG:5179 interior representative_point then EPSG:4326",
        "coordinate_tier": "GEO_B_FACILITY_SITE",
        "facility_type": "SUBSTATION",
        "fgn": "FGN0_000122",
        "highest_voltage_kv": 345,
        "hvdc_link_count": 0,
        "is_orphan": false,
        "legacy_gist_reference": false,
        "name": "신고성",
        "nmi": "NMI000122",
        "voltage_band": "345",
        "voltage_classes": "154;345"
      },
      "type": "Feature"
    },
    {
      "geometry": {
        "coordinates": [
          126.84696165554267,
          37.45799710129551
        ],
        "type": "Point"
      },
      "properties": {
        "ac_pair_count": 11,
        "connected_physical_pair_count": 11,
        "coordinate_method": "Official exact-PNU parcel, EPSG:900913 to EPSG:5179 interior representative_point then EPSG:4326",
        "coordinate_tier": "GEO_B_FACILITY_SITE",
        "facility_type": "SUBSTATION",
        "fgn": "FGN0_000123",
        "highest_voltage_kv": 345,
        "hvdc_link_count": 0,
        "is_orphan": false,
        "legacy_gist_reference": false,
        "name": "신광명",
        "nmi": "NMI000123",
        "voltage_band": "345",
        "voltage_classes": "154;345"
      },
      "type": "Feature"
    },
    {
      "geometry": {
        "coordinates": [
          126.93393885394264,
          35.20857701448916
        ],
        "type": "Point"
      },
      "properties": {
        "ac_pair_count": 8,
        "connected_physical_pair_count": 8,
        "coordinate_method": "VWORLD_EUM_KEPCO_IDENTITY_CHAIN",
        "coordinate_tier": "GEO_A_CANONICAL",
        "facility_type": "SUBSTATION",
        "fgn": "FGN0_000124",
        "highest_voltage_kv": 345,
        "hvdc_link_count": 0,
        "is_orphan": false,
        "legacy_gist_reference": false,
        "name": "신광주",
        "nmi": "NMI000124",
        "voltage_band": "345",
        "voltage_classes": "154;345"
      },
      "type": "Feature"
    },
    {
      "geometry": {
        "coordinates": [
          126.9224212,
          37.490784
        ],
        "type": "Point"
      },
      "properties": {
        "ac_pair_count": 2,
        "connected_physical_pair_count": 2,
        "coordinate_method": "LOCAL_OSM_PUBLIC_MAP_EXTRACT",
        "coordinate_tier": "GEO_C_STRONG_NAME_MATCH",
        "facility_type": "SUBSTATION",
        "fgn": "FGN0_000644",
        "highest_voltage_kv": 154,
        "hvdc_link_count": 0,
        "is_orphan": false,
        "legacy_gist_reference": false,
        "name": "신길",
        "nmi": "NMI000651",
        "voltage_band": "154",
        "voltage_classes": "154"
      },
      "type": "Feature"
    },
    {
      "geometry": {
        "coordinates": [
          127.00594793535983,
          35.75752224454988
        ],
        "type": "Point"
      },
      "properties": {
        "ac_pair_count": 6,
        "connected_physical_pair_count": 6,
        "coordinate_method": "OFFICIAL_EXACT_PNU_PARCEL_INTERIOR_REPRESENTATIVE_POINT",
        "coordinate_tier": "GEO_B_FACILITY_SITE",
        "facility_type": "SUBSTATION",
        "fgn": "FGN0_000126",
        "highest_voltage_kv": 345,
        "hvdc_link_count": 0,
        "is_orphan": false,
        "legacy_gist_reference": false,
        "name": "신김제",
        "nmi": "NMI000126",
        "voltage_band": "345",
        "voltage_classes": "154;345"
      },
      "type": "Feature"
    },
    {
      "geometry": {
        "coordinates": [
          126.6264834558908,
          37.63587787780124
        ],
        "type": "Point"
      },
      "properties": {
        "ac_pair_count": 8,
        "connected_physical_pair_count": 8,
        "coordinate_method": "Official exact-PNU parcel, EPSG:900913 to EPSG:5179 interior representative_point then EPSG:4326",
        "coordinate_tier": "GEO_B_FACILITY_SITE",
        "facility_type": "SUBSTATION",
        "fgn": "FGN0_000127",
        "highest_voltage_kv": 345,
        "hvdc_link_count": 0,
        "is_orphan": false,
        "legacy_gist_reference": false,
        "name": "신김포",
        "nmi": "NMI000127",
        "voltage_band": "345",
        "voltage_classes": "154;345"
      },
      "type": "Feature"
    },
    {
      "geometry": {
        "coordinates": [
          128.77781170488248,
          35.21920541255801
        ],
        "type": "Point"
      },
      "properties": {
        "ac_pair_count": 11,
        "connected_physical_pair_count": 11,
        "coordinate_method": "OFFICIAL_EXACT_PNU_PARCEL_INTERIOR_REPRESENTATIVE_POINT",
        "coordinate_tier": "GEO_B_FACILITY_SITE",
        "facility_type": "SUBSTATION",
        "fgn": "FGN0_000180",
        "highest_voltage_kv": 345,
        "hvdc_link_count": 0,
        "is_orphan": false,
        "legacy_gist_reference": false,
        "name": "신김해",
        "nmi": "NMI000181",
        "voltage_band": "345",
        "voltage_classes": "154;345"
      },
      "type": "Feature"
    },
    {
      "geometry": {
        "coordinates": [
          127.46690179775621,
          35.4505254259047
        ],
        "type": "Point"
      },
      "properties": {
        "ac_pair_count": 6,
        "connected_physical_pair_count": 6,
        "coordinate_method": "OFFICIAL_EXACT_PNU_PARCEL_INTERIOR_REPRESENTATIVE_POINT",
        "coordinate_tier": "GEO_B_FACILITY_SITE",
        "facility_type": "SUBSTATION",
        "fgn": "FGN0_000128",
        "highest_voltage_kv": 345,
        "hvdc_link_count": 0,
        "is_orphan": false,
        "legacy_gist_reference": false,
        "name": "신남원",
        "nmi": "NMI000128",
        "voltage_band": "345",
        "voltage_classes": "154;345"
      },
      "type": "Feature"
    },
    {
      "geometry": {
        "coordinates": [
          127.0956044,
          37.6106689
        ],
        "type": "Point"
      },
      "properties": {
        "ac_pair_count": 3,
        "connected_physical_pair_count": 3,
        "coordinate_method": "LOCAL_OSM_PUBLIC_MAP_EXTRACT",
        "coordinate_tier": "GEO_C_STRONG_NAME_MATCH",
        "facility_type": "SUBSTATION",
        "fgn": "FGN0_000645",
        "highest_voltage_kv": 154,
        "hvdc_link_count": 0,
        "is_orphan": false,
        "legacy_gist_reference": false,
        "name": "신내",
        "nmi": "NMI000652",
        "voltage_band": "154",
        "voltage_classes": "154"
      },
      "type": "Feature"
    },
    {
      "geometry": {
        "coordinates": [
          128.86510841309718,
          35.09854593907251
        ],
        "type": "Point"
      },
      "properties": {
        "ac_pair_count": 5,
        "connected_physical_pair_count": 5,
        "coordinate_method": "Official exact-PNU parcel, EPSG:900913 to EPSG:5179 interior representative_point then EPSG:4326",
        "coordinate_tier": "GEO_B_FACILITY_SITE",
        "facility_type": "SUBSTATION",
        "fgn": "FGN0_000129",
        "highest_voltage_kv": 345,
        "hvdc_link_count": 0,
        "is_orphan": false,
        "legacy_gist_reference": false,
        "name": "신녹산",
        "nmi": "NMI000129",
        "voltage_band": "345",
        "voltage_classes": "154;345"
      },
      "type": "Feature"
    },
    {
      "geometry": {
        "coordinates": [
          127.0163451,
          37.5668305
        ],
        "type": "Point"
      },
      "properties": {
        "ac_pair_count": 3,
        "connected_physical_pair_count": 3,
        "coordinate_method": "LOCAL_OSM_PUBLIC_MAP_EXTRACT",
        "coordinate_tier": "GEO_C_STRONG_NAME_MATCH",
        "facility_type": "SUBSTATION",
        "fgn": "FGN0_000646",
        "highest_voltage_kv": 154,
        "hvdc_link_count": 0,
        "is_orphan": false,
        "legacy_gist_reference": false,
        "name": "신당",
        "nmi": "NMI000653",
        "voltage_band": "154",
        "voltage_classes": "154"
      },
      "type": "Feature"
    },
    {
      "geometry": {
        "coordinates": [
          126.58143991852761,
          36.85290675258625
        ],
        "type": "Point"
      },
      "properties": {
        "ac_pair_count": 7,
        "connected_physical_pair_count": 7,
        "coordinate_method": "VWORLD_EUM_KEPCO_IDENTITY_CHAIN",
        "coordinate_tier": "GEO_A_CANONICAL",
        "facility_type": "SUBSTATION",
        "fgn": "FGN0_000130",
        "highest_voltage_kv": 345,
        "hvdc_link_count": 0,
        "is_orphan": false,
        "legacy_gist_reference": false,
        "name": "신당진",
        "nmi": "NMI000130",
        "voltage_band": "345",
        "voltage_classes": "154;345"
      },
      "type": "Feature"
    },
    {
      "geometry": {
        "coordinates": [
          126.58057046464705,
          36.854422123661394
        ],
        "type": "Point"
      },
      "properties": {
        "ac_pair_count": 4,
        "connected_physical_pair_count": 4,
        "coordinate_method": "OFFLINE_APPROVED_OFFICIAL_FACILITY_SITE_GEOMETRY_REPLAY",
        "coordinate_tier": "GEO_B_FACILITY_SITE",
        "facility_type": "SWITCHING_STATION",
        "fgn": "FGN0_000131",
        "highest_voltage_kv": 345,
        "hvdc_link_count": 0,
        "is_orphan": false,
        "legacy_gist_reference": false,
        "name": "신당진개폐소",
        "nmi": "NMI000131",
        "voltage_band": "345",
        "voltage_classes": "154;345"
      },
      "type": "Feature"
    },
    {
      "geometry": {
        "coordinates": [
          129.09352264987314,
          35.14774048881165
        ],
        "type": "Point"
      },
      "properties": {
        "ac_pair_count": 3,
        "connected_physical_pair_count": 3,
        "coordinate_method": "OFFICIAL_MUNICIPAL_CURRENT_IDENTITY_ADDRESS_PLUS_VWORLD_URBAN_PLAN_POLYGON",
        "coordinate_tier": "GEO_A_CANONICAL",
        "facility_type": "SUBSTATION",
        "fgn": "FGN0_000133",
        "highest_voltage_kv": 345,
        "hvdc_link_count": 0,
        "is_orphan": false,
        "legacy_gist_reference": false,
        "name": "신대연",
        "nmi": "NMI000133",
        "voltage_band": "345",
        "voltage_classes": "154;345"
      },
      "type": "Feature"
    },
    {
      "geometry": {
        "coordinates": [
          126.76753251583655,
          37.80559356884876
        ],
        "type": "Point"
      },
      "properties": {
        "ac_pair_count": 10,
        "connected_physical_pair_count": 10,
        "coordinate_method": "OFFICIAL_EXACT_PNU_PARCEL_INTERIOR_REPRESENTATIVE_POINT",
        "coordinate_tier": "GEO_B_FACILITY_SITE",
        "facility_type": "SUBSTATION",
        "fgn": "FGN0_000134",
        "highest_voltage_kv": 345,
        "hvdc_link_count": 0,
        "is_orphan": false,
        "legacy_gist_reference": false,
        "name": "신덕은",
        "nmi": "NMI000134",
        "voltage_band": "345",
        "voltage_classes": "154;345"
      },
      "type": "Feature"
    },
    {
      "geometry": {
        "coordinates": [
          126.9548051,
          37.4666118
        ],
        "type": "Point"
      },
      "properties": {
        "ac_pair_count": 2,
        "connected_physical_pair_count": 2,
        "coordinate_method": "LOCAL_OSM_PUBLIC_MAP_EXTRACT",
        "coordinate_tier": "GEO_C_STRONG_NAME_MATCH",
        "facility_type": "SUBSTATION",
        "fgn": "FGN0_000647",
        "highest_voltage_kv": 154,
        "hvdc_link_count": 0,
        "is_orphan": false,
        "legacy_gist_reference": false,
        "name": "신림",
        "nmi": "NMI000654",
        "voltage_band": "154",
        "voltage_classes": "154"
      },
      "type": "Feature"
    },
    {
      "geometry": {
        "coordinates": [
          128.52765056358587,
          35.28793222873844
        ],
        "type": "Point"
      },
      "properties": {
        "ac_pair_count": 12,
        "connected_physical_pair_count": 12,
        "coordinate_method": "Official exact-PNU parcel, EPSG:900913 to EPSG:5179 interior representative_point then EPSG:4326",
        "coordinate_tier": "GEO_B_FACILITY_SITE",
        "facility_type": "SUBSTATION",
        "fgn": "FGN0_000135",
        "highest_voltage_kv": 345,
        "hvdc_link_count": 0,
        "is_orphan": false,
        "legacy_gist_reference": false,
        "name": "신마산",
        "nmi": "NMI000135",
        "voltage_band": "345",
        "voltage_classes": "154;345"
      },
      "type": "Feature"
    },
    {
      "geometry": {
        "coordinates": [
          126.89432333428525,
          37.51963225386656
        ],
        "type": "Point"
      },
      "properties": {
        "ac_pair_count": 7,
        "connected_physical_pair_count": 7,
        "coordinate_method": "OFFLINE_APPROVED_OFFICIAL_FACILITY_SITE_GEOMETRY_REPLAY",
        "coordinate_tier": "GEO_B_FACILITY_SITE",
        "facility_type": "SUBSTATION",
        "fgn": "FGN0_000951",
        "highest_voltage_kv": 345,
        "hvdc_link_count": 0,
        "is_orphan": false,
        "legacy_gist_reference": false,
        "name": "신문래PO",
        "nmi": "",
        "voltage_band": "345",
        "voltage_classes": "154;345"
      },
      "type": "Feature"
    },
    {
      "geometry": {
        "coordinates": [
          126.4888738556236,
          36.384635779628084
        ],
        "type": "Point"
      },
      "properties": {
        "ac_pair_count": 2,
        "connected_physical_pair_count": 2,
        "coordinate_method": "Official exact-PNU parcel, EPSG:900913 to EPSG:5179 interior representative_point then EPSG:4326",
        "coordinate_tier": "GEO_B_FACILITY_SITE",
        "facility_type": "PLANT_SWITCHYARD",
        "fgn": "FGN0_000136",
        "highest_voltage_kv": 345,
        "hvdc_link_count": 0,
        "is_orphan": false,
        "legacy_gist_reference": false,
        "name": "신보령TP",
        "nmi": "NMI000136",
        "voltage_band": "345",
        "voltage_classes": "345"
      },
      "type": "Feature"
    },
    {
      "geometry": {
        "coordinates": [
          127.0609258,
          37.3262311
        ],
        "type": "Point"
      },
      "properties": {
        "ac_pair_count": 3,
        "connected_physical_pair_count": 3,
        "coordinate_method": "LOCAL_OSM_PUBLIC_MAP_EXTRACT",
        "coordinate_tier": "GEO_C_STRONG_NAME_MATCH",
        "facility_type": "SUBSTATION",
        "fgn": "FGN0_000137",
        "highest_voltage_kv": 345,
        "hvdc_link_count": 0,
        "is_orphan": false,
        "legacy_gist_reference": false,
        "name": "신봉",
        "nmi": "NMI000137",
        "voltage_band": "345",
        "voltage_classes": "154;345"
      },
      "type": "Feature"
    },
    {
      "geometry": {
        "coordinates": [
          126.72884620790477,
          37.51592296085198
        ],
        "type": "Point"
      },
      "properties": {
        "ac_pair_count": 10,
        "connected_physical_pair_count": 10,
        "coordinate_method": "OFFICIAL_EXACT_PNU_PARCEL_INTERIOR_REPRESENTATIVE_POINT",
        "coordinate_tier": "GEO_B_FACILITY_SITE",
        "facility_type": "SUBSTATION",
        "fgn": "FGN0_000138",
        "highest_voltage_kv": 345,
        "hvdc_link_count": 0,
        "is_orphan": false,
        "legacy_gist_reference": false,
        "name": "신부평",
        "nmi": "NMI000138",
        "voltage_band": "345",
        "voltage_classes": "154;345"
      },
      "type": "Feature"
    },
    {
      "geometry": {
        "coordinates": [
          127.0336623,
          37.5249389
        ],
        "type": "Point"
      },
      "properties": {
        "ac_pair_count": 4,
        "connected_physical_pair_count": 4,
        "coordinate_method": "LOCAL_OSM_PUBLIC_MAP_EXTRACT",
        "coordinate_tier": "GEO_C_STRONG_NAME_MATCH",
        "facility_type": "SUBSTATION",
        "fgn": "FGN0_000648",
        "highest_voltage_kv": 154,
        "hvdc_link_count": 0,
        "is_orphan": false,
        "legacy_gist_reference": false,
        "name": "신사",
        "nmi": "NMI000655",
        "voltage_band": "154",
        "voltage_classes": "154"
      },
      "type": "Feature"
    },
    {
      "geometry": {
        "coordinates": [
          126.50662319285092,
          33.26242710948276
        ],
        "type": "Point"
      },
      "properties": {
        "ac_pair_count": 1,
        "connected_physical_pair_count": 1,
        "coordinate_method": "Official exact-PNU parcel, EPSG:900913 to EPSG:5179 interior representative_point then EPSG:4326",
        "coordinate_tier": "GEO_B_FACILITY_SITE",
        "facility_type": "SUBSTATION",
        "fgn": "FGN0_000649",
        "highest_voltage_kv": 154,
        "hvdc_link_count": 0,
        "is_orphan": false,
        "legacy_gist_reference": false,
        "name": "신서귀",
        "nmi": "NMI000656",
        "voltage_band": "154",
        "voltage_classes": "154"
      },
      "type": "Feature"
    },
    {
      "geometry": {
        "coordinates": [
          126.6383611,
          36.7720694
        ],
        "type": "Point"
      },
      "properties": {
        "ac_pair_count": 5,
        "connected_physical_pair_count": 5,
        "coordinate_method": "LOCAL_OSM_PUBLIC_MAP_EXTRACT",
        "coordinate_tier": "GEO_C_STRONG_NAME_MATCH",
        "facility_type": "SUBSTATION",
        "fgn": "FGN0_000139",
        "highest_voltage_kv": 765,
        "hvdc_link_count": 0,
        "is_orphan": false,
        "legacy_gist_reference": false,
        "name": "신서산",
        "nmi": "NMI000139",
        "voltage_band": "765",
        "voltage_classes": "154;345;765"
      },
      "type": "Feature"
    },
    {
      "geometry": {
        "coordinates": [
          126.49700482260027,
          36.13687816892969
        ],
        "type": "Point"
      },
      "properties": {
        "ac_pair_count": 2,
        "connected_physical_pair_count": 2,
        "coordinate_method": "OFFLINE_APPROVED_OFFICIAL_FACILITY_SITE_GEOMETRY_REPLAY",
        "coordinate_tier": "GEO_B_FACILITY_SITE",
        "facility_type": "CURRENT_PHYSICAL_STATION",
        "fgn": "FGN0_000985",
        "highest_voltage_kv": 0,
        "hvdc_link_count": 0,
        "is_orphan": false,
        "legacy_gist_reference": false,
        "name": "신서천TP",
        "nmi": "NMI000930",
        "voltage_band": "other",
        "voltage_classes": ""
      },
      "type": "Feature"
    },
    {
      "geometry": {
        "coordinates": [
          127.05298645294873,
          37.383427099328145
        ],
        "type": "Point"
      },
      "properties": {
        "ac_pair_count": 12,
        "connected_physical_pair_count": 12,
        "coordinate_method": "Official exact-PNU parcel, EPSG:900913 to EPSG:5179 interior representative_point then EPSG:4326",
        "coordinate_tier": "GEO_B_FACILITY_SITE",
        "facility_type": "SUBSTATION",
        "fgn": "FGN0_000142",
        "highest_voltage_kv": 345,
        "hvdc_link_count": 0,
        "is_orphan": false,
        "legacy_gist_reference": false,
        "name": "신성남",
        "nmi": "NMI000142",
        "voltage_band": "345",
        "voltage_classes": "154;345"
      },
      "type": "Feature"
    },
    {
      "geometry": {
        "coordinates": [
          127.07750932604208,
          37.221486017627605
        ],
        "type": "Point"
      },
      "properties": {
        "ac_pair_count": 8,
        "connected_physical_pair_count": 8,
        "coordinate_method": "Official exact-PNU parcel, EPSG:900913 to EPSG:5179 interior representative_point then EPSG:4326",
        "coordinate_tier": "GEO_B_FACILITY_SITE",
        "facility_type": "SUBSTATION",
        "fgn": "FGN0_000143",
        "highest_voltage_kv": 345,
        "hvdc_link_count": 0,
        "is_orphan": false,
        "legacy_gist_reference": false,
        "name": "신수원",
        "nmi": "NMI000143",
        "voltage_band": "345",
        "voltage_classes": "154;345"
      },
      "type": "Feature"
    },
    {
      "geometry": {
        "coordinates": [
          126.74915325735421,
          37.30307780837704
        ],
        "type": "Point"
      },
      "properties": {
        "ac_pair_count": 4,
        "connected_physical_pair_count": 4,
        "coordinate_method": "Official exact-PNU parcel, EPSG:900913 to EPSG:5179 interior representative_point then EPSG:4326",
        "coordinate_tier": "GEO_B_FACILITY_SITE",
        "facility_type": "SUBSTATION",
        "fgn": "FGN0_000144",
        "highest_voltage_kv": 345,
        "hvdc_link_count": 0,
        "is_orphan": false,
        "legacy_gist_reference": false,
        "name": "신시화",
        "nmi": "NMI000144",
        "voltage_band": "345",
        "voltage_classes": "154;345"
      },
      "type": "Feature"
    },
    {
      "geometry": {
        "coordinates": [
          126.76145452921789,
          37.3625623266057
        ],
        "type": "Point"
      },
      "properties": {
        "ac_pair_count": 14,
        "connected_physical_pair_count": 14,
        "coordinate_method": "Official exact-PNU parcel, EPSG:900913 to EPSG:5179 interior representative_point then EPSG:4326",
        "coordinate_tier": "GEO_B_FACILITY_SITE",
        "facility_type": "SUBSTATION",
        "fgn": "FGN0_000145",
        "highest_voltage_kv": 345,
        "hvdc_link_count": 0,
        "is_orphan": false,
        "legacy_gist_reference": false,
        "name": "신시흥",
        "nmi": "NMI000145",
        "voltage_band": "345",
        "voltage_classes": "154;345"
      },
      "type": "Feature"
    },
    {
      "geometry": {
        "coordinates": [
          126.12406978344171,
          34.83740482503425
        ],
        "type": "Point"
      },
      "properties": {
        "ac_pair_count": 2,
        "connected_physical_pair_count": 2,
        "coordinate_method": "OFFLINE_APPROVED_OFFICIAL_FACILITY_SITE_GEOMETRY_REPLAY",
        "coordinate_tier": "GEO_B_FACILITY_SITE",
        "facility_type": "SOURCE_SCOPED_UNRESOLVED",
        "fgn": "FGN0_000978",
        "highest_voltage_kv": 154,
        "hvdc_link_count": 0,
        "is_orphan": false,
        "legacy_gist_reference": false,
        "name": "신안",
        "nmi": "",
        "voltage_band": "154",
        "voltage_classes": "154"
      },
      "type": "Feature"
    },
    {
      "geometry": {
        "coordinates": [
          126.87871817520184,
          37.30066923351525
        ],
        "type": "Point"
      },
      "properties": {
        "ac_pair_count": 5,
        "connected_physical_pair_count": 5,
        "coordinate_method": "VWORLD_EUM_KEPCO_IDENTITY_CHAIN",
        "coordinate_tier": "GEO_A_CANONICAL",
        "facility_type": "SUBSTATION",
        "fgn": "FGN0_000146",
        "highest_voltage_kv": 345,
        "hvdc_link_count": 0,
        "is_orphan": false,
        "legacy_gist_reference": false,
        "name": "신안산",
        "nmi": "NMI000146",
        "voltage_band": "345",
        "voltage_classes": "154;345"
      },
      "type": "Feature"
    },
    {
      "geometry": {
        "coordinates": [
          127.28097805558647,
          37.098172567131044
        ],
        "type": "Point"
      },
      "properties": {
        "ac_pair_count": 6,
        "connected_physical_pair_count": 6,
        "coordinate_method": "Official exact-PNU parcel, EPSG:900913 to EPSG:5179 interior representative_point then EPSG:4326",
        "coordinate_tier": "GEO_B_FACILITY_SITE",
        "facility_type": "SUBSTATION",
        "fgn": "FGN0_000147",
        "highest_voltage_kv": 765,
        "hvdc_link_count": 0,
        "is_orphan": false,
        "legacy_gist_reference": false,
        "name": "신안성",
        "nmi": "NMI000147",
        "voltage_band": "765",
        "voltage_classes": "345;765"
      },
      "type": "Feature"
    },
    {
      "geometry": {
        "coordinates": [
          129.17903029287874,
          35.24033243180329
        ],
        "type": "Point"
      },
      "properties": {
        "ac_pair_count": 8,
        "connected_physical_pair_count": 8,
        "coordinate_method": "Official exact-PNU parcel, EPSG:900913 to EPSG:5179 interior representative_point then EPSG:4326",
        "coordinate_tier": "GEO_B_FACILITY_SITE",
        "facility_type": "SUBSTATION",
        "fgn": "FGN0_000148",
        "highest_voltage_kv": 765,
        "hvdc_link_count": 0,
        "is_orphan": false,
        "legacy_gist_reference": false,
        "name": "신양산",
        "nmi": "NMI000148",
        "voltage_band": "765",
        "voltage_classes": "154;345;765"
      },
      "type": "Feature"
    },
    {
      "geometry": {
        "coordinates": [
          128.55120547512195,
          38.0158320602642
        ],
        "type": "Point"
      },
      "properties": {
        "ac_pair_count": 7,
        "connected_physical_pair_count": 7,
        "coordinate_method": "Official exact-PNU parcel, EPSG:900913 to EPSG:5179 interior representative_point then EPSG:4326",
        "coordinate_tier": "GEO_B_FACILITY_SITE",
        "facility_type": "SUBSTATION",
        "fgn": "FGN0_000149",
        "highest_voltage_kv": 345,
        "hvdc_link_count": 0,
        "is_orphan": false,
        "legacy_gist_reference": false,
        "name": "신양양",
        "nmi": "NMI000149",
        "voltage_band": "345",
        "voltage_classes": "154;345"
      },
      "type": "Feature"
    },
    {
      "geometry": {
        "coordinates": [
          127.02756470000001,
          37.4852226
        ],
        "type": "Point"
      },
      "properties": {
        "ac_pair_count": 6,
        "connected_physical_pair_count": 6,
        "coordinate_method": "OSM_GLOBAL_POWER_GRID_KOREA_REFERENCE_V0",
        "coordinate_tier": "GEO_C_STRONG_NAME_MATCH",
        "facility_type": "SUBSTATION",
        "fgn": "FGN0_000150",
        "highest_voltage_kv": 345,
        "hvdc_link_count": 0,
        "is_orphan": false,
        "legacy_gist_reference": false,
        "name": "신양재",
        "nmi": "NMI000150",
        "voltage_band": "345",
        "voltage_classes": "154;345"
      },
      "type": "Feature"
    },
    {
      "geometry": {
        "coordinates": [
          127.6888778,
          34.8397949
        ],
        "type": "Point"
      },
      "properties": {
        "ac_pair_count": 1,
        "connected_physical_pair_count": 1,
        "coordinate_method": "V20_EXPLICIT_COLOCATED_ELECTRICAL_SUBIDENTITY_INHERITANCE",
        "coordinate_tier": "GEO_C_STRONG_NAME_MATCH",
        "facility_type": "SUBSTATION",
        "fgn": "FGN0_000151",
        "highest_voltage_kv": 345,
        "hvdc_link_count": 0,
        "is_orphan": false,
        "legacy_gist_reference": false,
        "name": "신여수",
        "nmi": "NMI000151",
        "voltage_band": "345",
        "voltage_classes": "345"
      },
      "type": "Feature"
    },
    {
      "geometry": {
        "coordinates": [
          129.23835798548566,
          36.081606892817334
        ],
        "type": "Point"
      },
      "properties": {
        "ac_pair_count": 8,
        "connected_physical_pair_count": 8,
        "coordinate_method": "OFFICIAL_EXACT_PNU_PARCEL_INTERIOR_REPRESENTATIVE_POINT",
        "coordinate_tier": "GEO_B_FACILITY_SITE",
        "facility_type": "SUBSTATION",
        "fgn": "FGN0_000152",
        "highest_voltage_kv": 345,
        "hvdc_link_count": 0,
        "is_orphan": false,
        "legacy_gist_reference": false,
        "name": "신영일",
        "nmi": "NMI000152",
        "voltage_band": "345",
        "voltage_classes": "154;345"
      },
      "type": "Feature"
    },
    {
      "geometry": {
        "coordinates": [
          128.565426243237,
          36.77527335638704
        ],
        "type": "Point"
      },
      "properties": {
        "ac_pair_count": 10,
        "connected_physical_pair_count": 10,
        "coordinate_method": "VWORLD_EUM_KEPCO_IDENTITY_CHAIN",
        "coordinate_tier": "GEO_A_CANONICAL",
        "facility_type": "SUBSTATION",
        "fgn": "FGN0_000154",
        "highest_voltage_kv": 345,
        "hvdc_link_count": 0,
        "is_orphan": false,
        "legacy_gist_reference": false,
        "name": "신영주",
        "nmi": "NMI000154",
        "voltage_band": "345",
        "voltage_classes": "154;345"
      },
      "type": "Feature"
    },
    {
      "geometry": {
        "coordinates": [
          127.5325799,
          36.2946458
        ],
        "type": "Point"
      },
      "properties": {
        "ac_pair_count": 14,
        "connected_physical_pair_count": 14,
        "coordinate_method": "LOCAL_OSM_PUBLIC_MAP_EXTRACT",
        "coordinate_tier": "GEO_C_STRONG_NAME_MATCH",
        "facility_type": "SUBSTATION",
        "fgn": "FGN0_000155",
        "highest_voltage_kv": 345,
        "hvdc_link_count": 0,
        "is_orphan": false,
        "legacy_gist_reference": false,
        "name": "신옥천",
        "nmi": "NMI000155",
        "voltage_band": "345",
        "voltage_classes": "154;345"
      },
      "type": "Feature"
    },
    {
      "geometry": {
        "coordinates": [
          129.32922369982342,
          35.43531001915512
        ],
        "type": "Point"
      },
      "properties": {
        "ac_pair_count": 8,
        "connected_physical_pair_count": 8,
        "coordinate_method": "Official exact-PNU parcel, EPSG:900913 to EPSG:5179 interior representative_point then EPSG:4326",
        "coordinate_tier": "GEO_B_FACILITY_SITE",
        "facility_type": "SUBSTATION",
        "fgn": "FGN0_000157",
        "highest_voltage_kv": 345,
        "hvdc_link_count": 0,
        "is_orphan": false,
        "legacy_gist_reference": false,
        "name": "신온산",
        "nmi": "NMI000157",
        "voltage_band": "345",
        "voltage_classes": "154;345"
      },
      "type": "Feature"
    },
    {
      "geometry": {
        "coordinates": [
          127.0071892,
          36.8793953
        ],
        "type": "Point"
      },
      "properties": {
        "ac_pair_count": 5,
        "connected_physical_pair_count": 5,
        "coordinate_method": "LOCAL_OSM_PUBLIC_MAP_EXTRACT",
        "coordinate_tier": "GEO_C_STRONG_NAME_MATCH",
        "facility_type": "SUBSTATION",
        "fgn": "FGN0_000158",
        "highest_voltage_kv": 345,
        "hvdc_link_count": 0,
        "is_orphan": false,
        "legacy_gist_reference": false,
        "name": "신온양",
        "nmi": "NMI000158",
        "voltage_band": "345",
        "voltage_classes": "154;345"
      },
      "type": "Feature"
    },
    {
      "geometry": {
        "coordinates": [
          127.14629195807397,
          37.24281222013337
        ],
        "type": "Point"
      },
      "properties": {
        "ac_pair_count": 7,
        "connected_physical_pair_count": 7,
        "coordinate_method": "OFFICIAL_EXACT_PNU_PARCEL_INTERIOR_REPRESENTATIVE_POINT",
        "coordinate_tier": "GEO_B_FACILITY_SITE",
        "facility_type": "SUBSTATION",
        "fgn": "FGN0_000159",
        "highest_voltage_kv": 345,
        "hvdc_link_count": 0,
        "is_orphan": false,
        "legacy_gist_reference": false,
        "name": "신용인",
        "nmi": "NMI000159",
        "voltage_band": "345",
        "voltage_classes": "154;345"
      },
      "type": "Feature"
    },
    {
      "geometry": {
        "coordinates": [
          129.30056975360722,
          35.49292817283252
        ],
        "type": "Point"
      },
      "properties": {
        "ac_pair_count": 12,
        "connected_physical_pair_count": 12,
        "coordinate_method": "Official exact-PNU parcel, EPSG:900913 to EPSG:5179 interior representative_point then EPSG:4326",
        "coordinate_tier": "GEO_B_FACILITY_SITE",
        "facility_type": "SUBSTATION",
        "fgn": "FGN0_000161",
        "highest_voltage_kv": 345,
        "hvdc_link_count": 0,
        "is_orphan": false,
        "legacy_gist_reference": false,
        "name": "신울산",
        "nmi": "NMI000162",
        "voltage_band": "345",
        "voltage_classes": "154;345"
      },
      "type": "Feature"
    },
    {
      "geometry": {
        "coordinates": [
          129.38048116019263,
          35.47620114259964
        ],
        "type": "Point"
      },
      "properties": {
        "ac_pair_count": 1,
        "connected_physical_pair_count": 1,
        "coordinate_method": "OFFLINE_APPROVED_OFFICIAL_FACILITY_SITE_GEOMETRY_REPLAY",
        "coordinate_tier": "GEO_B_FACILITY_SITE",
        "facility_type": "PLANT_SWITCHYARD",
        "fgn": "FGN0_000160",
        "highest_voltage_kv": 345,
        "hvdc_link_count": 0,
        "is_orphan": false,
        "legacy_gist_reference": false,
        "name": "신울산복합",
        "nmi": "NMI000161",
        "voltage_band": "345",
        "voltage_classes": "345"
      },
      "type": "Feature"
    },
    {
      "geometry": {
        "coordinates": [
          128.7040465,
          35.2274473
        ],
        "type": "Point"
      },
      "properties": {
        "ac_pair_count": 2,
        "connected_physical_pair_count": 2,
        "coordinate_method": "LOCAL_OSM_PUBLIC_MAP_EXTRACT",
        "coordinate_tier": "GEO_C_STRONG_NAME_MATCH",
        "facility_type": "SUBSTATION",
        "fgn": "FGN0_000650",
        "highest_voltage_kv": 154,
        "hvdc_link_count": 0,
        "is_orphan": false,
        "legacy_gist_reference": false,
        "name": "신월",
        "nmi": "NMI000657",
        "voltage_band": "154",
        "voltage_classes": "154"
      },
      "type": "Feature"
    },
    {
      "geometry": {
        "coordinates": [
          129.4776994,
          35.7214787
        ],
        "type": "Point"
      },
      "properties": {
        "ac_pair_count": 2,
        "connected_physical_pair_count": 2,
        "coordinate_method": "official_address+osm_coord",
        "coordinate_tier": "GEO_B_OFFICIAL_ADDRESS",
        "facility_type": "PLANT_SWITCHYARD",
        "fgn": "FGN0_000162",
        "highest_voltage_kv": 345,
        "hvdc_link_count": 0,
        "is_orphan": false,
        "legacy_gist_reference": false,
        "name": "신월성NP",
        "nmi": "NMI000163",
        "voltage_band": "345",
        "voltage_classes": "22;345"
      },
      "type": "Feature"
    },
    {
      "geometry": {
        "coordinates": [
          127.0903503,
          37.7567247
        ],
        "type": "Point"
      },
      "properties": {
        "ac_pair_count": 8,
        "connected_physical_pair_count": 8,
        "coordinate_method": "LOCAL_OSM_PUBLIC_MAP_EXTRACT",
        "coordinate_tier": "GEO_C_STRONG_NAME_MATCH",
        "facility_type": "SUBSTATION",
        "fgn": "FGN0_000163",
        "highest_voltage_kv": 345,
        "hvdc_link_count": 0,
        "is_orphan": false,
        "legacy_gist_reference": false,
        "name": "신의정부",
        "nmi": "NMI000164",
        "voltage_band": "345",
        "voltage_classes": "154;345"
      },
      "type": "Feature"
    },
    {
      "geometry": {
        "coordinates": [
          126.6085778,
          37.5358612
        ],
        "type": "Point"
      },
      "properties": {
        "ac_pair_count": 2,
        "connected_physical_pair_count": 2,
        "coordinate_method": "LOCAL_OSM_PUBLIC_MAP_EXTRACT",
        "coordinate_tier": "GEO_C_STRONG_NAME_MATCH",
        "facility_type": "PLANT_SWITCHYARD",
        "fgn": "FGN0_000164",
        "highest_voltage_kv": 345,
        "hvdc_link_count": 0,
        "is_orphan": false,
        "legacy_gist_reference": false,
        "name": "신인천",
        "nmi": "NMI000165",
        "voltage_band": "345",
        "voltage_classes": "345"
      },
      "type": "Feature"
    },
    {
      "geometry": {
        "coordinates": [
          126.6085778,
          37.5358612
        ],
        "type": "Point"
      },
      "properties": {
        "ac_pair_count": 4,
        "connected_physical_pair_count": 4,
        "coordinate_method": "LOCAL_OSM_PUBLIC_MAP_EXTRACT",
        "coordinate_tier": "GEO_C_STRONG_NAME_MATCH",
        "facility_type": "PLANT_SWITCHYARD",
        "fgn": "FGN0_000165",
        "highest_voltage_kv": 345,
        "hvdc_link_count": 0,
        "is_orphan": false,
        "legacy_gist_reference": false,
        "name": "신인천CC",
        "nmi": "NMI000166",
        "voltage_band": "345",
        "voltage_classes": "345"
      },
      "type": "Feature"
    },
    {
      "geometry": {
        "coordinates": [
          127.401639,
          36.4401616
        ],
        "type": "Point"
      },
      "properties": {
        "ac_pair_count": 2,
        "connected_physical_pair_count": 2,
        "coordinate_method": "LOCAL_OSM_PUBLIC_MAP_EXTRACT",
        "coordinate_tier": "GEO_C_STRONG_NAME_MATCH",
        "facility_type": "SUBSTATION",
        "fgn": "FGN0_000651",
        "highest_voltage_kv": 154,
        "hvdc_link_count": 0,
        "is_orphan": false,
        "legacy_gist_reference": false,
        "name": "신일",
        "nmi": "NMI000658",
        "voltage_band": "154",
        "voltage_classes": "154"
      },
      "type": "Feature"
    },
    {
      "geometry": {
        "coordinates": [
          127.2278859,
          37.5357523
        ],
        "type": "Point"
      },
      "properties": {
        "ac_pair_count": 2,
        "connected_physical_pair_count": 2,
        "coordinate_method": "LOCAL_OSM_PUBLIC_MAP_EXTRACT",
        "coordinate_tier": "GEO_C_STRONG_NAME_MATCH",
        "facility_type": "SUBSTATION",
        "fgn": "FGN0_000652",
        "highest_voltage_kv": 154,
        "hvdc_link_count": 0,
        "is_orphan": false,
        "legacy_gist_reference": false,
        "name": "신장",
        "nmi": "NMI000659",
        "voltage_band": "154",
        "voltage_classes": "154"
      },
      "type": "Feature"
    },
    {
      "geometry": {
        "coordinates": [
          126.8465542,
          37.5101318
        ],
        "type": "Point"
      },
      "properties": {
        "ac_pair_count": 2,
        "connected_physical_pair_count": 2,
        "coordinate_method": "LOCAL_OSM_PUBLIC_MAP_EXTRACT",
        "coordinate_tier": "GEO_C_STRONG_NAME_MATCH",
        "facility_type": "SUBSTATION",
        "fgn": "FGN0_000653",
        "highest_voltage_kv": 154,
        "hvdc_link_count": 0,
        "is_orphan": false,
        "legacy_gist_reference": false,
        "name": "신정",
        "nmi": "NMI000660",
        "voltage_band": "154",
        "voltage_classes": "154"
      },
      "type": "Feature"
    },
    {
      "geometry": {
        "coordinates": [
          126.48776906944718,
          33.47398326821608
        ],
        "type": "Point"
      },
      "properties": {
        "ac_pair_count": 1,
        "connected_physical_pair_count": 1,
        "coordinate_method": "Official exact-PNU parcel, EPSG:900913 to EPSG:5179 interior representative_point then EPSG:4326",
        "coordinate_tier": "GEO_B_FACILITY_SITE",
        "facility_type": "SUBSTATION",
        "fgn": "FGN0_000654",
        "highest_voltage_kv": 154,
        "hvdc_link_count": 0,
        "is_orphan": false,
        "legacy_gist_reference": false,
        "name": "신제주",
        "nmi": "NMI000661",
        "voltage_band": "154",
        "voltage_classes": "154"
      },
      "type": "Feature"
    },
    {
      "geometry": {
        "coordinates": [
          128.23522574966847,
          37.178527541950935
        ],
        "type": "Point"
      },
      "properties": {
        "ac_pair_count": 9,
        "connected_physical_pair_count": 9,
        "coordinate_method": "Official exact-PNU parcel, EPSG:900913 to EPSG:5179 interior representative_point then EPSG:4326",
        "coordinate_tier": "GEO_B_FACILITY_SITE",
        "facility_type": "SUBSTATION",
        "fgn": "FGN0_000166",
        "highest_voltage_kv": 345,
        "hvdc_link_count": 0,
        "is_orphan": false,
        "legacy_gist_reference": false,
        "name": "신제천",
        "nmi": "NMI000167",
        "voltage_band": "345",
        "voltage_classes": "154;345"
      },
      "type": "Feature"
    },
    {
      "geometry": {
        "coordinates": [
          127.3585602,
          36.7483585
        ],
        "type": "Point"
      },
      "properties": {
        "ac_pair_count": 6,
        "connected_physical_pair_count": 6,
        "coordinate_method": "LOCAL_OSM_PUBLIC_MAP_EXTRACT",
        "coordinate_tier": "GEO_C_STRONG_NAME_MATCH",
        "facility_type": "SUBSTATION",
        "fgn": "FGN0_000167",
        "highest_voltage_kv": 765,
        "hvdc_link_count": 0,
        "is_orphan": false,
        "legacy_gist_reference": false,
        "name": "신중부",
        "nmi": "NMI000168",
        "voltage_band": "765",
        "voltage_classes": "345;765"
      },
      "type": "Feature"
    },
    {
      "geometry": {
        "coordinates": [
          127.3883107,
          36.821594
        ],
        "type": "Point"
      },
      "properties": {
        "ac_pair_count": 7,
        "connected_physical_pair_count": 7,
        "coordinate_method": "LOCAL_OSM_PUBLIC_MAP_EXTRACT",
        "coordinate_tier": "GEO_C_STRONG_NAME_MATCH",
        "facility_type": "SUBSTATION",
        "fgn": "FGN0_000168",
        "highest_voltage_kv": 345,
        "hvdc_link_count": 0,
        "is_orphan": false,
        "legacy_gist_reference": false,
        "name": "신진천",
        "nmi": "NMI000169",
        "voltage_band": "345",
        "voltage_classes": "154;345"
      },
      "type": "Feature"
    },
    {
      "geometry": {
        "coordinates": [
          127.42725721163711,
          36.65479323531532
        ],
        "type": "Point"
      },
      "properties": {
        "ac_pair_count": 4,
        "connected_physical_pair_count": 4,
        "coordinate_method": "V5_EXACT_ADDRESS_PARCEL_OR_OFFICIAL_POLYGON_RECOVERY",
        "coordinate_tier": "GEO_B_OFFICIAL_ADDRESS",
        "facility_type": "SUBSTATION",
        "fgn": "FGN0_000169",
        "highest_voltage_kv": 345,
        "hvdc_link_count": 0,
        "is_orphan": false,
        "legacy_gist_reference": false,
        "name": "신청주",
        "nmi": "NMI000170",
        "voltage_band": "345",
        "voltage_classes": "154;345"
      },
      "type": "Feature"
    },
    {
      "geometry": {
        "coordinates": [
          126.9415503,
          37.5561981
        ],
        "type": "Point"
      },
      "properties": {
        "ac_pair_count": 4,
        "connected_physical_pair_count": 4,
        "coordinate_method": "LOCAL_OSM_PUBLIC_MAP_EXTRACT",
        "coordinate_tier": "GEO_C_STRONG_NAME_MATCH",
        "facility_type": "SUBSTATION",
        "fgn": "FGN0_000655",
        "highest_voltage_kv": 154,
        "hvdc_link_count": 0,
        "is_orphan": false,
        "legacy_gist_reference": false,
        "name": "신촌",
        "nmi": "NMI000662",
        "voltage_band": "154",
        "voltage_classes": "154"
      },
      "type": "Feature"
    },
    {
      "geometry": {
        "coordinates": [
          127.8057525527081,
          37.01913859228177
        ],
        "type": "Point"
      },
      "properties": {
        "ac_pair_count": 6,
        "connected_physical_pair_count": 6,
        "coordinate_method": "Official exact-PNU parcel, EPSG:900913 to EPSG:5179 interior representative_point then EPSG:4326",
        "coordinate_tier": "GEO_B_FACILITY_SITE",
        "facility_type": "SUBSTATION",
        "fgn": "FGN0_000170",
        "highest_voltage_kv": 345,
        "hvdc_link_count": 0,
        "is_orphan": false,
        "legacy_gist_reference": false,
        "name": "신충주",
        "nmi": "NMI000171",
        "voltage_band": "345",
        "voltage_classes": "154;345"
      },
      "type": "Feature"
    },
    {
      "geometry": {
        "coordinates": [
          127.4348271,
          36.4446922
        ],
        "type": "Point"
      },
      "properties": {
        "ac_pair_count": 3,
        "connected_physical_pair_count": 3,
        "coordinate_method": "LOCAL_OSM_PUBLIC_MAP_EXTRACT",
        "coordinate_tier": "GEO_C_STRONG_NAME_MATCH",
        "facility_type": "SUBSTATION",
        "fgn": "FGN0_000656",
        "highest_voltage_kv": 154,
        "hvdc_link_count": 0,
        "is_orphan": false,
        "legacy_gist_reference": false,
        "name": "신탄진",
        "nmi": "NMI000663",
        "voltage_band": "154",
        "voltage_classes": "154"
      },
      "type": "Feature"
    },
    {
      "geometry": {
        "coordinates": [
          127.0602052,
          36.8247196
        ],
        "type": "Point"
      },
      "properties": {
        "ac_pair_count": 4,
        "connected_physical_pair_count": 4,
        "coordinate_method": "LOCAL_OSM_PUBLIC_MAP_EXTRACT",
        "coordinate_tier": "GEO_C_STRONG_NAME_MATCH",
        "facility_type": "SUBSTATION",
        "fgn": "FGN0_000171",
        "highest_voltage_kv": 345,
        "hvdc_link_count": 0,
        "is_orphan": false,
        "legacy_gist_reference": false,
        "name": "신탕정",
        "nmi": "NMI000172",
        "voltage_band": "345",
        "voltage_classes": "154;345"
      },
      "type": "Feature"
    },
    {
      "geometry": {
        "coordinates": [
          128.96328586937912,
          37.26074244902921
        ],
        "type": "Point"
      },
      "properties": {
        "ac_pair_count": 6,
        "connected_physical_pair_count": 6,
        "coordinate_method": "Official exact-PNU parcel, EPSG:900913 to EPSG:5179 interior representative_point then EPSG:4326",
        "coordinate_tier": "GEO_B_FACILITY_SITE",
        "facility_type": "SUBSTATION",
        "fgn": "FGN0_000172",
        "highest_voltage_kv": 765,
        "hvdc_link_count": 0,
        "is_orphan": false,
        "legacy_gist_reference": false,
        "name": "신태백",
        "nmi": "NMI000173",
        "voltage_band": "765",
        "voltage_classes": "345;765"
      },
      "type": "Feature"
    },
    {
      "geometry": {
        "coordinates": [
          126.7711318289157,
          37.73930685317052
        ],
        "type": "Point"
      },
      "properties": {
        "ac_pair_count": 7,
        "connected_physical_pair_count": 7,
        "coordinate_method": "Official exact-PNU parcel, EPSG:900913 to EPSG:5179 interior representative_point then EPSG:4326",
        "coordinate_tier": "GEO_B_FACILITY_SITE",
        "facility_type": "SUBSTATION",
        "fgn": "FGN0_000173",
        "highest_voltage_kv": 345,
        "hvdc_link_count": 0,
        "is_orphan": false,
        "legacy_gist_reference": false,
        "name": "신파주",
        "nmi": "NMI000174",
        "voltage_band": "345",
        "voltage_classes": "154;345"
      },
      "type": "Feature"
    },
    {
      "geometry": {
        "coordinates": [
          128.96529849432227,
          35.09246959712871
        ],
        "type": "Point"
      },
      "properties": {
        "ac_pair_count": 2,
        "connected_physical_pair_count": 2,
        "coordinate_method": "V6_LOCAL_EUM_VWORLD_EXACT_NAMED_FACILITY_POLYGON",
        "coordinate_tier": "GEO_C_STRONG_NAME_MATCH",
        "facility_type": "SUBSTATION",
        "fgn": "FGN0_000657",
        "highest_voltage_kv": 154,
        "hvdc_link_count": 0,
        "is_orphan": false,
        "legacy_gist_reference": false,
        "name": "신평",
        "nmi": "NMI000664",
        "voltage_band": "154",
        "voltage_classes": "154"
      },
      "type": "Feature"
    },
    {
      "geometry": {
        "coordinates": [
          126.79336966212267,
          37.00430578677397
        ],
        "type": "Point"
      },
      "properties": {
        "ac_pair_count": 1,
        "connected_physical_pair_count": 1,
        "coordinate_method": "OFFLINE_APPROVED_OFFICIAL_GEOMETRY_REPLAY",
        "coordinate_tier": "GEO_B_FACILITY_SITE",
        "facility_type": "PLANT_SWITCHYARD",
        "fgn": "FGN0_000174",
        "highest_voltage_kv": 345,
        "hvdc_link_count": 0,
        "is_orphan": false,
        "legacy_gist_reference": false,
        "name": "신평택",
        "nmi": "NMI000175",
        "voltage_band": "345",
        "voltage_classes": "345"
      },
      "type": "Feature"
    },
    {
      "geometry": {
        "coordinates": [
          126.79336966212267,
          37.00430578677397
        ],
        "type": "Point"
      },
      "properties": {
        "ac_pair_count": 1,
        "connected_physical_pair_count": 1,
        "coordinate_method": "OFFLINE_APPROVED_OFFICIAL_GEOMETRY_REPLAY",
        "coordinate_tier": "GEO_B_FACILITY_SITE",
        "facility_type": "PLANT_SWITCHYARD",
        "fgn": "FGN0_000175",
        "highest_voltage_kv": 345,
        "hvdc_link_count": 0,
        "is_orphan": false,
        "legacy_gist_reference": false,
        "name": "신평택CC",
        "nmi": "NMI000176",
        "voltage_band": "345",
        "voltage_classes": "345"
      },
      "type": "Feature"
    },
    {
      "geometry": {
        "coordinates": [
          127.161668361421,
          37.951324773749484
        ],
        "type": "Point"
      },
      "properties": {
        "ac_pair_count": 9,
        "connected_physical_pair_count": 9,
        "coordinate_method": "Official exact-PNU parcel, EPSG:900913 to EPSG:5179 interior representative_point then EPSG:4326",
        "coordinate_tier": "GEO_B_FACILITY_SITE",
        "facility_type": "SUBSTATION",
        "fgn": "FGN0_000176",
        "highest_voltage_kv": 345,
        "hvdc_link_count": 0,
        "is_orphan": false,
        "legacy_gist_reference": false,
        "name": "신포천",
        "nmi": "NMI000177",
        "voltage_band": "345",
        "voltage_classes": "154;345"
      },
      "type": "Feature"
    },
    {
      "geometry": {
        "coordinates": [
          129.40740722436846,
          35.93991613475014
        ],
        "type": "Point"
      },
      "properties": {
        "ac_pair_count": 11,
        "connected_physical_pair_count": 11,
        "coordinate_method": "VWORLD_EUM_KEPCO_IDENTITY_CHAIN",
        "coordinate_tier": "GEO_A_CANONICAL",
        "facility_type": "SUBSTATION",
        "fgn": "FGN0_000177",
        "highest_voltage_kv": 345,
        "hvdc_link_count": 0,
        "is_orphan": false,
        "legacy_gist_reference": false,
        "name": "신포항",
        "nmi": "NMI000178",
        "voltage_band": "345",
        "voltage_classes": "154;345"
      },
      "type": "Feature"
    },
    {
      "geometry": {
        "coordinates": [
          126.9364392,
          36.4879051
        ],
        "type": "Point"
      },
      "properties": {
        "ac_pair_count": 2,
        "connected_physical_pair_count": 2,
        "coordinate_method": "LOCAL_OSM_PUBLIC_MAP_EXTRACT",
        "coordinate_tier": "GEO_C_STRONG_NAME_MATCH",
        "facility_type": "SUBSTATION",
        "fgn": "FGN0_000658",
        "highest_voltage_kv": 154,
        "hvdc_link_count": 0,
        "is_orphan": false,
        "legacy_gist_reference": false,
        "name": "신풍",
        "nmi": "NMI000665",
        "voltage_band": "154",
        "voltage_classes": "154"
      },
      "type": "Feature"
    },
    {
      "geometry": {
        "coordinates": [
          129.37608877996738,
          37.0970801741142
        ],
        "type": "Point"
      },
      "properties": {
        "ac_pair_count": 1,
        "connected_physical_pair_count": 1,
        "coordinate_method": "Official exact-PNU parcel, EPSG:900913 to EPSG:5179 interior representative_point then EPSG:4326",
        "coordinate_tier": "GEO_B_FACILITY_SITE",
        "facility_type": "SUBSTATION",
        "fgn": "FGN0_000178",
        "highest_voltage_kv": 765,
        "hvdc_link_count": 0,
        "is_orphan": false,
        "legacy_gist_reference": false,
        "name": "신한울",
        "nmi": "NMI000179",
        "voltage_band": "765",
        "voltage_classes": "345;765"
      },
      "type": "Feature"
    },
    {
      "geometry": {
        "coordinates": [
          126.6609817,
          37.4824827
        ],
        "type": "Point"
      },
      "properties": {
        "ac_pair_count": 2,
        "connected_physical_pair_count": 2,
        "coordinate_method": "LOCAL_OSM_PUBLIC_MAP_EXTRACT",
        "coordinate_tier": "GEO_C_STRONG_NAME_MATCH",
        "facility_type": "SUBSTATION",
        "fgn": "FGN0_000659",
        "highest_voltage_kv": 154,
        "hvdc_link_count": 0,
        "is_orphan": false,
        "legacy_gist_reference": false,
        "name": "신현",
        "nmi": "NMI000666",
        "voltage_band": "154",
        "voltage_classes": "154"
      },
      "type": "Feature"
    },
    {
      "geometry": {
        "coordinates": [
          126.92938312213192,
          34.964854123851595
        ],
        "type": "Point"
      },
      "properties": {
        "ac_pair_count": 7,
        "connected_physical_pair_count": 7,
        "coordinate_method": "Official exact-PNU parcel, EPSG:900913 to EPSG:5179 interior representative_point then EPSG:4326",
        "coordinate_tier": "GEO_B_FACILITY_SITE",
        "facility_type": "SUBSTATION",
        "fgn": "FGN0_000179",
        "highest_voltage_kv": 345,
        "hvdc_link_count": 0,
        "is_orphan": false,
        "legacy_gist_reference": false,
        "name": "신화순",
        "nmi": "NMI000180",
        "voltage_band": "345",
        "voltage_classes": "154;345"
      },
      "type": "Feature"
    },
    {
      "geometry": {
        "coordinates": [
          127.4406431,
          36.323108
        ],
        "type": "Point"
      },
      "properties": {
        "ac_pair_count": 2,
        "connected_physical_pair_count": 2,
        "coordinate_method": "LOCAL_OSM_PUBLIC_MAP_EXTRACT",
        "coordinate_tier": "GEO_C_STRONG_NAME_MATCH",
        "facility_type": "SUBSTATION",
        "fgn": "FGN0_000660",
        "highest_voltage_kv": 154,
        "hvdc_link_count": 0,
        "is_orphan": false,
        "legacy_gist_reference": false,
        "name": "신흥",
        "nmi": "NMI000667",
        "voltage_band": "154",
        "voltage_classes": "154"
      },
      "type": "Feature"
    },
    {
      "geometry": {
        "coordinates": [
          128.2514048,
          35.6654168
        ],
        "type": "Point"
      },
      "properties": {
        "ac_pair_count": 2,
        "connected_physical_pair_count": 2,
        "coordinate_method": "LOCAL_OSM_PUBLIC_MAP_EXTRACT",
        "coordinate_tier": "GEO_C_STRONG_NAME_MATCH",
        "facility_type": "SUBSTATION",
        "fgn": "FGN0_000661",
        "highest_voltage_kv": 154,
        "hvdc_link_count": 0,
        "is_orphan": false,
        "legacy_gist_reference": false,
        "name": "쌍림",
        "nmi": "NMI000668",
        "voltage_band": "154",
        "voltage_classes": "154"
      },
      "type": "Feature"
    },
    {
      "geometry": {
        "coordinates": [
          127.0272112,
          37.6474217
        ],
        "type": "Point"
      },
      "properties": {
        "ac_pair_count": 4,
        "connected_physical_pair_count": 4,
        "coordinate_method": "LOCAL_OSM_PUBLIC_MAP_EXTRACT",
        "coordinate_tier": "GEO_C_STRONG_NAME_MATCH",
        "facility_type": "SUBSTATION",
        "fgn": "FGN0_000662",
        "highest_voltage_kv": 154,
        "hvdc_link_count": 0,
        "is_orphan": false,
        "legacy_gist_reference": false,
        "name": "쌍문",
        "nmi": "NMI000669",
        "voltage_band": "154",
        "voltage_classes": "154"
      },
      "type": "Feature"
    },
    {
      "geometry": {
        "coordinates": [
          126.9239626,
          36.7910375
        ],
        "type": "Point"
      },
      "properties": {
        "ac_pair_count": 8,
        "connected_physical_pair_count": 8,
        "coordinate_method": "LOCAL_OSM_PUBLIC_MAP_EXTRACT",
        "coordinate_tier": "GEO_C_STRONG_NAME_MATCH",
        "facility_type": "SUBSTATION",
        "fgn": "FGN0_000183",
        "highest_voltage_kv": 345,
        "hvdc_link_count": 0,
        "is_orphan": false,
        "legacy_gist_reference": false,
        "name": "아산",
        "nmi": "NMI000184",
        "voltage_band": "345",
        "voltage_classes": "154;345"
      },
      "type": "Feature"
    },
    {
      "geometry": {
        "coordinates": [
          128.6974899,
          34.8666638
        ],
        "type": "Point"
      },
      "properties": {
        "ac_pair_count": 1,
        "connected_physical_pair_count": 1,
        "coordinate_method": "LOCAL_OSM_PUBLIC_MAP_EXTRACT",
        "coordinate_tier": "GEO_C_STRONG_NAME_MATCH",
        "facility_type": "SUBSTATION",
        "fgn": "FGN0_000663",
        "highest_voltage_kv": 154,
        "hvdc_link_count": 0,
        "is_orphan": false,
        "legacy_gist_reference": false,
        "name": "아주",
        "nmi": "NMI000670",
        "voltage_band": "154",
        "voltage_classes": "154"
      },
      "type": "Feature"
    },
    {
      "geometry": {
        "coordinates": [
          126.9558533,
          37.5545417
        ],
        "type": "Point"
      },
      "properties": {
        "ac_pair_count": 2,
        "connected_physical_pair_count": 2,
        "coordinate_method": "LOCAL_OSM_PUBLIC_MAP_EXTRACT",
        "coordinate_tier": "GEO_C_STRONG_NAME_MATCH",
        "facility_type": "SUBSTATION",
        "fgn": "FGN0_000664",
        "highest_voltage_kv": 154,
        "hvdc_link_count": 0,
        "is_orphan": false,
        "legacy_gist_reference": false,
        "name": "아현",
        "nmi": "NMI000671",
        "voltage_band": "154",
        "voltage_classes": "154"
      },
      "type": "Feature"
    },
    {
      "geometry": {
        "coordinates": [
          129.0332924,
          35.9033588
        ],
        "type": "Point"
      },
      "properties": {
        "ac_pair_count": 4,
        "connected_physical_pair_count": 4,
        "coordinate_method": "LOCAL_OSM_PUBLIC_MAP_EXTRACT",
        "coordinate_tier": "GEO_C_STRONG_NAME_MATCH",
        "facility_type": "SUBSTATION",
        "fgn": "FGN0_000665",
        "highest_voltage_kv": 154,
        "hvdc_link_count": 0,
        "is_orphan": false,
        "legacy_gist_reference": false,
        "name": "아화",
        "nmi": "NMI000672",
        "voltage_band": "154",
        "voltage_classes": "154"
      },
      "type": "Feature"
    },
    {
      "geometry": {
        "coordinates": [
          128.48505993153924,
          36.37154407289441
        ],
        "type": "Point"
      },
      "properties": {
        "ac_pair_count": 3,
        "connected_physical_pair_count": 3,
        "coordinate_method": "VWORLD_EUM_KEPCO_IDENTITY_CHAIN",
        "coordinate_tier": "GEO_A_CANONICAL",
        "facility_type": "SUBSTATION",
        "fgn": "FGN0_000184",
        "highest_voltage_kv": 345,
        "hvdc_link_count": 0,
        "is_orphan": false,
        "legacy_gist_reference": false,
        "name": "안계",
        "nmi": "NMI000185",
        "voltage_band": "345",
        "voltage_classes": "154;345"
      },
      "type": "Feature"
    },
    {
      "geometry": {
        "coordinates": [
          126.35172472079465,
          33.28249145598018
        ],
        "type": "Point"
      },
      "properties": {
        "ac_pair_count": 2,
        "connected_physical_pair_count": 2,
        "coordinate_method": "Official exact-PNU parcel, EPSG:900913 to EPSG:5179 interior representative_point then EPSG:4326",
        "coordinate_tier": "GEO_B_FACILITY_SITE",
        "facility_type": "SUBSTATION",
        "fgn": "FGN0_000666",
        "highest_voltage_kv": 154,
        "hvdc_link_count": 0,
        "is_orphan": false,
        "legacy_gist_reference": false,
        "name": "안덕",
        "nmi": "NMI000673",
        "voltage_band": "154",
        "voltage_classes": "154"
      },
      "type": "Feature"
    },
    {
      "geometry": {
        "coordinates": [
          128.74366445985137,
          36.58713529049501
        ],
        "type": "Point"
      },
      "properties": {
        "ac_pair_count": 3,
        "connected_physical_pair_count": 3,
        "coordinate_method": "Official exact-PNU parcel, EPSG:900913 to EPSG:5179 interior representative_point then EPSG:4326",
        "coordinate_tier": "GEO_B_FACILITY_SITE",
        "facility_type": "SUBSTATION",
        "fgn": "FGN0_000667",
        "highest_voltage_kv": 154,
        "hvdc_link_count": 0,
        "is_orphan": false,
        "legacy_gist_reference": false,
        "name": "안동",
        "nmi": "NMI000674",
        "voltage_band": "154",
        "voltage_classes": "154"
      },
      "type": "Feature"
    },
    {
      "geometry": {
        "coordinates": [
          128.540507257368,
          36.5960292092735
        ],
        "type": "Point"
      },
      "properties": {
        "ac_pair_count": 1,
        "connected_physical_pair_count": 1,
        "coordinate_method": "EXISTING_ACCEPTED_USER_WEB_VERIFIED_SITE_GEOCODE",
        "coordinate_tier": "GEO_B_FACILITY_SITE",
        "facility_type": "SUBSTATION",
        "fgn": "FGN0_000668",
        "highest_voltage_kv": 345,
        "hvdc_link_count": 0,
        "is_orphan": false,
        "legacy_gist_reference": false,
        "name": "안동복합",
        "nmi": "NMI000675",
        "voltage_band": "345",
        "voltage_classes": "154;345"
      },
      "type": "Feature"
    },
    {
      "geometry": {
        "coordinates": [
          128.5405140029121,
          36.596004572281394
        ],
        "type": "Point"
      },
      "properties": {
        "ac_pair_count": 1,
        "connected_physical_pair_count": 1,
        "coordinate_method": "OFFLINE_APPROVED_OFFICIAL_FACILITY_SITE_GEOMETRY_REPLAY",
        "coordinate_tier": "GEO_B_FACILITY_SITE",
        "facility_type": "PLANT_SWITCHYARD",
        "fgn": "FGN0_000186",
        "highest_voltage_kv": 345,
        "hvdc_link_count": 0,
        "is_orphan": false,
        "legacy_gist_reference": false,
        "name": "안동복합CC",
        "nmi": "NMI000187",
        "voltage_band": "345",
        "voltage_classes": "345"
      },
      "type": "Feature"
    },
    {
      "geometry": {
        "coordinates": [
          128.540507257368,
          36.5960292092735
        ],
        "type": "Point"
      },
      "properties": {
        "ac_pair_count": 5,
        "connected_physical_pair_count": 5,
        "coordinate_method": "V7_WEB_VERIFIED_EXACT_OFFICIAL_FACILITY_ADDRESS_GEOCODE",
        "coordinate_tier": "GEO_B_OFFICIAL_ADDRESS",
        "facility_type": "PLANT_SWITCHYARD",
        "fgn": "FGN0_000185",
        "highest_voltage_kv": 345,
        "hvdc_link_count": 0,
        "is_orphan": false,
        "legacy_gist_reference": false,
        "name": "안동CC",
        "nmi": "NMI000186",
        "voltage_band": "345",
        "voltage_classes": "154;345"
      },
      "type": "Feature"
    },
    {
      "geometry": {
        "coordinates": [
          126.3324714,
          36.5788221
        ],
        "type": "Point"
      },
      "properties": {
        "ac_pair_count": 1,
        "connected_physical_pair_count": 1,
        "coordinate_method": "LOCAL_OSM_PUBLIC_MAP_EXTRACT",
        "coordinate_tier": "GEO_C_STRONG_NAME_MATCH",
        "facility_type": "SUBSTATION",
        "fgn": "FGN0_000669",
        "highest_voltage_kv": 154,
        "hvdc_link_count": 0,
        "is_orphan": false,
        "legacy_gist_reference": false,
        "name": "안면",
        "nmi": "NMI000676",
        "voltage_band": "154",
        "voltage_classes": "154"
      },
      "type": "Feature"
    },
    {
      "geometry": {
        "coordinates": [
          128.6790353,
          35.202551
        ],
        "type": "Point"
      },
      "properties": {
        "ac_pair_count": 3,
        "connected_physical_pair_count": 3,
        "coordinate_method": "LOCAL_OSM_PUBLIC_MAP_EXTRACT",
        "coordinate_tier": "GEO_C_STRONG_NAME_MATCH",
        "facility_type": "SUBSTATION",
        "fgn": "FGN0_000670",
        "highest_voltage_kv": 154,
        "hvdc_link_count": 0,
        "is_orphan": false,
        "legacy_gist_reference": false,
        "name": "안민",
        "nmi": "NMI000677",
        "voltage_band": "154",
        "voltage_classes": "154"
      },
      "type": "Feature"
    },
    {
      "geometry": {
        "coordinates": [
          126.81148807106491,
          37.31569463224047
        ],
        "type": "Point"
      },
      "properties": {
        "ac_pair_count": 3,
        "connected_physical_pair_count": 3,
        "coordinate_method": "Official exact-PNU parcel, EPSG:900913 to EPSG:5179 interior representative_point then EPSG:4326",
        "coordinate_tier": "GEO_B_FACILITY_SITE",
        "facility_type": "SUBSTATION",
        "fgn": "FGN0_000671",
        "highest_voltage_kv": 154,
        "hvdc_link_count": 0,
        "is_orphan": false,
        "legacy_gist_reference": false,
        "name": "안산",
        "nmi": "NMI000678",
        "voltage_band": "154",
        "voltage_classes": "154"
      },
      "type": "Feature"
    },
    {
      "geometry": {
        "coordinates": [
          126.77870467152323,
          37.294815727653514
        ],
        "type": "Point"
      },
      "properties": {
        "ac_pair_count": 2,
        "connected_physical_pair_count": 2,
        "coordinate_method": "Official exact-PNU parcel, EPSG:900913 to EPSG:5179 interior representative_point then EPSG:4326",
        "coordinate_tier": "GEO_B_FACILITY_SITE",
        "facility_type": "PLANT_SWITCHYARD",
        "fgn": "FGN0_000672",
        "highest_voltage_kv": 154,
        "hvdc_link_count": 0,
        "is_orphan": false,
        "legacy_gist_reference": false,
        "name": "안산CC",
        "nmi": "NMI000679",
        "voltage_band": "154",
        "voltage_classes": "154"
      },
      "type": "Feature"
    },
    {
      "geometry": {
        "coordinates": [
          127.24492129475975,
          37.02073590105023
        ],
        "type": "Point"
      },
      "properties": {
        "ac_pair_count": 5,
        "connected_physical_pair_count": 5,
        "coordinate_method": "Official exact-PNU parcel, EPSG:900913 to EPSG:5179 interior representative_point then EPSG:4326",
        "coordinate_tier": "GEO_B_FACILITY_SITE",
        "facility_type": "SUBSTATION",
        "fgn": "FGN0_000673",
        "highest_voltage_kv": 154,
        "hvdc_link_count": 0,
        "is_orphan": false,
        "legacy_gist_reference": false,
        "name": "안성",
        "nmi": "NMI000680",
        "voltage_band": "154",
        "voltage_classes": "154"
      },
      "type": "Feature"
    },
    {
      "geometry": {
        "coordinates": [
          128.6868271,
          35.8735796
        ],
        "type": "Point"
      },
      "properties": {
        "ac_pair_count": 3,
        "connected_physical_pair_count": 3,
        "coordinate_method": "LOCAL_OSM_PUBLIC_MAP_EXTRACT",
        "coordinate_tier": "GEO_C_STRONG_NAME_MATCH",
        "facility_type": "SUBSTATION",
        "fgn": "FGN0_000674",
        "highest_voltage_kv": 154,
        "hvdc_link_count": 0,
        "is_orphan": false,
        "legacy_gist_reference": false,
        "name": "안심",
        "nmi": "NMI000681",
        "voltage_band": "154",
        "voltage_classes": "154"
      },
      "type": "Feature"
    },
    {
      "geometry": {
        "coordinates": [
          127.0286047,
          37.583999
        ],
        "type": "Point"
      },
      "properties": {
        "ac_pair_count": 3,
        "connected_physical_pair_count": 3,
        "coordinate_method": "LOCAL_OSM_PUBLIC_MAP_EXTRACT",
        "coordinate_tier": "GEO_C_STRONG_NAME_MATCH",
        "facility_type": "SUBSTATION",
        "fgn": "FGN0_000675",
        "highest_voltage_kv": 154,
        "hvdc_link_count": 0,
        "is_orphan": false,
        "legacy_gist_reference": false,
        "name": "안암",
        "nmi": "NMI000682",
        "voltage_band": "154",
        "voltage_classes": "154"
      },
      "type": "Feature"
    },
    {
      "geometry": {
        "coordinates": [
          126.9275342,
          37.3864503
        ],
        "type": "Point"
      },
      "properties": {
        "ac_pair_count": 2,
        "connected_physical_pair_count": 2,
        "coordinate_method": "LOCAL_OSM_PUBLIC_MAP_EXTRACT",
        "coordinate_tier": "GEO_C_STRONG_NAME_MATCH",
        "facility_type": "SUBSTATION",
        "fgn": "FGN0_000676",
        "highest_voltage_kv": 154,
        "hvdc_link_count": 0,
        "is_orphan": false,
        "legacy_gist_reference": false,
        "name": "안양",
        "nmi": "NMI000683",
        "voltage_band": "154",
        "voltage_classes": "154"
      },
      "type": "Feature"
    },
    {
      "geometry": {
        "coordinates": [
          126.96598856323952,
          37.39382615804016
        ],
        "type": "Point"
      },
      "properties": {
        "ac_pair_count": 1,
        "connected_physical_pair_count": 1,
        "coordinate_method": "V37_OFFICIAL_OPERATOR_FACILITY_SITE",
        "coordinate_tier": "GEO_B_FACILITY_SITE",
        "facility_type": "SUBSTATION",
        "fgn": "FGN0_000677",
        "highest_voltage_kv": 154,
        "hvdc_link_count": 0,
        "is_orphan": false,
        "legacy_gist_reference": false,
        "name": "안양CC",
        "nmi": "NMI000684",
        "voltage_band": "154",
        "voltage_classes": "154"
      },
      "type": "Feature"
    },
    {
      "geometry": {
        "coordinates": [
          128.97819960793012,
          37.73221837335117
        ],
        "type": "Point"
      },
      "properties": {
        "ac_pair_count": 2,
        "connected_physical_pair_count": 2,
        "coordinate_method": "OFFLINE_APPROVED_OFFICIAL_FACILITY_SITE_GEOMETRY_REPLAY",
        "coordinate_tier": "GEO_B_FACILITY_SITE",
        "facility_type": "SWITCHING_STATION",
        "fgn": "FGN0_000187",
        "highest_voltage_kv": 345,
        "hvdc_link_count": 0,
        "is_orphan": false,
        "legacy_gist_reference": false,
        "name": "안인",
        "nmi": "NMI000188",
        "voltage_band": "345",
        "voltage_classes": "345"
      },
      "type": "Feature"
    },
    {
      "geometry": {
        "coordinates": [
          128.92163137214476,
          37.6471655
        ],
        "type": "Point"
      },
      "properties": {
        "ac_pair_count": 3,
        "connected_physical_pair_count": 3,
        "coordinate_method": "V5_EXACT_ADDRESS_PARCEL_OR_OFFICIAL_POLYGON_RECOVERY",
        "coordinate_tier": "GEO_B_OFFICIAL_ADDRESS",
        "facility_type": "SWITCHING_STATION",
        "fgn": "FGN0_000188",
        "highest_voltage_kv": 345,
        "hvdc_link_count": 0,
        "is_orphan": false,
        "legacy_gist_reference": false,
        "name": "안인개폐소",
        "nmi": "NMI000189",
        "voltage_band": "345",
        "voltage_classes": "345"
      },
      "type": "Feature"
    },
    {
      "geometry": {
        "coordinates": [
          128.4128568,
          34.9522773
        ],
        "type": "Point"
      },
      "properties": {
        "ac_pair_count": 2,
        "connected_physical_pair_count": 2,
        "coordinate_method": "LOCAL_OSM_PUBLIC_MAP_EXTRACT",
        "coordinate_tier": "GEO_C_STRONG_NAME_MATCH",
        "facility_type": "SUBSTATION",
        "fgn": "FGN0_000678",
        "highest_voltage_kv": 154,
        "hvdc_link_count": 0,
        "is_orphan": false,
        "legacy_gist_reference": false,
        "name": "안정",
        "nmi": "NMI000685",
        "voltage_band": "154",
        "voltage_classes": "154"
      },
      "type": "Feature"
    },
    {
      "geometry": {
        "coordinates": [
          126.13065853799189,
          34.74227294271937
        ],
        "type": "Point"
      },
      "properties": {
        "ac_pair_count": 3,
        "connected_physical_pair_count": 3,
        "coordinate_method": "Official exact-PNU parcel, EPSG:900913 to EPSG:5179 interior representative_point then EPSG:4326",
        "coordinate_tier": "GEO_B_FACILITY_SITE",
        "facility_type": "SUBSTATION",
        "fgn": "FGN0_000679",
        "highest_voltage_kv": 154,
        "hvdc_link_count": 0,
        "is_orphan": false,
        "legacy_gist_reference": false,
        "name": "안좌",
        "nmi": "NMI000686",
        "voltage_band": "154",
        "voltage_classes": "154"
      },
      "type": "Feature"
    },
    {
      "geometry": {
        "coordinates": [
          126.07550175611689,
          34.73341175998634
        ],
        "type": "Point"
      },
      "properties": {
        "ac_pair_count": 1,
        "connected_physical_pair_count": 1,
        "coordinate_method": "OFFLINE_APPROVED_OFFICIAL_FACILITY_SITE_GEOMETRY_REPLAY",
        "coordinate_tier": "GEO_B_FACILITY_SITE",
        "facility_type": "SOURCE_SCOPED_UNRESOLVED",
        "fgn": "FGN0_000952",
        "highest_voltage_kv": 154,
        "hvdc_link_count": 0,
        "is_orphan": false,
        "legacy_gist_reference": false,
        "name": "안좌스마트팜",
        "nmi": "",
        "voltage_band": "154",
        "voltage_classes": "154"
      },
      "type": "Feature"
    },
    {
      "geometry": {
        "coordinates": [
          127.1565226,
          37.4088689
        ],
        "type": "Point"
      },
      "properties": {
        "ac_pair_count": 3,
        "connected_physical_pair_count": 3,
        "coordinate_method": "LOCAL_OSM_PUBLIC_MAP_EXTRACT",
        "coordinate_tier": "GEO_C_STRONG_NAME_MATCH",
        "facility_type": "SUBSTATION",
        "fgn": "FGN0_000680",
        "highest_voltage_kv": 154,
        "hvdc_link_count": 0,
        "is_orphan": false,
        "legacy_gist_reference": false,
        "name": "야탑",
        "nmi": "NMI000687",
        "voltage_band": "154",
        "voltage_classes": "154"
      },
      "type": "Feature"
    },
    {
      "geometry": {
        "coordinates": [
          126.6211709,
          37.6581357
        ],
        "type": "Point"
      },
      "properties": {
        "ac_pair_count": 3,
        "connected_physical_pair_count": 3,
        "coordinate_method": "LOCAL_OSM_PUBLIC_MAP_EXTRACT",
        "coordinate_tier": "GEO_C_STRONG_NAME_MATCH",
        "facility_type": "SUBSTATION",
        "fgn": "FGN0_000681",
        "highest_voltage_kv": 154,
        "hvdc_link_count": 0,
        "is_orphan": false,
        "legacy_gist_reference": false,
        "name": "양곡",
        "nmi": "NMI000688",
        "voltage_band": "154",
        "voltage_classes": "154"
      },
      "type": "Feature"
    },
    {
      "geometry": {
        "coordinates": [
          128.0105703,
          38.0608399
        ],
        "type": "Point"
      },
      "properties": {
        "ac_pair_count": 1,
        "connected_physical_pair_count": 1,
        "coordinate_method": "LOCAL_OSM_PUBLIC_MAP_EXTRACT",
        "coordinate_tier": "GEO_C_STRONG_NAME_MATCH",
        "facility_type": "SUBSTATION",
        "fgn": "FGN0_000682",
        "highest_voltage_kv": 154,
        "hvdc_link_count": 0,
        "is_orphan": false,
        "legacy_gist_reference": false,
        "name": "양구",
        "nmi": "NMI000689",
        "voltage_band": "154",
        "voltage_classes": "154"
      },
      "type": "Feature"
    },
    {
      "geometry": {
        "coordinates": [
          129.4460107,
          35.7691728
        ],
        "type": "Point"
      },
      "properties": {
        "ac_pair_count": 3,
        "connected_physical_pair_count": 3,
        "coordinate_method": "LOCAL_OSM_PUBLIC_MAP_EXTRACT",
        "coordinate_tier": "GEO_C_STRONG_NAME_MATCH",
        "facility_type": "SUBSTATION",
        "fgn": "FGN0_000189",
        "highest_voltage_kv": 345,
        "hvdc_link_count": 0,
        "is_orphan": false,
        "legacy_gist_reference": false,
        "name": "양북",
        "nmi": "NMI000190",
        "voltage_band": "345",
        "voltage_classes": "154;345"
      },
      "type": "Feature"
    },
    {
      "geometry": {
        "coordinates": [
          129.0366246,
          35.3612295
        ],
        "type": "Point"
      },
      "properties": {
        "ac_pair_count": 4,
        "connected_physical_pair_count": 4,
        "coordinate_method": "LOCAL_OSM_PUBLIC_MAP_EXTRACT",
        "coordinate_tier": "GEO_C_STRONG_NAME_MATCH",
        "facility_type": "SUBSTATION",
        "fgn": "FGN0_000683",
        "highest_voltage_kv": 154,
        "hvdc_link_count": 0,
        "is_orphan": false,
        "legacy_gist_reference": false,
        "name": "양산",
        "nmi": "NMI000690",
        "voltage_band": "154",
        "voltage_classes": "154"
      },
      "type": "Feature"
    },
    {
      "geometry": {
        "coordinates": [
          128.65052512092853,
          38.05047800529069
        ],
        "type": "Point"
      },
      "properties": {
        "ac_pair_count": 2,
        "connected_physical_pair_count": 2,
        "coordinate_method": "Official exact-PNU parcel, EPSG:900913 to EPSG:5179 interior representative_point then EPSG:4326",
        "coordinate_tier": "GEO_B_FACILITY_SITE",
        "facility_type": "SUBSTATION",
        "fgn": "FGN0_000684",
        "highest_voltage_kv": 154,
        "hvdc_link_count": 0,
        "is_orphan": false,
        "legacy_gist_reference": false,
        "name": "양양",
        "nmi": "NMI000691",
        "voltage_band": "154",
        "voltage_classes": "154"
      },
      "type": "Feature"
    },
    {
      "geometry": {
        "coordinates": [
          128.5366525,
          38.02019129
        ],
        "type": "Point"
      },
      "properties": {
        "ac_pair_count": 4,
        "connected_physical_pair_count": 4,
        "coordinate_method": "USER_PROVIDED_INDEPENDENT_WEB_VERIFICATION_WITH_PUBLIC_MAP_CORROBORATION",
        "coordinate_tier": "GEO_C_STRONG_NAME_MATCH",
        "facility_type": "PLANT_SWITCHYARD",
        "fgn": "FGN0_000190",
        "highest_voltage_kv": 345,
        "hvdc_link_count": 0,
        "is_orphan": false,
        "legacy_gist_reference": false,
        "name": "양양PP",
        "nmi": "NMI000191",
        "voltage_band": "345",
        "voltage_classes": "345"
      },
      "type": "Feature"
    },
    {
      "geometry": {
        "coordinates": [
          129.0792734,
          35.1753224
        ],
        "type": "Point"
      },
      "properties": {
        "ac_pair_count": 3,
        "connected_physical_pair_count": 3,
        "coordinate_method": "LOCAL_OSM_PUBLIC_MAP_EXTRACT",
        "coordinate_tier": "GEO_C_STRONG_NAME_MATCH",
        "facility_type": "SUBSTATION",
        "fgn": "FGN0_000685",
        "highest_voltage_kv": 154,
        "hvdc_link_count": 0,
        "is_orphan": false,
        "legacy_gist_reference": false,
        "name": "양정",
        "nmi": "NMI000692",
        "voltage_band": "154",
        "voltage_classes": "154"
      },
      "type": "Feature"
    },
    {
      "geometry": {
        "coordinates": [
          126.9202226294506,
          37.684347490849376
        ],
        "type": "Point"
      },
      "properties": {
        "ac_pair_count": 11,
        "connected_physical_pair_count": 11,
        "coordinate_method": "Official exact-PNU parcel, EPSG:900913 to EPSG:5179 interior representative_point then EPSG:4326",
        "coordinate_tier": "GEO_B_FACILITY_SITE",
        "facility_type": "SUBSTATION",
        "fgn": "FGN0_000191",
        "highest_voltage_kv": 345,
        "hvdc_link_count": 0,
        "is_orphan": false,
        "legacy_gist_reference": false,
        "name": "양주",
        "nmi": "NMI000192",
        "voltage_band": "345",
        "voltage_classes": "154;345"
      },
      "type": "Feature"
    },
    {
      "geometry": {
        "coordinates": [
          127.0273459,
          37.4853239
        ],
        "type": "Point"
      },
      "properties": {
        "ac_pair_count": 0,
        "connected_physical_pair_count": 0,
        "coordinate_method": "LOCAL_OSM_PUBLIC_MAP_EXTRACT",
        "coordinate_tier": "GEO_C_STRONG_NAME_MATCH",
        "facility_type": "SUBSTATION",
        "fgn": "FGN0_000686",
        "highest_voltage_kv": 154,
        "hvdc_link_count": 0,
        "is_orphan": true,
        "legacy_gist_reference": false,
        "name": "양지",
        "nmi": "NMI000693",
        "voltage_band": "154",
        "voltage_classes": "154"
      },
      "type": "Feature"
    },
    {
      "geometry": {
        "coordinates": [
          126.8760905,
          37.5321386
        ],
        "type": "Point"
      },
      "properties": {
        "ac_pair_count": 2,
        "connected_physical_pair_count": 2,
        "coordinate_method": "LOCAL_OSM_PUBLIC_MAP_EXTRACT",
        "coordinate_tier": "GEO_C_STRONG_NAME_MATCH",
        "facility_type": "SUBSTATION",
        "fgn": "FGN0_000687",
        "highest_voltage_kv": 154,
        "hvdc_link_count": 0,
        "is_orphan": false,
        "legacy_gist_reference": false,
        "name": "양천",
        "nmi": "NMI000694",
        "voltage_band": "154",
        "voltage_classes": "154"
      },
      "type": "Feature"
    },
    {
      "geometry": {
        "coordinates": [
          126.62383997359025,
          37.60923441839507
        ],
        "type": "Point"
      },
      "properties": {
        "ac_pair_count": 3,
        "connected_physical_pair_count": 3,
        "coordinate_method": "OFFICIAL_EXACT_PNU_PARCEL_INTERIOR_REPRESENTATIVE_POINT",
        "coordinate_tier": "GEO_B_FACILITY_SITE",
        "facility_type": "SUBSTATION",
        "fgn": "FGN0_000688",
        "highest_voltage_kv": 154,
        "hvdc_link_count": 0,
        "is_orphan": false,
        "legacy_gist_reference": false,
        "name": "양촌",
        "nmi": "NMI000695",
        "voltage_band": "154",
        "voltage_classes": "154"
      },
      "type": "Feature"
    },
    {
      "geometry": {
        "coordinates": [
          126.8930615,
          37.5303982
        ],
        "type": "Point"
      },
      "properties": {
        "ac_pair_count": 2,
        "connected_physical_pair_count": 2,
        "coordinate_method": "LOCAL_OSM_PUBLIC_MAP_EXTRACT",
        "coordinate_tier": "GEO_C_STRONG_NAME_MATCH",
        "facility_type": "SUBSTATION",
        "fgn": "FGN0_000689",
        "highest_voltage_kv": 154,
        "hvdc_link_count": 0,
        "is_orphan": false,
        "legacy_gist_reference": false,
        "name": "양평",
        "nmi": "NMI000696",
        "voltage_band": "154",
        "voltage_classes": "154"
      },
      "type": "Feature"
    },
    {
      "geometry": {
        "coordinates": [
          128.1257502,
          36.1600555
        ],
        "type": "Point"
      },
      "properties": {
        "ac_pair_count": 2,
        "connected_physical_pair_count": 2,
        "coordinate_method": "LOCAL_OSM_PUBLIC_MAP_EXTRACT",
        "coordinate_tier": "GEO_C_STRONG_NAME_MATCH",
        "facility_type": "SUBSTATION",
        "fgn": "FGN0_000690",
        "highest_voltage_kv": 154,
        "hvdc_link_count": 0,
        "is_orphan": false,
        "legacy_gist_reference": false,
        "name": "어모",
        "nmi": "NMI000697",
        "voltage_band": "154",
        "voltage_classes": "154"
      },
      "type": "Feature"
    },
    {
      "geometry": {
        "coordinates": [
          128.908982705698,
          35.232955165558
        ],
        "type": "Point"
      },
      "properties": {
        "ac_pair_count": 2,
        "connected_physical_pair_count": 2,
        "coordinate_method": "CURRENT_KEPCO_EXACT_SITE_PLUS_OFFICIAL_GIMHAE_CADASTRAL_PARCEL",
        "coordinate_tier": "GEO_B_OFFICIAL_ADDRESS",
        "facility_type": "SUBSTATION",
        "fgn": "FGN0_000691",
        "highest_voltage_kv": 154,
        "hvdc_link_count": 0,
        "is_orphan": false,
        "legacy_gist_reference": false,
        "name": "어방",
        "nmi": "NMI000698",
        "voltage_band": "154",
        "voltage_classes": "154"
      },
      "type": "Feature"
    },
    {
      "geometry": {
        "coordinates": [
          129.0970254,
          35.5136464
        ],
        "type": "Point"
      },
      "properties": {
        "ac_pair_count": 4,
        "connected_physical_pair_count": 4,
        "coordinate_method": "LOCAL_OSM_PUBLIC_MAP_EXTRACT",
        "coordinate_tier": "GEO_C_STRONG_NAME_MATCH",
        "facility_type": "SUBSTATION",
        "fgn": "FGN0_000692",
        "highest_voltage_kv": 154,
        "hvdc_link_count": 0,
        "is_orphan": false,
        "legacy_gist_reference": false,
        "name": "언양",
        "nmi": "NMI000699",
        "voltage_band": "154",
        "voltage_classes": "154"
      },
      "type": "Feature"
    },
    {
      "geometry": {
        "coordinates": [
          128.9916622,
          35.1713451
        ],
        "type": "Point"
      },
      "properties": {
        "ac_pair_count": 3,
        "connected_physical_pair_count": 3,
        "coordinate_method": "LOCAL_OSM_PUBLIC_MAP_EXTRACT",
        "coordinate_tier": "GEO_C_STRONG_NAME_MATCH",
        "facility_type": "SUBSTATION",
        "fgn": "FGN0_000693",
        "highest_voltage_kv": 154,
        "hvdc_link_count": 0,
        "is_orphan": false,
        "legacy_gist_reference": false,
        "name": "엄궁",
        "nmi": "NMI000700",
        "voltage_band": "154",
        "voltage_classes": "154"
      },
      "type": "Feature"
    },
    {
      "geometry": {
        "coordinates": [
          126.511433,
          35.0059629
        ],
        "type": "Point"
      },
      "properties": {
        "ac_pair_count": 4,
        "connected_physical_pair_count": 4,
        "coordinate_method": "LOCAL_OSM_PUBLIC_MAP_EXTRACT",
        "coordinate_tier": "GEO_C_STRONG_NAME_MATCH",
        "facility_type": "SUBSTATION",
        "fgn": "FGN0_000694",
        "highest_voltage_kv": 154,
        "hvdc_link_count": 0,
        "is_orphan": false,
        "legacy_gist_reference": false,
        "name": "엄다",
        "nmi": "NMI000701",
        "voltage_band": "154",
        "voltage_classes": "154"
      },
      "type": "Feature"
    },
    {
      "geometry": {
        "coordinates": [
          127.05579143411765,
          37.018140279478644
        ],
        "type": "Point"
      },
      "properties": {
        "ac_pair_count": 1,
        "connected_physical_pair_count": 1,
        "coordinate_method": "OFFLINE_APPROVED_OFFICIAL_FACILITY_SITE_GEOMETRY_REPLAY",
        "coordinate_tier": "GEO_B_FACILITY_SITE",
        "facility_type": "UNRESOLVED",
        "fgn": "FGN0_000192",
        "highest_voltage_kv": 345,
        "hvdc_link_count": 0,
        "is_orphan": false,
        "legacy_gist_reference": false,
        "name": "에어퍼스트",
        "nmi": "NMI000193",
        "voltage_band": "345",
        "voltage_classes": "154;345"
      },
      "type": "Feature"
    },
    {
      "geometry": {
        "coordinates": [
          127.69649720928723,
          34.769894124603894
        ],
        "type": "Point"
      },
      "properties": {
        "ac_pair_count": 2,
        "connected_physical_pair_count": 2,
        "coordinate_method": "Official exact-PNU parcel, EPSG:900913 to EPSG:5179 interior representative_point then EPSG:4326",
        "coordinate_tier": "GEO_B_FACILITY_SITE",
        "facility_type": "SUBSTATION",
        "fgn": "FGN0_000695",
        "highest_voltage_kv": 154,
        "hvdc_link_count": 0,
        "is_orphan": false,
        "legacy_gist_reference": false,
        "name": "여수",
        "nmi": "NMI000702",
        "voltage_band": "154",
        "voltage_classes": "154"
      },
      "type": "Feature"
    },
    {
      "geometry": {
        "coordinates": [
          127.66799118787787,
          34.8126656947466
        ],
        "type": "Point"
      },
      "properties": {
        "ac_pair_count": 1,
        "connected_physical_pair_count": 1,
        "coordinate_method": "Official exact-PNU parcel, EPSG:900913 to EPSG:5179 interior representative_point then EPSG:4326",
        "coordinate_tier": "GEO_B_FACILITY_SITE",
        "facility_type": "SUBSTATION",
        "fgn": "FGN0_000696",
        "highest_voltage_kv": 154,
        "hvdc_link_count": 0,
        "is_orphan": false,
        "legacy_gist_reference": false,
        "name": "여수산단개폐소",
        "nmi": "NMI000703",
        "voltage_band": "154",
        "voltage_classes": "154"
      },
      "type": "Feature"
    },
    {
      "geometry": {
        "coordinates": [
          127.6888778,
          34.8397949
        ],
        "type": "Point"
      },
      "properties": {
        "ac_pair_count": 7,
        "connected_physical_pair_count": 7,
        "coordinate_method": "LOCAL_OSM_PUBLIC_MAP_EXTRACT",
        "coordinate_tier": "GEO_C_STRONG_NAME_MATCH",
        "facility_type": "PLANT_SWITCHYARD",
        "fgn": "FGN0_000193",
        "highest_voltage_kv": 345,
        "hvdc_link_count": 0,
        "is_orphan": false,
        "legacy_gist_reference": false,
        "name": "여수TP",
        "nmi": "NMI000194",
        "voltage_band": "345",
        "voltage_classes": "154;345"
      },
      "type": "Feature"
    },
    {
      "geometry": {
        "coordinates": [
          126.9302604,
          37.5277577
        ],
        "type": "Point"
      },
      "properties": {
        "ac_pair_count": 2,
        "connected_physical_pair_count": 2,
        "coordinate_method": "LOCAL_OSM_PUBLIC_MAP_EXTRACT",
        "coordinate_tier": "GEO_C_STRONG_NAME_MATCH",
        "facility_type": "SUBSTATION",
        "fgn": "FGN0_000697",
        "highest_voltage_kv": 154,
        "hvdc_link_count": 0,
        "is_orphan": false,
        "legacy_gist_reference": false,
        "name": "여의",
        "nmi": "NMI000704",
        "voltage_band": "154",
        "voltage_classes": "154"
      },
      "type": "Feature"
    },
    {
      "geometry": {
        "coordinates": [
          127.64063652462094,
          37.28067467828086
        ],
        "type": "Point"
      },
      "properties": {
        "ac_pair_count": 4,
        "connected_physical_pair_count": 4,
        "coordinate_method": "Official exact-PNU parcel, EPSG:900913 to EPSG:5179 interior representative_point then EPSG:4326",
        "coordinate_tier": "GEO_B_FACILITY_SITE",
        "facility_type": "SUBSTATION",
        "fgn": "FGN0_000698",
        "highest_voltage_kv": 154,
        "hvdc_link_count": 0,
        "is_orphan": false,
        "legacy_gist_reference": false,
        "name": "여주",
        "nmi": "NMI000705",
        "voltage_band": "154",
        "voltage_classes": "154"
      },
      "type": "Feature"
    },
    {
      "geometry": {
        "coordinates": [
          127.65843825395186,
          37.362928647485724
        ],
        "type": "Point"
      },
      "properties": {
        "ac_pair_count": 3,
        "connected_physical_pair_count": 3,
        "coordinate_method": "Shapely representative_point of official exact-address building geometry union in EPSG:5179; pyproj always_xy to EPSG:4326",
        "coordinate_tier": "GEO_B_FACILITY_SITE",
        "facility_type": "PLANT_SWITCHYARD",
        "fgn": "FGN0_000195",
        "highest_voltage_kv": 345,
        "hvdc_link_count": 0,
        "is_orphan": false,
        "legacy_gist_reference": false,
        "name": "여주복합",
        "nmi": "NMI000196",
        "voltage_band": "345",
        "voltage_classes": "345"
      },
      "type": "Feature"
    },
    {
      "geometry": {
        "coordinates": [
          127.65832201011762,
          37.36168345
        ],
        "type": "Point"
      },
      "properties": {
        "ac_pair_count": 2,
        "connected_physical_pair_count": 2,
        "coordinate_method": "V7_EXACT_EUM_PARCEL_AREA_PLUS_NAMED_OSM_PLANT_POLYGON_REPRESENTATIVE_POINT",
        "coordinate_tier": "GEO_C_STRONG_NAME_MATCH",
        "facility_type": "PLANT_SWITCHYARD",
        "fgn": "FGN0_000194",
        "highest_voltage_kv": 345,
        "hvdc_link_count": 0,
        "is_orphan": false,
        "legacy_gist_reference": false,
        "name": "여주CC",
        "nmi": "NMI000195",
        "voltage_band": "345",
        "voltage_classes": "345"
      },
      "type": "Feature"
    },
    {
      "geometry": {
        "coordinates": [
          127.6689692,
          34.8129994
        ],
        "type": "Point"
      },
      "properties": {
        "ac_pair_count": 3,
        "connected_physical_pair_count": 3,
        "coordinate_method": "LOCAL_OSM_PUBLIC_MAP_EXTRACT",
        "coordinate_tier": "GEO_C_STRONG_NAME_MATCH",
        "facility_type": "SUBSTATION",
        "fgn": "FGN0_000699",
        "highest_voltage_kv": 154,
        "hvdc_link_count": 0,
        "is_orphan": false,
        "legacy_gist_reference": false,
        "name": "여천",
        "nmi": "NMI000706",
        "voltage_band": "154",
        "voltage_classes": "154"
      },
      "type": "Feature"
    },
    {
      "geometry": {
        "coordinates": [
          126.813346,
          37.484565
        ],
        "type": "Point"
      },
      "properties": {
        "ac_pair_count": 0,
        "connected_physical_pair_count": 0,
        "coordinate_method": "V14_SHARED_BUILDING_PUBLIC_RECORD",
        "coordinate_tier": "GEO_C_STRONG_NAME_MATCH",
        "facility_type": "SUBSTATION",
        "fgn": "FGN0_000700",
        "highest_voltage_kv": 154,
        "hvdc_link_count": 0,
        "is_orphan": true,
        "legacy_gist_reference": false,
        "name": "역곡",
        "nmi": "NMI000707",
        "voltage_band": "154",
        "voltage_classes": "154"
      },
      "type": "Feature"
    },
    {
      "geometry": {
        "coordinates": [
          127.0362684,
          37.5001495
        ],
        "type": "Point"
      },
      "properties": {
        "ac_pair_count": 3,
        "connected_physical_pair_count": 3,
        "coordinate_method": "LOCAL_OSM_PUBLIC_MAP_EXTRACT",
        "coordinate_tier": "GEO_C_STRONG_NAME_MATCH",
        "facility_type": "SUBSTATION",
        "fgn": "FGN0_000701",
        "highest_voltage_kv": 154,
        "hvdc_link_count": 0,
        "is_orphan": false,
        "legacy_gist_reference": false,
        "name": "역삼",
        "nmi": "NMI000708",
        "voltage_band": "154",
        "voltage_classes": "154"
      },
      "type": "Feature"
    },
    {
      "geometry": {
        "coordinates": [
          126.9324572,
          37.5625142
        ],
        "type": "Point"
      },
      "properties": {
        "ac_pair_count": 2,
        "connected_physical_pair_count": 2,
        "coordinate_method": "LOCAL_OSM_PUBLIC_MAP_EXTRACT",
        "coordinate_tier": "GEO_C_STRONG_NAME_MATCH",
        "facility_type": "SUBSTATION",
        "fgn": "FGN0_000702",
        "highest_voltage_kv": 154,
        "hvdc_link_count": 0,
        "is_orphan": false,
        "legacy_gist_reference": false,
        "name": "연대",
        "nmi": "NMI000709",
        "voltage_band": "154",
        "voltage_classes": "154"
      },
      "type": "Feature"
    },
    {
      "geometry": {
        "coordinates": [
          129.094724,
          35.1921438
        ],
        "type": "Point"
      },
      "properties": {
        "ac_pair_count": 1,
        "connected_physical_pair_count": 1,
        "coordinate_method": "LOCAL_OSM_PUBLIC_MAP_EXTRACT",
        "coordinate_tier": "GEO_C_STRONG_NAME_MATCH",
        "facility_type": "SUBSTATION",
        "fgn": "FGN0_000703",
        "highest_voltage_kv": 154,
        "hvdc_link_count": 0,
        "is_orphan": false,
        "legacy_gist_reference": false,
        "name": "연산",
        "nmi": "NMI000710",
        "voltage_band": "154",
        "voltage_classes": "154"
      },
      "type": "Feature"
    },
    {
      "geometry": {
        "coordinates": [
          126.6675016,
          37.4254
        ],
        "type": "Point"
      },
      "properties": {
        "ac_pair_count": 3,
        "connected_physical_pair_count": 3,
        "coordinate_method": "LOCAL_OSM_PUBLIC_MAP_EXTRACT",
        "coordinate_tier": "GEO_C_STRONG_NAME_MATCH",
        "facility_type": "SUBSTATION",
        "fgn": "FGN0_000704",
        "highest_voltage_kv": 154,
        "hvdc_link_count": 0,
        "is_orphan": false,
        "legacy_gist_reference": false,
        "name": "연수",
        "nmi": "NMI000711",
        "voltage_band": "154",
        "voltage_classes": "154"
      },
      "type": "Feature"
    },
    {
      "geometry": {
        "coordinates": [
          127.0464123,
          37.4658602
        ],
        "type": "Point"
      },
      "properties": {
        "ac_pair_count": 2,
        "connected_physical_pair_count": 2,
        "coordinate_method": "LOCAL_OSM_PUBLIC_MAP_EXTRACT",
        "coordinate_tier": "GEO_C_STRONG_NAME_MATCH",
        "facility_type": "SUBSTATION",
        "fgn": "FGN0_000196",
        "highest_voltage_kv": 345,
        "hvdc_link_count": 0,
        "is_orphan": false,
        "legacy_gist_reference": false,
        "name": "염곡",
        "nmi": "NMI000197",
        "voltage_band": "345",
        "voltage_classes": "154;345"
      },
      "type": "Feature"
    },
    {
      "geometry": {
        "coordinates": [
          126.4809758,
          35.2818391
        ],
        "type": "Point"
      },
      "properties": {
        "ac_pair_count": 3,
        "connected_physical_pair_count": 3,
        "coordinate_method": "LOCAL_OSM_PUBLIC_MAP_EXTRACT",
        "coordinate_tier": "GEO_C_STRONG_NAME_MATCH",
        "facility_type": "SUBSTATION",
        "fgn": "FGN0_000197",
        "highest_voltage_kv": 345,
        "hvdc_link_count": 0,
        "is_orphan": false,
        "legacy_gist_reference": false,
        "name": "영광",
        "nmi": "NMI000198",
        "voltage_band": "345",
        "voltage_classes": "154;345"
      },
      "type": "Feature"
    },
    {
      "geometry": {
        "coordinates": [
          129.3836190812848,
          35.51394809342903
        ],
        "type": "Point"
      },
      "properties": {
        "ac_pair_count": 2,
        "connected_physical_pair_count": 2,
        "coordinate_method": "V39_MUNICIPAL_EXACT_SUBSTATION_ADDRESS_PLUS_MOIS_EXACT_ADDRESS_SITE_GEOMETRY",
        "coordinate_tier": "GEO_B_FACILITY_SITE",
        "facility_type": "SUBSTATION",
        "fgn": "FGN0_000705",
        "highest_voltage_kv": 154,
        "hvdc_link_count": 0,
        "is_orphan": false,
        "legacy_gist_reference": false,
        "name": "영남화력",
        "nmi": "NMI000712",
        "voltage_band": "154",
        "voltage_classes": "154"
      },
      "type": "Feature"
    },
    {
      "geometry": {
        "coordinates": [
          129.3744941,
          36.42208
        ],
        "type": "Point"
      },
      "properties": {
        "ac_pair_count": 4,
        "connected_physical_pair_count": 4,
        "coordinate_method": "LOCAL_OSM_PUBLIC_MAP_EXTRACT",
        "coordinate_tier": "GEO_C_STRONG_NAME_MATCH",
        "facility_type": "SUBSTATION",
        "fgn": "FGN0_000706",
        "highest_voltage_kv": 154,
        "hvdc_link_count": 0,
        "is_orphan": false,
        "legacy_gist_reference": false,
        "name": "영덕",
        "nmi": "NMI000713",
        "voltage_band": "154",
        "voltage_classes": "154"
      },
      "type": "Feature"
    },
    {
      "geometry": {
        "coordinates": [
          129.39559534139943,
          36.42352684930694
        ],
        "type": "Point"
      },
      "properties": {
        "ac_pair_count": 1,
        "connected_physical_pair_count": 1,
        "coordinate_method": "OFFLINE_APPROVED_OFFICIAL_FACILITY_SITE_GEOMETRY_REPLAY",
        "coordinate_tier": "GEO_B_FACILITY_SITE",
        "facility_type": "SOURCE_SCOPED_UNRESOLVED",
        "fgn": "FGN0_000953",
        "highest_voltage_kv": 154,
        "hvdc_link_count": 0,
        "is_orphan": false,
        "legacy_gist_reference": false,
        "name": "영덕해맞이풍력",
        "nmi": "",
        "voltage_band": "154",
        "voltage_classes": "154"
      },
      "type": "Feature"
    },
    {
      "geometry": {
        "coordinates": [
          129.0360814,
          35.0880753
        ],
        "type": "Point"
      },
      "properties": {
        "ac_pair_count": 2,
        "connected_physical_pair_count": 2,
        "coordinate_method": "LOCAL_OSM_PUBLIC_MAP_EXTRACT",
        "coordinate_tier": "GEO_C_STRONG_NAME_MATCH",
        "facility_type": "SUBSTATION",
        "fgn": "FGN0_000707",
        "highest_voltage_kv": 154,
        "hvdc_link_count": 0,
        "is_orphan": false,
        "legacy_gist_reference": false,
        "name": "영도",
        "nmi": "NMI000714",
        "voltage_band": "154",
        "voltage_classes": "154"
      },
      "type": "Feature"
    },
    {
      "geometry": {
        "coordinates": [
          127.83390832109625,
          36.2537850104927
        ],
        "type": "Point"
      },
      "properties": {
        "ac_pair_count": 2,
        "connected_physical_pair_count": 2,
        "coordinate_method": "OFFICIAL_EXACT_PNU_PARCEL_INTERIOR_REPRESENTATIVE_POINT",
        "coordinate_tier": "GEO_B_FACILITY_SITE",
        "facility_type": "SUBSTATION",
        "fgn": "FGN0_000708",
        "highest_voltage_kv": 154,
        "hvdc_link_count": 0,
        "is_orphan": false,
        "legacy_gist_reference": false,
        "name": "영동",
        "nmi": "NMI000715",
        "voltage_band": "154",
        "voltage_classes": "154"
      },
      "type": "Feature"
    },
    {
      "geometry": {
        "coordinates": [
          128.9800638,
          37.7393621
        ],
        "type": "Point"
      },
      "properties": {
        "ac_pair_count": 3,
        "connected_physical_pair_count": 3,
        "coordinate_method": "LOCAL_OSM_PUBLIC_MAP_EXTRACT",
        "coordinate_tier": "GEO_C_STRONG_NAME_MATCH",
        "facility_type": "SUBSTATION",
        "fgn": "FGN0_000709",
        "highest_voltage_kv": 154,
        "hvdc_link_count": 0,
        "is_orphan": false,
        "legacy_gist_reference": false,
        "name": "영동TP",
        "nmi": "NMI000716",
        "voltage_band": "154",
        "voltage_classes": "154"
      },
      "type": "Feature"
    },
    {
      "geometry": {
        "coordinates": [
          126.9810138,
          35.9652834
        ],
        "type": "Point"
      },
      "properties": {
        "ac_pair_count": 4,
        "connected_physical_pair_count": 4,
        "coordinate_method": "LOCAL_OSM_PUBLIC_MAP_EXTRACT",
        "coordinate_tier": "GEO_C_STRONG_NAME_MATCH",
        "facility_type": "SUBSTATION",
        "fgn": "FGN0_000198",
        "highest_voltage_kv": 345,
        "hvdc_link_count": 0,
        "is_orphan": false,
        "legacy_gist_reference": false,
        "name": "영등",
        "nmi": "NMI000199",
        "voltage_band": "345",
        "voltage_classes": "154;345"
      },
      "type": "Feature"
    },
    {
      "geometry": {
        "coordinates": [
          126.849659987413,
          37.4570332338926
        ],
        "type": "Point"
      },
      "properties": {
        "ac_pair_count": 7,
        "connected_physical_pair_count": 7,
        "coordinate_method": "V5_EXACT_ADDRESS_PARCEL_OR_OFFICIAL_POLYGON_RECOVERY",
        "coordinate_tier": "GEO_B_OFFICIAL_ADDRESS",
        "facility_type": "SUBSTATION",
        "fgn": "FGN0_000200",
        "highest_voltage_kv": 345,
        "hvdc_link_count": 0,
        "is_orphan": false,
        "legacy_gist_reference": false,
        "name": "영서",
        "nmi": "NMI000201",
        "voltage_band": "345",
        "voltage_classes": "154;345"
      },
      "type": "Feature"
    },
    {
      "geometry": {
        "coordinates": [
          126.682685,
          34.834249
        ],
        "type": "Point"
      },
      "properties": {
        "ac_pair_count": 3,
        "connected_physical_pair_count": 3,
        "coordinate_method": "LOCAL_OSM_PUBLIC_MAP_EXTRACT",
        "coordinate_tier": "GEO_C_STRONG_NAME_MATCH",
        "facility_type": "SUBSTATION",
        "fgn": "FGN0_000710",
        "highest_voltage_kv": 154,
        "hvdc_link_count": 0,
        "is_orphan": false,
        "legacy_gist_reference": false,
        "name": "영암",
        "nmi": "NMI000717",
        "voltage_band": "154",
        "voltage_classes": "154"
      },
      "type": "Feature"
    },
    {
      "geometry": {
        "coordinates": [
          126.9060309,
          37.5219607
        ],
        "type": "Point"
      },
      "properties": {
        "ac_pair_count": 1,
        "connected_physical_pair_count": 1,
        "coordinate_method": "LOCAL_OSM_PUBLIC_MAP_EXTRACT",
        "coordinate_tier": "GEO_C_STRONG_NAME_MATCH",
        "facility_type": "SUBSTATION",
        "fgn": "FGN0_000711",
        "highest_voltage_kv": 154,
        "hvdc_link_count": 0,
        "is_orphan": false,
        "legacy_gist_reference": false,
        "name": "영오",
        "nmi": "NMI000718",
        "voltage_band": "154",
        "voltage_classes": "154"
      },
      "type": "Feature"
    },
    {
      "geometry": {
        "coordinates": [
          128.49630243089604,
          37.16208653938952
        ],
        "type": "Point"
      },
      "properties": {
        "ac_pair_count": 5,
        "connected_physical_pair_count": 5,
        "coordinate_method": "Official exact-PNU parcel, EPSG:900913 to EPSG:5179 interior representative_point then EPSG:4326",
        "coordinate_tier": "GEO_B_FACILITY_SITE",
        "facility_type": "SUBSTATION",
        "fgn": "FGN0_000712",
        "highest_voltage_kv": 154,
        "hvdc_link_count": 0,
        "is_orphan": false,
        "legacy_gist_reference": false,
        "name": "영월",
        "nmi": "NMI000719",
        "voltage_band": "154",
        "voltage_classes": "154"
      },
      "type": "Feature"
    },
    {
      "geometry": {
        "coordinates": [
          128.87206073304134,
          37.15047261243277
        ],
        "type": "Point"
      },
      "properties": {
        "ac_pair_count": 1,
        "connected_physical_pair_count": 1,
        "coordinate_method": "OFFLINE_APPROVED_OFFICIAL_FACILITY_SITE_GEOMETRY_REPLAY",
        "coordinate_tier": "GEO_B_FACILITY_SITE",
        "facility_type": "SOURCE_SCOPED_UNRESOLVED",
        "fgn": "FGN0_000954",
        "highest_voltage_kv": 154,
        "hvdc_link_count": 0,
        "is_orphan": false,
        "legacy_gist_reference": false,
        "name": "영월에코윈드",
        "nmi": "",
        "voltage_band": "154",
        "voltage_classes": "154"
      },
      "type": "Feature"
    },
    {
      "geometry": {
        "coordinates": [
          129.3663375,
          35.9583224
        ],
        "type": "Point"
      },
      "properties": {
        "ac_pair_count": 5,
        "connected_physical_pair_count": 5,
        "coordinate_method": "LOCAL_OSM_PUBLIC_MAP_EXTRACT",
        "coordinate_tier": "GEO_C_STRONG_NAME_MATCH",
        "facility_type": "SUBSTATION",
        "fgn": "FGN0_000201",
        "highest_voltage_kv": 345,
        "hvdc_link_count": 0,
        "is_orphan": false,
        "legacy_gist_reference": false,
        "name": "영일",
        "nmi": "NMI000202",
        "voltage_band": "345",
        "voltage_classes": "154;345"
      },
      "type": "Feature"
    },
    {
      "geometry": {
        "coordinates": [
          126.4753931,
          37.4958054
        ],
        "type": "Point"
      },
      "properties": {
        "ac_pair_count": 3,
        "connected_physical_pair_count": 3,
        "coordinate_method": "LOCAL_OSM_PUBLIC_MAP_EXTRACT",
        "coordinate_tier": "GEO_C_STRONG_NAME_MATCH",
        "facility_type": "SUBSTATION",
        "fgn": "FGN0_000713",
        "highest_voltage_kv": 154,
        "hvdc_link_count": 0,
        "is_orphan": false,
        "legacy_gist_reference": false,
        "name": "영종",
        "nmi": "NMI000720",
        "voltage_band": "154",
        "voltage_classes": "154"
      },
      "type": "Feature"
    },
    {
      "geometry": {
        "coordinates": [
          128.63908223284776,
          36.8133771031718
        ],
        "type": "Point"
      },
      "properties": {
        "ac_pair_count": 2,
        "connected_physical_pair_count": 2,
        "coordinate_method": "Official exact-PNU parcel, EPSG:900913 to EPSG:5179 interior representative_point then EPSG:4326",
        "coordinate_tier": "GEO_B_FACILITY_SITE",
        "facility_type": "SUBSTATION",
        "fgn": "FGN0_000714",
        "highest_voltage_kv": 154,
        "hvdc_link_count": 0,
        "is_orphan": false,
        "legacy_gist_reference": false,
        "name": "영주",
        "nmi": "NMI000721",
        "voltage_band": "154",
        "voltage_classes": "154"
      },
      "type": "Feature"
    },
    {
      "geometry": {
        "coordinates": [
          128.96316508945162,
          35.98764723651435
        ],
        "type": "Point"
      },
      "properties": {
        "ac_pair_count": 2,
        "connected_physical_pair_count": 2,
        "coordinate_method": "Official exact-PNU parcel, EPSG:900913 to EPSG:5179 interior representative_point then EPSG:4326",
        "coordinate_tier": "GEO_B_FACILITY_SITE",
        "facility_type": "SUBSTATION",
        "fgn": "FGN0_000715",
        "highest_voltage_kv": 154,
        "hvdc_link_count": 0,
        "is_orphan": false,
        "legacy_gist_reference": false,
        "name": "영천",
        "nmi": "NMI000722",
        "voltage_band": "154",
        "voltage_classes": "154"
      },
      "type": "Feature"
    },
    {
      "geometry": {
        "coordinates": [
          126.43619014152863,
          37.25189914276823
        ],
        "type": "Point"
      },
      "properties": {
        "ac_pair_count": 1,
        "connected_physical_pair_count": 1,
        "coordinate_method": "V42_CURRENT_KPX_NUMBERED_SWITCHYARD_PLUS_KOEN_SITE_PLUS_MOIS_PARCEL_LINEAGE_PLUS_VWORLD_UQU510_OFFICIAL_SITE_GEOMETRY",
        "coordinate_tier": "GEO_B_FACILITY_SITE",
        "facility_type": "PLANT_SWITCHYARD",
        "fgn": "FGN0_000203",
        "highest_voltage_kv": 345,
        "hvdc_link_count": 0,
        "is_orphan": false,
        "legacy_gist_reference": false,
        "name": "영흥1TP",
        "nmi": "NMI000204",
        "voltage_band": "345",
        "voltage_classes": "345"
      },
      "type": "Feature"
    },
    {
      "geometry": {
        "coordinates": [
          126.4396123,
          37.2436818
        ],
        "type": "Point"
      },
      "properties": {
        "ac_pair_count": 1,
        "connected_physical_pair_count": 1,
        "coordinate_method": "official_address+osm_coord",
        "coordinate_tier": "GEO_B_OFFICIAL_ADDRESS",
        "facility_type": "PLANT_SWITCHYARD",
        "fgn": "FGN0_000204",
        "highest_voltage_kv": 345,
        "hvdc_link_count": 0,
        "is_orphan": false,
        "legacy_gist_reference": false,
        "name": "영흥2TP",
        "nmi": "NMI000205",
        "voltage_band": "345",
        "voltage_classes": "345"
      },
      "type": "Feature"
    },
    {
      "geometry": {
        "coordinates": [
          126.4396123,
          37.2436818
        ],
        "type": "Point"
      },
      "properties": {
        "ac_pair_count": 2,
        "connected_physical_pair_count": 2,
        "coordinate_method": "LOCAL_OSM_PUBLIC_MAP_EXTRACT",
        "coordinate_tier": "GEO_C_STRONG_NAME_MATCH",
        "facility_type": "PLANT_SWITCHYARD",
        "fgn": "FGN0_000205",
        "highest_voltage_kv": 345,
        "hvdc_link_count": 0,
        "is_orphan": false,
        "legacy_gist_reference": false,
        "name": "영흥TP",
        "nmi": "NMI000206",
        "voltage_band": "345",
        "voltage_classes": "345"
      },
      "type": "Feature"
    },
    {
      "geometry": {
        "coordinates": [
          126.8259151,
          36.7326499
        ],
        "type": "Point"
      },
      "properties": {
        "ac_pair_count": 2,
        "connected_physical_pair_count": 2,
        "coordinate_method": "LOCAL_OSM_PUBLIC_MAP_EXTRACT",
        "coordinate_tier": "GEO_C_STRONG_NAME_MATCH",
        "facility_type": "SUBSTATION",
        "fgn": "FGN0_000716",
        "highest_voltage_kv": 154,
        "hvdc_link_count": 0,
        "is_orphan": false,
        "legacy_gist_reference": false,
        "name": "예산",
        "nmi": "NMI000723",
        "voltage_band": "154",
        "voltage_classes": "154"
      },
      "type": "Feature"
    },
    {
      "geometry": {
        "coordinates": [
          128.4335497018173,
          36.64732061105332
        ],
        "type": "Point"
      },
      "properties": {
        "ac_pair_count": 2,
        "connected_physical_pair_count": 2,
        "coordinate_method": "OFFICIAL_EXACT_PNU_PARCEL_INTERIOR_REPRESENTATIVE_POINT",
        "coordinate_tier": "GEO_B_FACILITY_SITE",
        "facility_type": "SUBSTATION",
        "fgn": "FGN0_000717",
        "highest_voltage_kv": 154,
        "hvdc_link_count": 0,
        "is_orphan": false,
        "legacy_gist_reference": false,
        "name": "예천",
        "nmi": "NMI000724",
        "voltage_band": "154",
        "voltage_classes": "154"
      },
      "type": "Feature"
    },
    {
      "geometry": {
        "coordinates": [
          128.4241086,
          36.7536114
        ],
        "type": "Point"
      },
      "properties": {
        "ac_pair_count": 1,
        "connected_physical_pair_count": 1,
        "coordinate_method": "LOCAL_OSM_PUBLIC_MAP_EXTRACT",
        "coordinate_tier": "GEO_C_STRONG_NAME_MATCH",
        "facility_type": "PLANT_SWITCHYARD",
        "fgn": "FGN0_000206",
        "highest_voltage_kv": 345,
        "hvdc_link_count": 0,
        "is_orphan": false,
        "legacy_gist_reference": false,
        "name": "예천PP",
        "nmi": "NMI000207",
        "voltage_band": "345",
        "voltage_classes": "345"
      },
      "type": "Feature"
    },
    {
      "geometry": {
        "coordinates": [
          126.8624877,
          37.5020312
        ],
        "type": "Point"
      },
      "properties": {
        "ac_pair_count": 2,
        "connected_physical_pair_count": 2,
        "coordinate_method": "LOCAL_OSM_PUBLIC_MAP_EXTRACT",
        "coordinate_tier": "GEO_C_STRONG_NAME_MATCH",
        "facility_type": "SUBSTATION",
        "fgn": "FGN0_000718",
        "highest_voltage_kv": 154,
        "hvdc_link_count": 0,
        "is_orphan": false,
        "legacy_gist_reference": false,
        "name": "오류",
        "nmi": "NMI000725",
        "voltage_band": "154",
        "voltage_classes": "154"
      },
      "type": "Feature"
    },
    {
      "geometry": {
        "coordinates": [
          126.7176526,
          37.399366
        ],
        "type": "Point"
      },
      "properties": {
        "ac_pair_count": 5,
        "connected_physical_pair_count": 5,
        "coordinate_method": "LOCAL_OSM_PUBLIC_MAP_EXTRACT",
        "coordinate_tier": "GEO_C_STRONG_NAME_MATCH",
        "facility_type": "SUBSTATION",
        "fgn": "FGN0_000719",
        "highest_voltage_kv": 154,
        "hvdc_link_count": 0,
        "is_orphan": false,
        "legacy_gist_reference": false,
        "name": "오봉",
        "nmi": "NMI000726",
        "voltage_band": "154",
        "voltage_classes": "154"
      },
      "type": "Feature"
    },
    {
      "geometry": {
        "coordinates": [
          127.04753271970431,
          37.14524798437326
        ],
        "type": "Point"
      },
      "properties": {
        "ac_pair_count": 2,
        "connected_physical_pair_count": 2,
        "coordinate_method": "Official exact-PNU parcel, EPSG:900913 to EPSG:5179 interior representative_point then EPSG:4326",
        "coordinate_tier": "GEO_B_FACILITY_SITE",
        "facility_type": "SUBSTATION",
        "fgn": "FGN0_000720",
        "highest_voltage_kv": 154,
        "hvdc_link_count": 0,
        "is_orphan": false,
        "legacy_gist_reference": false,
        "name": "오산",
        "nmi": "NMI000727",
        "voltage_band": "154",
        "voltage_classes": "154"
      },
      "type": "Feature"
    },
    {
      "geometry": {
        "coordinates": [
          127.004723825167,
          37.0252629
        ],
        "type": "Point"
      },
      "properties": {
        "ac_pair_count": 3,
        "connected_physical_pair_count": 3,
        "coordinate_method": "V16_SINGLE_BLOCKER_CLOSURE",
        "coordinate_tier": "GEO_C_STRONG_NAME_MATCH",
        "facility_type": "SUBSTATION",
        "fgn": "FGN0_000721",
        "highest_voltage_kv": 154,
        "hvdc_link_count": 0,
        "is_orphan": false,
        "legacy_gist_reference": false,
        "name": "오성CC",
        "nmi": "NMI000728",
        "voltage_band": "154",
        "voltage_classes": "154"
      },
      "type": "Feature"
    },
    {
      "geometry": {
        "coordinates": [
          127.3363716,
          36.6347207
        ],
        "type": "Point"
      },
      "properties": {
        "ac_pair_count": 4,
        "connected_physical_pair_count": 4,
        "coordinate_method": "LOCAL_OSM_PUBLIC_MAP_EXTRACT",
        "coordinate_tier": "GEO_C_STRONG_NAME_MATCH",
        "facility_type": "SUBSTATION",
        "fgn": "FGN0_000207",
        "highest_voltage_kv": 345,
        "hvdc_link_count": 0,
        "is_orphan": false,
        "legacy_gist_reference": false,
        "name": "오송",
        "nmi": "NMI000208",
        "voltage_band": "345",
        "voltage_classes": "154;345"
      },
      "type": "Feature"
    },
    {
      "geometry": {
        "coordinates": [
          127.4140085,
          36.7167477
        ],
        "type": "Point"
      },
      "properties": {
        "ac_pair_count": 2,
        "connected_physical_pair_count": 2,
        "coordinate_method": "LOCAL_OSM_PUBLIC_MAP_EXTRACT",
        "coordinate_tier": "GEO_C_STRONG_NAME_MATCH",
        "facility_type": "SUBSTATION",
        "fgn": "FGN0_000722",
        "highest_voltage_kv": 154,
        "hvdc_link_count": 0,
        "is_orphan": false,
        "legacy_gist_reference": false,
        "name": "오창",
        "nmi": "NMI000729",
        "voltage_band": "154",
        "voltage_classes": "154"
      },
      "type": "Feature"
    },
    {
      "geometry": {
        "coordinates": [
          127.3535042,
          37.2551011
        ],
        "type": "Point"
      },
      "properties": {
        "ac_pair_count": 2,
        "connected_physical_pair_count": 2,
        "coordinate_method": "LOCAL_OSM_PUBLIC_MAP_EXTRACT",
        "coordinate_tier": "GEO_C_STRONG_NAME_MATCH",
        "facility_type": "SUBSTATION",
        "fgn": "FGN0_000723",
        "highest_voltage_kv": 154,
        "hvdc_link_count": 0,
        "is_orphan": false,
        "legacy_gist_reference": false,
        "name": "오천",
        "nmi": "NMI000730",
        "voltage_band": "154",
        "voltage_classes": "154"
      },
      "type": "Feature"
    },
    {
      "geometry": {
        "coordinates": [
          127.1992404,
          37.3514338
        ],
        "type": "Point"
      },
      "properties": {
        "ac_pair_count": 2,
        "connected_physical_pair_count": 2,
        "coordinate_method": "LOCAL_OSM_PUBLIC_MAP_EXTRACT",
        "coordinate_tier": "GEO_C_STRONG_NAME_MATCH",
        "facility_type": "SUBSTATION",
        "fgn": "FGN0_000724",
        "highest_voltage_kv": 154,
        "hvdc_link_count": 0,
        "is_orphan": false,
        "legacy_gist_reference": false,
        "name": "오포",
        "nmi": "NMI000731",
        "voltage_band": "154",
        "voltage_classes": "154"
      },
      "type": "Feature"
    },
    {
      "geometry": {
        "coordinates": [
          129.2807548,
          35.5389202
        ],
        "type": "Point"
      },
      "properties": {
        "ac_pair_count": 2,
        "connected_physical_pair_count": 2,
        "coordinate_method": "LOCAL_OSM_PUBLIC_MAP_EXTRACT",
        "coordinate_tier": "GEO_C_STRONG_NAME_MATCH",
        "facility_type": "SUBSTATION",
        "fgn": "FGN0_000725",
        "highest_voltage_kv": 154,
        "hvdc_link_count": 0,
        "is_orphan": false,
        "legacy_gist_reference": false,
        "name": "옥동",
        "nmi": "NMI000732",
        "voltage_band": "154",
        "voltage_classes": "154"
      },
      "type": "Feature"
    },
    {
      "geometry": {
        "coordinates": [
          126.7782594,
          36.1888403
        ],
        "type": "Point"
      },
      "properties": {
        "ac_pair_count": 3,
        "connected_physical_pair_count": 3,
        "coordinate_method": "LOCAL_OSM_PUBLIC_MAP_EXTRACT",
        "coordinate_tier": "GEO_C_STRONG_NAME_MATCH",
        "facility_type": "SUBSTATION",
        "fgn": "FGN0_000726",
        "highest_voltage_kv": 154,
        "hvdc_link_count": 0,
        "is_orphan": false,
        "legacy_gist_reference": false,
        "name": "옥산",
        "nmi": "NMI000733",
        "voltage_band": "154",
        "voltage_classes": "154"
      },
      "type": "Feature"
    },
    {
      "geometry": {
        "coordinates": [
          126.9688922,
          37.5823524
        ],
        "type": "Point"
      },
      "properties": {
        "ac_pair_count": 4,
        "connected_physical_pair_count": 4,
        "coordinate_method": "LOCAL_OSM_PUBLIC_MAP_EXTRACT",
        "coordinate_tier": "GEO_C_STRONG_NAME_MATCH",
        "facility_type": "SUBSTATION",
        "fgn": "FGN0_000727",
        "highest_voltage_kv": 154,
        "hvdc_link_count": 0,
        "is_orphan": false,
        "legacy_gist_reference": false,
        "name": "옥인",
        "nmi": "NMI000734",
        "voltage_band": "154",
        "voltage_classes": "154"
      },
      "type": "Feature"
    },
    {
      "geometry": {
        "coordinates": [
          127.1017381,
          37.8324229
        ],
        "type": "Point"
      },
      "properties": {
        "ac_pair_count": 2,
        "connected_physical_pair_count": 2,
        "coordinate_method": "LOCAL_OSM_PUBLIC_MAP_EXTRACT",
        "coordinate_tier": "GEO_C_STRONG_NAME_MATCH",
        "facility_type": "SUBSTATION",
        "fgn": "FGN0_000728",
        "highest_voltage_kv": 154,
        "hvdc_link_count": 0,
        "is_orphan": false,
        "legacy_gist_reference": false,
        "name": "옥정",
        "nmi": "NMI000735",
        "voltage_band": "154",
        "voltage_classes": "154"
      },
      "type": "Feature"
    },
    {
      "geometry": {
        "coordinates": [
          127.58552845548837,
          36.30063903685364
        ],
        "type": "Point"
      },
      "properties": {
        "ac_pair_count": 3,
        "connected_physical_pair_count": 3,
        "coordinate_method": "KECO_PUBLIC_BUILDING_REGISTRY_PLUS_EXACT_OSM_ELECTRICAL_POLYGON",
        "coordinate_tier": "GEO_C_STRONG_NAME_MATCH",
        "facility_type": "SUBSTATION",
        "fgn": "FGN0_000729",
        "highest_voltage_kv": 154,
        "hvdc_link_count": 0,
        "is_orphan": false,
        "legacy_gist_reference": false,
        "name": "옥천",
        "nmi": "NMI000736",
        "voltage_band": "154",
        "voltage_classes": "154"
      },
      "type": "Feature"
    },
    {
      "geometry": {
        "coordinates": [
          129.3291814299829,
          35.43585588521212
        ],
        "type": "Point"
      },
      "properties": {
        "ac_pair_count": 2,
        "connected_physical_pair_count": 2,
        "coordinate_method": "V6_LOCAL_EUM_VWORLD_EXACT_NAMED_FACILITY_POLYGON",
        "coordinate_tier": "GEO_C_STRONG_NAME_MATCH",
        "facility_type": "SUBSTATION",
        "fgn": "FGN0_000208",
        "highest_voltage_kv": 345,
        "hvdc_link_count": 0,
        "is_orphan": false,
        "legacy_gist_reference": false,
        "name": "온산",
        "nmi": "NMI000209",
        "voltage_band": "345",
        "voltage_classes": "154;345"
      },
      "type": "Feature"
    },
    {
      "geometry": {
        "coordinates": [
          126.8237821,
          37.4910863
        ],
        "type": "Point"
      },
      "properties": {
        "ac_pair_count": 4,
        "connected_physical_pair_count": 4,
        "coordinate_method": "LOCAL_OSM_PUBLIC_MAP_EXTRACT",
        "coordinate_tier": "GEO_C_STRONG_NAME_MATCH",
        "facility_type": "SUBSTATION",
        "fgn": "FGN0_000730",
        "highest_voltage_kv": 154,
        "hvdc_link_count": 0,
        "is_orphan": false,
        "legacy_gist_reference": false,
        "name": "온수",
        "nmi": "NMI000737",
        "voltage_band": "154",
        "voltage_classes": "154"
      },
      "type": "Feature"
    },
    {
      "geometry": {
        "coordinates": [
          127.0404727,
          36.7654976
        ],
        "type": "Point"
      },
      "properties": {
        "ac_pair_count": 2,
        "connected_physical_pair_count": 2,
        "coordinate_method": "LOCAL_OSM_PUBLIC_MAP_EXTRACT",
        "coordinate_tier": "GEO_C_STRONG_NAME_MATCH",
        "facility_type": "SUBSTATION",
        "fgn": "FGN0_000731",
        "highest_voltage_kv": 154,
        "hvdc_link_count": 0,
        "is_orphan": false,
        "legacy_gist_reference": false,
        "name": "온양",
        "nmi": "NMI000738",
        "voltage_band": "154",
        "voltage_classes": "154"
      },
      "type": "Feature"
    },
    {
      "geometry": {
        "coordinates": [
          128.671243,
          37.676163
        ],
        "type": "Point"
      },
      "properties": {
        "ac_pair_count": 2,
        "connected_physical_pair_count": 2,
        "coordinate_method": "LOCAL_OSM_PUBLIC_MAP_EXTRACT",
        "coordinate_tier": "GEO_C_STRONG_NAME_MATCH",
        "facility_type": "SUBSTATION",
        "fgn": "FGN0_000732",
        "highest_voltage_kv": 154,
        "hvdc_link_count": 0,
        "is_orphan": false,
        "legacy_gist_reference": false,
        "name": "올림픽",
        "nmi": "NMI000739",
        "voltage_band": "154",
        "voltage_classes": "154"
      },
      "type": "Feature"
    },
    {
      "geometry": {
        "coordinates": [
          128.5269569,
          35.8618011
        ],
        "type": "Point"
      },
      "properties": {
        "ac_pair_count": 2,
        "connected_physical_pair_count": 2,
        "coordinate_method": "LOCAL_OSM_PUBLIC_MAP_EXTRACT",
        "coordinate_tier": "GEO_C_STRONG_NAME_MATCH",
        "facility_type": "SUBSTATION",
        "fgn": "FGN0_000733",
        "highest_voltage_kv": 154,
        "hvdc_link_count": 0,
        "is_orphan": false,
        "legacy_gist_reference": false,
        "name": "와룡",
        "nmi": "NMI000740",
        "voltage_band": "154",
        "voltage_classes": "154"
      },
      "type": "Feature"
    },
    {
      "geometry": {
        "coordinates": [
          128.825135,
          35.9417399
        ],
        "type": "Point"
      },
      "properties": {
        "ac_pair_count": 2,
        "connected_physical_pair_count": 2,
        "coordinate_method": "LOCAL_OSM_PUBLIC_MAP_EXTRACT",
        "coordinate_tier": "GEO_C_STRONG_NAME_MATCH",
        "facility_type": "SUBSTATION",
        "fgn": "FGN0_000734",
        "highest_voltage_kv": 154,
        "hvdc_link_count": 0,
        "is_orphan": false,
        "legacy_gist_reference": false,
        "name": "와촌",
        "nmi": "NMI000741",
        "voltage_band": "154",
        "voltage_classes": "154"
      },
      "type": "Feature"
    },
    {
      "geometry": {
        "coordinates": [
          126.7354827473635,
          34.33384661553
        ],
        "type": "Point"
      },
      "properties": {
        "ac_pair_count": 3,
        "connected_physical_pair_count": 3,
        "coordinate_method": "OFFICIAL_EXACT_PNU_PARCEL_INTERIOR_REPRESENTATIVE_POINT",
        "coordinate_tier": "GEO_B_FACILITY_SITE",
        "facility_type": "SUBSTATION",
        "fgn": "FGN0_000735",
        "highest_voltage_kv": 154,
        "hvdc_link_count": 0,
        "is_orphan": false,
        "legacy_gist_reference": false,
        "name": "완도",
        "nmi": "NMI000742",
        "voltage_band": "154",
        "voltage_classes": "154"
      },
      "type": "Feature"
    },
    {
      "geometry": {
        "coordinates": [
          128.6542617,
          35.2062845
        ],
        "type": "Point"
      },
      "properties": {
        "ac_pair_count": 5,
        "connected_physical_pair_count": 5,
        "coordinate_method": "LOCAL_OSM_PUBLIC_MAP_EXTRACT",
        "coordinate_tier": "GEO_C_STRONG_NAME_MATCH",
        "facility_type": "SUBSTATION",
        "fgn": "FGN0_000736",
        "highest_voltage_kv": 154,
        "hvdc_link_count": 0,
        "is_orphan": false,
        "legacy_gist_reference": false,
        "name": "완암",
        "nmi": "NMI000743",
        "voltage_band": "154",
        "voltage_classes": "154"
      },
      "type": "Feature"
    },
    {
      "geometry": {
        "coordinates": [
          126.69567890562017,
          34.97340390681935
        ],
        "type": "Point"
      },
      "properties": {
        "ac_pair_count": 2,
        "connected_physical_pair_count": 2,
        "coordinate_method": "OFFICIAL_GEOMETRY_DERIVATION_REPLAYED",
        "coordinate_tier": "GEO_B_OFFICIAL_ADDRESS",
        "facility_type": "SOURCE_SCOPED_UNRESOLVED",
        "fgn": "FGN0_000955",
        "highest_voltage_kv": 154,
        "hvdc_link_count": 0,
        "is_orphan": false,
        "legacy_gist_reference": false,
        "name": "왕곡SS",
        "nmi": "",
        "voltage_band": "154",
        "voltage_classes": "154"
      },
      "type": "Feature"
    },
    {
      "geometry": {
        "coordinates": [
          127.0769618714228,
          35.969385973680296
        ],
        "type": "Point"
      },
      "properties": {
        "ac_pair_count": 1,
        "connected_physical_pair_count": 1,
        "coordinate_method": "OFFLINE_APPROVED_OFFICIAL_FACILITY_SITE_GEOMETRY_REPLAY",
        "coordinate_tier": "GEO_B_FACILITY_SITE",
        "facility_type": "SOURCE_SCOPED_UNRESOLVED",
        "fgn": "FGN0_000956",
        "highest_voltage_kv": 154,
        "hvdc_link_count": 0,
        "is_orphan": false,
        "legacy_gist_reference": false,
        "name": "왕궁SS",
        "nmi": "",
        "voltage_band": "154",
        "voltage_classes": "154"
      },
      "type": "Feature"
    },
    {
      "geometry": {
        "coordinates": [
          126.621864,
          37.5875764
        ],
        "type": "Point"
      },
      "properties": {
        "ac_pair_count": 2,
        "connected_physical_pair_count": 2,
        "coordinate_method": "LOCAL_OSM_PUBLIC_MAP_EXTRACT",
        "coordinate_tier": "GEO_C_STRONG_NAME_MATCH",
        "facility_type": "SUBSTATION",
        "fgn": "FGN0_000737",
        "highest_voltage_kv": 154,
        "hvdc_link_count": 0,
        "is_orphan": false,
        "legacy_gist_reference": false,
        "name": "왕길",
        "nmi": "NMI000744",
        "voltage_band": "154",
        "voltage_classes": "154"
      },
      "type": "Feature"
    },
    {
      "geometry": {
        "coordinates": [
          129.3052317,
          35.9597368
        ],
        "type": "Point"
      },
      "properties": {
        "ac_pair_count": 2,
        "connected_physical_pair_count": 2,
        "coordinate_method": "LOCAL_OSM_PUBLIC_MAP_EXTRACT",
        "coordinate_tier": "GEO_C_STRONG_NAME_MATCH",
        "facility_type": "SUBSTATION",
        "fgn": "FGN0_000738",
        "highest_voltage_kv": 154,
        "hvdc_link_count": 0,
        "is_orphan": false,
        "legacy_gist_reference": false,
        "name": "왕신",
        "nmi": "NMI000745",
        "voltage_band": "154",
        "voltage_classes": "154"
      },
      "type": "Feature"
    },
    {
      "geometry": {
        "coordinates": [
          127.0390859,
          37.5681422
        ],
        "type": "Point"
      },
      "properties": {
        "ac_pair_count": 2,
        "connected_physical_pair_count": 2,
        "coordinate_method": "LOCAL_OSM_PUBLIC_MAP_EXTRACT",
        "coordinate_tier": "GEO_C_STRONG_NAME_MATCH",
        "facility_type": "SUBSTATION",
        "fgn": "FGN0_000739",
        "highest_voltage_kv": 154,
        "hvdc_link_count": 0,
        "is_orphan": false,
        "legacy_gist_reference": false,
        "name": "왕십리",
        "nmi": "NMI000746",
        "voltage_band": "154",
        "voltage_classes": "154"
      },
      "type": "Feature"
    },
    {
      "geometry": {
        "coordinates": [
          128.1636144238545,
          37.15130085782558
        ],
        "type": "Point"
      },
      "properties": {
        "ac_pair_count": 5,
        "connected_physical_pair_count": 5,
        "coordinate_method": "Official exact-PNU parcel, EPSG:900913 to EPSG:5179 interior representative_point then EPSG:4326",
        "coordinate_tier": "GEO_B_FACILITY_SITE",
        "facility_type": "SUBSTATION",
        "fgn": "FGN0_000740",
        "highest_voltage_kv": 154,
        "hvdc_link_count": 0,
        "is_orphan": false,
        "legacy_gist_reference": false,
        "name": "왕암",
        "nmi": "NMI000747",
        "voltage_band": "154",
        "voltage_classes": "154"
      },
      "type": "Feature"
    },
    {
      "geometry": {
        "coordinates": [
          128.4201298,
          35.9328847
        ],
        "type": "Point"
      },
      "properties": {
        "ac_pair_count": 2,
        "connected_physical_pair_count": 2,
        "coordinate_method": "LOCAL_OSM_PUBLIC_MAP_EXTRACT",
        "coordinate_tier": "GEO_C_STRONG_NAME_MATCH",
        "facility_type": "SUBSTATION",
        "fgn": "FGN0_000741",
        "highest_voltage_kv": 154,
        "hvdc_link_count": 0,
        "is_orphan": false,
        "legacy_gist_reference": false,
        "name": "왜관",
        "nmi": "NMI000748",
        "voltage_band": "154",
        "voltage_classes": "154"
      },
      "type": "Feature"
    },
    {
      "geometry": {
        "coordinates": [
          129.3242067,
          35.6680625
        ],
        "type": "Point"
      },
      "properties": {
        "ac_pair_count": 2,
        "connected_physical_pair_count": 2,
        "coordinate_method": "LOCAL_OSM_PUBLIC_MAP_EXTRACT",
        "coordinate_tier": "GEO_C_STRONG_NAME_MATCH",
        "facility_type": "SUBSTATION",
        "fgn": "FGN0_000742",
        "highest_voltage_kv": 154,
        "hvdc_link_count": 0,
        "is_orphan": false,
        "legacy_gist_reference": false,
        "name": "외동",
        "nmi": "NMI000749",
        "voltage_band": "154",
        "voltage_classes": "154"
      },
      "type": "Feature"
    },
    {
      "geometry": {
        "coordinates": [
          127.5260973,
          35.9457714
        ],
        "type": "Point"
      },
      "properties": {
        "ac_pair_count": 1,
        "connected_physical_pair_count": 1,
        "coordinate_method": "LOCAL_OSM_PUBLIC_MAP_EXTRACT",
        "coordinate_tier": "GEO_C_STRONG_NAME_MATCH",
        "facility_type": "SOURCE_SCOPED_UNRESOLVED",
        "fgn": "FGN0_000957",
        "highest_voltage_kv": 154,
        "hvdc_link_count": 0,
        "is_orphan": false,
        "legacy_gist_reference": false,
        "name": "용담HP",
        "nmi": "",
        "voltage_band": "154",
        "voltage_classes": "154"
      },
      "type": "Feature"
    },
    {
      "geometry": {
        "coordinates": [
          127.0391962,
          37.5756993
        ],
        "type": "Point"
      },
      "properties": {
        "ac_pair_count": 3,
        "connected_physical_pair_count": 3,
        "coordinate_method": "LOCAL_OSM_PUBLIC_MAP_EXTRACT",
        "coordinate_tier": "GEO_C_STRONG_NAME_MATCH",
        "facility_type": "SUBSTATION",
        "fgn": "FGN0_000743",
        "highest_voltage_kv": 154,
        "hvdc_link_count": 0,
        "is_orphan": false,
        "legacy_gist_reference": false,
        "name": "용두",
        "nmi": "NMI000750",
        "voltage_band": "154",
        "voltage_classes": "154"
      },
      "type": "Feature"
    },
    {
      "geometry": {
        "coordinates": [
          127.5149859,
          37.4976931
        ],
        "type": "Point"
      },
      "properties": {
        "ac_pair_count": 3,
        "connected_physical_pair_count": 3,
        "coordinate_method": "LOCAL_OSM_PUBLIC_MAP_EXTRACT",
        "coordinate_tier": "GEO_C_STRONG_NAME_MATCH",
        "facility_type": "SUBSTATION",
        "fgn": "FGN0_000744",
        "highest_voltage_kv": 154,
        "hvdc_link_count": 0,
        "is_orphan": false,
        "legacy_gist_reference": false,
        "name": "용문",
        "nmi": "NMI000751",
        "voltage_band": "154",
        "voltage_classes": "154"
      },
      "type": "Feature"
    },
    {
      "geometry": {
        "coordinates": [
          126.9572371,
          37.5314197
        ],
        "type": "Point"
      },
      "properties": {
        "ac_pair_count": 2,
        "connected_physical_pair_count": 2,
        "coordinate_method": "LOCAL_OSM_PUBLIC_MAP_EXTRACT",
        "coordinate_tier": "GEO_C_STRONG_NAME_MATCH",
        "facility_type": "SUBSTATION",
        "fgn": "FGN0_000745",
        "highest_voltage_kv": 154,
        "hvdc_link_count": 0,
        "is_orphan": false,
        "legacy_gist_reference": false,
        "name": "용산",
        "nmi": "NMI000752",
        "voltage_band": "154",
        "voltage_classes": "154"
      },
      "type": "Feature"
    },
    {
      "geometry": {
        "coordinates": [
          127.6835812,
          34.8403575
        ],
        "type": "Point"
      },
      "properties": {
        "ac_pair_count": 1,
        "connected_physical_pair_count": 1,
        "coordinate_method": "LOCAL_OSM_PUBLIC_MAP_EXTRACT",
        "coordinate_tier": "GEO_C_STRONG_NAME_MATCH",
        "facility_type": "SUBSTATION",
        "fgn": "FGN0_000746",
        "highest_voltage_kv": 154,
        "hvdc_link_count": 0,
        "is_orphan": false,
        "legacy_gist_reference": false,
        "name": "용성",
        "nmi": "NMI000753",
        "voltage_band": "154",
        "voltage_classes": "154"
      },
      "type": "Feature"
    },
    {
      "geometry": {
        "coordinates": [
          129.3596696,
          35.482248
        ],
        "type": "Point"
      },
      "properties": {
        "ac_pair_count": 3,
        "connected_physical_pair_count": 3,
        "coordinate_method": "LOCAL_OSM_PUBLIC_MAP_EXTRACT",
        "coordinate_tier": "GEO_C_STRONG_NAME_MATCH",
        "facility_type": "SUBSTATION",
        "fgn": "FGN0_000209",
        "highest_voltage_kv": 345,
        "hvdc_link_count": 0,
        "is_orphan": false,
        "legacy_gist_reference": false,
        "name": "용연",
        "nmi": "NMI000210",
        "voltage_band": "345",
        "voltage_classes": "154;345"
      },
      "type": "Feature"
    },
    {
      "geometry": {
        "coordinates": [
          127.4585999,
          36.34273
        ],
        "type": "Point"
      },
      "properties": {
        "ac_pair_count": 2,
        "connected_physical_pair_count": 2,
        "coordinate_method": "LOCAL_OSM_PUBLIC_MAP_EXTRACT",
        "coordinate_tier": "GEO_C_STRONG_NAME_MATCH",
        "facility_type": "SUBSTATION",
        "fgn": "FGN0_000747",
        "highest_voltage_kv": 154,
        "hvdc_link_count": 0,
        "is_orphan": false,
        "legacy_gist_reference": false,
        "name": "용운",
        "nmi": "NMI000754",
        "voltage_band": "154",
        "voltage_classes": "154"
      },
      "type": "Feature"
    },
    {
      "geometry": {
        "coordinates": [
          128.8323547486731,
          35.08665811398446
        ],
        "type": "Point"
      },
      "properties": {
        "ac_pair_count": 2,
        "connected_physical_pair_count": 2,
        "coordinate_method": "OFFLINE_APPROVED_OFFICIAL_FACILITY_SITE_GEOMETRY_REPLAY",
        "coordinate_tier": "GEO_B_FACILITY_SITE",
        "facility_type": "SUBSTATION",
        "fgn": "FGN0_000748",
        "highest_voltage_kv": 154,
        "hvdc_link_count": 0,
        "is_orphan": false,
        "legacy_gist_reference": false,
        "name": "용원",
        "nmi": "NMI000755",
        "voltage_band": "154",
        "voltage_classes": "154"
      },
      "type": "Feature"
    },
    {
      "geometry": {
        "coordinates": [
          127.2082257,
          37.2251555
        ],
        "type": "Point"
      },
      "properties": {
        "ac_pair_count": 6,
        "connected_physical_pair_count": 6,
        "coordinate_method": "LOCAL_OSM_PUBLIC_MAP_EXTRACT",
        "coordinate_tier": "GEO_C_STRONG_NAME_MATCH",
        "facility_type": "SUBSTATION",
        "fgn": "FGN0_000210",
        "highest_voltage_kv": 345,
        "hvdc_link_count": 0,
        "is_orphan": false,
        "legacy_gist_reference": false,
        "name": "용인",
        "nmi": "NMI000211",
        "voltage_band": "345",
        "voltage_classes": "154;345"
      },
      "type": "Feature"
    },
    {
      "geometry": {
        "coordinates": [
          127.2044049,
          37.8844394
        ],
        "type": "Point"
      },
      "properties": {
        "ac_pair_count": 2,
        "connected_physical_pair_count": 2,
        "coordinate_method": "LOCAL_OSM_PUBLIC_MAP_EXTRACT",
        "coordinate_tier": "GEO_C_STRONG_NAME_MATCH",
        "facility_type": "SUBSTATION",
        "fgn": "FGN0_000749",
        "highest_voltage_kv": 154,
        "hvdc_link_count": 0,
        "is_orphan": false,
        "legacy_gist_reference": false,
        "name": "용정",
        "nmi": "NMI000756",
        "voltage_band": "154",
        "voltage_classes": "154"
      },
      "type": "Feature"
    },
    {
      "geometry": {
        "coordinates": [
          127.0821817,
          37.7366505
        ],
        "type": "Point"
      },
      "properties": {
        "ac_pair_count": 2,
        "connected_physical_pair_count": 2,
        "coordinate_method": "LOCAL_OSM_PUBLIC_MAP_EXTRACT",
        "coordinate_tier": "GEO_C_STRONG_NAME_MATCH",
        "facility_type": "SUBSTATION",
        "fgn": "FGN0_000211",
        "highest_voltage_kv": 345,
        "hvdc_link_count": 0,
        "is_orphan": false,
        "legacy_gist_reference": false,
        "name": "용현",
        "nmi": "NMI000212",
        "voltage_band": "345",
        "voltage_classes": "154;345"
      },
      "type": "Feature"
    },
    {
      "geometry": {
        "coordinates": [
          129.1046196,
          35.1183883
        ],
        "type": "Point"
      },
      "properties": {
        "ac_pair_count": 1,
        "connected_physical_pair_count": 1,
        "coordinate_method": "LOCAL_OSM_PUBLIC_MAP_EXTRACT",
        "coordinate_tier": "GEO_C_STRONG_NAME_MATCH",
        "facility_type": "SUBSTATION",
        "fgn": "FGN0_000750",
        "highest_voltage_kv": 154,
        "hvdc_link_count": 0,
        "is_orphan": false,
        "legacy_gist_reference": false,
        "name": "용호",
        "nmi": "NMI000757",
        "voltage_band": "154",
        "voltage_classes": "154"
      },
      "type": "Feature"
    },
    {
      "geometry": {
        "coordinates": [
          129.1448303,
          35.1601449
        ],
        "type": "Point"
      },
      "properties": {
        "ac_pair_count": 3,
        "connected_physical_pair_count": 3,
        "coordinate_method": "LOCAL_OSM_PUBLIC_MAP_EXTRACT",
        "coordinate_tier": "GEO_C_STRONG_NAME_MATCH",
        "facility_type": "SUBSTATION",
        "fgn": "FGN0_000751",
        "highest_voltage_kv": 154,
        "hvdc_link_count": 0,
        "is_orphan": false,
        "legacy_gist_reference": false,
        "name": "우동",
        "nmi": "NMI000758",
        "voltage_band": "154",
        "voltage_classes": "154"
      },
      "type": "Feature"
    },
    {
      "geometry": {
        "coordinates": [
          127.0378299,
          37.2934379
        ],
        "type": "Point"
      },
      "properties": {
        "ac_pair_count": 2,
        "connected_physical_pair_count": 2,
        "coordinate_method": "LOCAL_OSM_PUBLIC_MAP_EXTRACT",
        "coordinate_tier": "GEO_C_STRONG_NAME_MATCH",
        "facility_type": "SUBSTATION",
        "fgn": "FGN0_000752",
        "highest_voltage_kv": 154,
        "hvdc_link_count": 0,
        "is_orphan": false,
        "legacy_gist_reference": false,
        "name": "우만",
        "nmi": "NMI000759",
        "voltage_band": "154",
        "voltage_classes": "154"
      },
      "type": "Feature"
    },
    {
      "geometry": {
        "coordinates": [
          126.395838,
          35.0268437
        ],
        "type": "Point"
      },
      "properties": {
        "ac_pair_count": 2,
        "connected_physical_pair_count": 2,
        "coordinate_method": "LOCAL_OSM_PUBLIC_MAP_EXTRACT",
        "coordinate_tier": "GEO_C_STRONG_NAME_MATCH",
        "facility_type": "SUBSTATION",
        "fgn": "FGN0_000753",
        "highest_voltage_kv": 154,
        "hvdc_link_count": 0,
        "is_orphan": false,
        "legacy_gist_reference": false,
        "name": "운남",
        "nmi": "NMI000760",
        "voltage_band": "154",
        "voltage_classes": "154"
      },
      "type": "Feature"
    },
    {
      "geometry": {
        "coordinates": [
          126.9890131,
          37.5775814
        ],
        "type": "Point"
      },
      "properties": {
        "ac_pair_count": 3,
        "connected_physical_pair_count": 3,
        "coordinate_method": "LOCAL_OSM_PUBLIC_MAP_EXTRACT",
        "coordinate_tier": "GEO_C_STRONG_NAME_MATCH",
        "facility_type": "SUBSTATION",
        "fgn": "FGN0_000754",
        "highest_voltage_kv": 154,
        "hvdc_link_count": 0,
        "is_orphan": false,
        "legacy_gist_reference": false,
        "name": "운니",
        "nmi": "NMI000761",
        "voltage_band": "154",
        "voltage_classes": "154"
      },
      "type": "Feature"
    },
    {
      "geometry": {
        "coordinates": [
          126.726354,
          37.7079089
        ],
        "type": "Point"
      },
      "properties": {
        "ac_pair_count": 2,
        "connected_physical_pair_count": 2,
        "coordinate_method": "LOCAL_OSM_PUBLIC_MAP_EXTRACT",
        "coordinate_tier": "GEO_C_STRONG_NAME_MATCH",
        "facility_type": "SOURCE_SCOPED_UNRESOLVED",
        "fgn": "FGN0_000958",
        "highest_voltage_kv": 154,
        "hvdc_link_count": 0,
        "is_orphan": false,
        "legacy_gist_reference": false,
        "name": "운정SS",
        "nmi": "",
        "voltage_band": "154",
        "voltage_classes": "154"
      },
      "type": "Feature"
    },
    {
      "geometry": {
        "coordinates": [
          127.2739059,
          38.0556589
        ],
        "type": "Point"
      },
      "properties": {
        "ac_pair_count": 3,
        "connected_physical_pair_count": 3,
        "coordinate_method": "LOCAL_OSM_PUBLIC_MAP_EXTRACT",
        "coordinate_tier": "GEO_C_STRONG_NAME_MATCH",
        "facility_type": "SUBSTATION",
        "fgn": "FGN0_000755",
        "highest_voltage_kv": 154,
        "hvdc_link_count": 0,
        "is_orphan": false,
        "legacy_gist_reference": false,
        "name": "운천",
        "nmi": "NMI000762",
        "voltage_band": "154",
        "voltage_classes": "154"
      },
      "type": "Feature"
    },
    {
      "geometry": {
        "coordinates": [
          129.34126015732684,
          35.51553566578323
        ],
        "type": "Point"
      },
      "properties": {
        "ac_pair_count": 6,
        "connected_physical_pair_count": 6,
        "coordinate_method": "Official exact-PNU parcel, EPSG:900913 to EPSG:5179 interior representative_point then EPSG:4326",
        "coordinate_tier": "GEO_B_FACILITY_SITE",
        "facility_type": "SUBSTATION",
        "fgn": "FGN0_000212",
        "highest_voltage_kv": 154,
        "hvdc_link_count": 0,
        "is_orphan": false,
        "legacy_gist_reference": false,
        "name": "울산",
        "nmi": "NMI000213",
        "voltage_band": "154",
        "voltage_classes": "154"
      },
      "type": "Feature"
    },
    {
      "geometry": {
        "coordinates": [
          129.38048116019263,
          35.47620114259964
        ],
        "type": "Point"
      },
      "properties": {
        "ac_pair_count": 1,
        "connected_physical_pair_count": 1,
        "coordinate_method": "OFFLINE_APPROVED_OFFICIAL_FACILITY_SITE_GEOMETRY_REPLAY",
        "coordinate_tier": "GEO_B_FACILITY_SITE",
        "facility_type": "PLANT_SWITCHYARD",
        "fgn": "FGN0_000213",
        "highest_voltage_kv": 345,
        "hvdc_link_count": 0,
        "is_orphan": false,
        "legacy_gist_reference": false,
        "name": "울산복합",
        "nmi": "NMI000214",
        "voltage_band": "345",
        "voltage_classes": "345"
      },
      "type": "Feature"
    },
    {
      "geometry": {
        "coordinates": [
          129.38048116019263,
          35.47620114259964
        ],
        "type": "Point"
      },
      "properties": {
        "ac_pair_count": 7,
        "connected_physical_pair_count": 7,
        "coordinate_method": "Official exact-PNU parcel, EPSG:900913 to EPSG:5179 interior representative_point then EPSG:4326",
        "coordinate_tier": "GEO_B_FACILITY_SITE",
        "facility_type": "PLANT_SWITCHYARD",
        "fgn": "FGN0_000214",
        "highest_voltage_kv": 345,
        "hvdc_link_count": 0,
        "is_orphan": false,
        "legacy_gist_reference": false,
        "name": "울산TP",
        "nmi": "NMI000215",
        "voltage_band": "345",
        "voltage_classes": "154;345"
      },
      "type": "Feature"
    },
    {
      "geometry": {
        "coordinates": [
          129.21171174659372,
          35.67665271539238
        ],
        "type": "Point"
      },
      "properties": {
        "ac_pair_count": 7,
        "connected_physical_pair_count": 7,
        "coordinate_method": "Official exact-PNU parcel, EPSG:900913 to EPSG:5179 interior representative_point then EPSG:4326",
        "coordinate_tier": "GEO_B_FACILITY_SITE",
        "facility_type": "SUBSTATION",
        "fgn": "FGN0_000215",
        "highest_voltage_kv": 345,
        "hvdc_link_count": 0,
        "is_orphan": false,
        "legacy_gist_reference": false,
        "name": "울주",
        "nmi": "NMI000216",
        "voltage_band": "345",
        "voltage_classes": "154;345"
      },
      "type": "Feature"
    },
    {
      "geometry": {
        "coordinates": [
          129.3732824,
          37.0927781
        ],
        "type": "Point"
      },
      "properties": {
        "ac_pair_count": 4,
        "connected_physical_pair_count": 4,
        "coordinate_method": "LOCAL_OSM_PUBLIC_MAP_EXTRACT",
        "coordinate_tier": "GEO_C_STRONG_NAME_MATCH",
        "facility_type": "SUBSTATION",
        "fgn": "FGN0_000756",
        "highest_voltage_kv": 154,
        "hvdc_link_count": 0,
        "is_orphan": false,
        "legacy_gist_reference": false,
        "name": "울진",
        "nmi": "NMI000763",
        "voltage_band": "154",
        "voltage_classes": "154"
      },
      "type": "Feature"
    },
    {
      "geometry": {
        "coordinates": [
          129.2107513,
          35.4647564
        ],
        "type": "Point"
      },
      "properties": {
        "ac_pair_count": 2,
        "connected_physical_pair_count": 2,
        "coordinate_method": "LOCAL_OSM_PUBLIC_MAP_EXTRACT",
        "coordinate_tier": "GEO_C_STRONG_NAME_MATCH",
        "facility_type": "SUBSTATION",
        "fgn": "FGN0_000216",
        "highest_voltage_kv": 345,
        "hvdc_link_count": 0,
        "is_orphan": false,
        "legacy_gist_reference": false,
        "name": "웅촌",
        "nmi": "NMI000217",
        "voltage_band": "345",
        "voltage_classes": "154;345"
      },
      "type": "Feature"
    },
    {
      "geometry": {
        "coordinates": [
          126.7896504,
          37.3398115
        ],
        "type": "Point"
      },
      "properties": {
        "ac_pair_count": 2,
        "connected_physical_pair_count": 2,
        "coordinate_method": "LOCAL_OSM_PUBLIC_MAP_EXTRACT",
        "coordinate_tier": "GEO_C_STRONG_NAME_MATCH",
        "facility_type": "SUBSTATION",
        "fgn": "FGN0_000757",
        "highest_voltage_kv": 154,
        "hvdc_link_count": 0,
        "is_orphan": false,
        "legacy_gist_reference": false,
        "name": "원곡",
        "nmi": "NMI000764",
        "voltage_band": "154",
        "voltage_classes": "154"
      },
      "type": "Feature"
    },
    {
      "geometry": {
        "coordinates": [
          126.9974609,
          37.5800159
        ],
        "type": "Point"
      },
      "properties": {
        "ac_pair_count": 2,
        "connected_physical_pair_count": 2,
        "coordinate_method": "LOCAL_OSM_PUBLIC_MAP_EXTRACT",
        "coordinate_tier": "GEO_C_STRONG_NAME_MATCH",
        "facility_type": "SUBSTATION",
        "fgn": "FGN0_000758",
        "highest_voltage_kv": 154,
        "hvdc_link_count": 0,
        "is_orphan": false,
        "legacy_gist_reference": false,
        "name": "원남",
        "nmi": "NMI000765",
        "voltage_band": "154",
        "voltage_classes": "154"
      },
      "type": "Feature"
    },
    {
      "geometry": {
        "coordinates": [
          126.7452723,
          37.4969024
        ],
        "type": "Point"
      },
      "properties": {
        "ac_pair_count": 3,
        "connected_physical_pair_count": 3,
        "coordinate_method": "LOCAL_OSM_PUBLIC_MAP_EXTRACT",
        "coordinate_tier": "GEO_C_STRONG_NAME_MATCH",
        "facility_type": "SUBSTATION",
        "fgn": "FGN0_000759",
        "highest_voltage_kv": 154,
        "hvdc_link_count": 0,
        "is_orphan": false,
        "legacy_gist_reference": false,
        "name": "원미",
        "nmi": "NMI000766",
        "voltage_band": "154",
        "voltage_classes": "154"
      },
      "type": "Feature"
    },
    {
      "geometry": {
        "coordinates": [
          126.8388766,
          36.9916318
        ],
        "type": "Point"
      },
      "properties": {
        "ac_pair_count": 3,
        "connected_physical_pair_count": 3,
        "coordinate_method": "LOCAL_OSM_PUBLIC_MAP_EXTRACT",
        "coordinate_tier": "GEO_C_STRONG_NAME_MATCH",
        "facility_type": "SUBSTATION",
        "fgn": "FGN0_000760",
        "highest_voltage_kv": 154,
        "hvdc_link_count": 0,
        "is_orphan": false,
        "legacy_gist_reference": false,
        "name": "원정",
        "nmi": "NMI000767",
        "voltage_band": "154",
        "voltage_classes": "154"
      },
      "type": "Feature"
    },
    {
      "geometry": {
        "coordinates": [
          127.9009616,
          37.3521517
        ],
        "type": "Point"
      },
      "properties": {
        "ac_pair_count": 4,
        "connected_physical_pair_count": 4,
        "coordinate_method": "LOCAL_OSM_PUBLIC_MAP_EXTRACT",
        "coordinate_tier": "GEO_C_STRONG_NAME_MATCH",
        "facility_type": "SUBSTATION",
        "fgn": "FGN0_000761",
        "highest_voltage_kv": 154,
        "hvdc_link_count": 0,
        "is_orphan": false,
        "legacy_gist_reference": false,
        "name": "원주",
        "nmi": "NMI000768",
        "voltage_band": "154",
        "voltage_classes": "154"
      },
      "type": "Feature"
    },
    {
      "geometry": {
        "coordinates": [
          126.6498197,
          37.5199643
        ],
        "type": "Point"
      },
      "properties": {
        "ac_pair_count": 2,
        "connected_physical_pair_count": 2,
        "coordinate_method": "LOCAL_OSM_PUBLIC_MAP_EXTRACT",
        "coordinate_tier": "GEO_C_STRONG_NAME_MATCH",
        "facility_type": "SUBSTATION",
        "fgn": "FGN0_000762",
        "highest_voltage_kv": 154,
        "hvdc_link_count": 0,
        "is_orphan": false,
        "legacy_gist_reference": false,
        "name": "원창",
        "nmi": "NMI000769",
        "voltage_band": "154",
        "voltage_classes": "154"
      },
      "type": "Feature"
    },
    {
      "geometry": {
        "coordinates": [
          126.8709366,
          37.6371158
        ],
        "type": "Point"
      },
      "properties": {
        "ac_pair_count": 4,
        "connected_physical_pair_count": 4,
        "coordinate_method": "LOCAL_OSM_PUBLIC_MAP_EXTRACT",
        "coordinate_tier": "GEO_C_STRONG_NAME_MATCH",
        "facility_type": "SUBSTATION",
        "fgn": "FGN0_000217",
        "highest_voltage_kv": 345,
        "hvdc_link_count": 0,
        "is_orphan": false,
        "legacy_gist_reference": false,
        "name": "원흥",
        "nmi": "NMI000218",
        "voltage_band": "345",
        "voltage_classes": "154;345"
      },
      "type": "Feature"
    },
    {
      "geometry": {
        "coordinates": [
          126.7754673,
          37.8302243
        ],
        "type": "Point"
      },
      "properties": {
        "ac_pair_count": 2,
        "connected_physical_pair_count": 2,
        "coordinate_method": "LOCAL_OSM_PUBLIC_MAP_EXTRACT",
        "coordinate_tier": "GEO_C_STRONG_NAME_MATCH",
        "facility_type": "SUBSTATION",
        "fgn": "FGN0_000218",
        "highest_voltage_kv": 345,
        "hvdc_link_count": 0,
        "is_orphan": false,
        "legacy_gist_reference": false,
        "name": "월롱",
        "nmi": "NMI000219",
        "voltage_band": "345",
        "voltage_classes": "154;345"
      },
      "type": "Feature"
    },
    {
      "geometry": {
        "coordinates": [
          128.6321299,
          35.205285
        ],
        "type": "Point"
      },
      "properties": {
        "ac_pair_count": 3,
        "connected_physical_pair_count": 3,
        "coordinate_method": "LOCAL_OSM_PUBLIC_MAP_EXTRACT",
        "coordinate_tier": "GEO_C_STRONG_NAME_MATCH",
        "facility_type": "SUBSTATION",
        "fgn": "FGN0_000763",
        "highest_voltage_kv": 154,
        "hvdc_link_count": 0,
        "is_orphan": false,
        "legacy_gist_reference": false,
        "name": "월림",
        "nmi": "NMI000770",
        "voltage_band": "154",
        "voltage_classes": "154"
      },
      "type": "Feature"
    },
    {
      "geometry": {
        "coordinates": [
          128.5176154,
          35.8298275
        ],
        "type": "Point"
      },
      "properties": {
        "ac_pair_count": 3,
        "connected_physical_pair_count": 3,
        "coordinate_method": "LOCAL_OSM_PUBLIC_MAP_EXTRACT",
        "coordinate_tier": "GEO_C_STRONG_NAME_MATCH",
        "facility_type": "SUBSTATION",
        "fgn": "FGN0_000764",
        "highest_voltage_kv": 154,
        "hvdc_link_count": 0,
        "is_orphan": false,
        "legacy_gist_reference": false,
        "name": "월배",
        "nmi": "NMI000771",
        "voltage_band": "154",
        "voltage_classes": "154"
      },
      "type": "Feature"
    },
    {
      "geometry": {
        "coordinates": [
          127.2970974136052,
          36.518733438049864
        ],
        "type": "Point"
      },
      "properties": {
        "ac_pair_count": 4,
        "connected_physical_pair_count": 4,
        "coordinate_method": "Official exact-PNU parcel, EPSG:900913 to EPSG:5179 interior representative_point then EPSG:4326",
        "coordinate_tier": "GEO_B_FACILITY_SITE",
        "facility_type": "SUBSTATION",
        "fgn": "FGN0_000765",
        "highest_voltage_kv": 154,
        "hvdc_link_count": 0,
        "is_orphan": false,
        "legacy_gist_reference": false,
        "name": "월산",
        "nmi": "NMI000772",
        "voltage_band": "154",
        "voltage_classes": "154"
      },
      "type": "Feature"
    },
    {
      "geometry": {
        "coordinates": [
          129.4745413,
          35.7170521
        ],
        "type": "Point"
      },
      "properties": {
        "ac_pair_count": 4,
        "connected_physical_pair_count": 4,
        "coordinate_method": "LOCAL_OSM_PUBLIC_MAP_EXTRACT",
        "coordinate_tier": "GEO_C_STRONG_NAME_MATCH",
        "facility_type": "PLANT_SWITCHYARD",
        "fgn": "FGN0_000219",
        "highest_voltage_kv": 345,
        "hvdc_link_count": 0,
        "is_orphan": false,
        "legacy_gist_reference": false,
        "name": "월성NP",
        "nmi": "NMI000220",
        "voltage_band": "345",
        "voltage_classes": "22;345"
      },
      "type": "Feature"
    },
    {
      "geometry": {
        "coordinates": [
          127.1511261,
          37.4815518
        ],
        "type": "Point"
      },
      "properties": {
        "ac_pair_count": 2,
        "connected_physical_pair_count": 2,
        "coordinate_method": "LOCAL_OSM_PUBLIC_MAP_EXTRACT",
        "coordinate_tier": "GEO_C_STRONG_NAME_MATCH",
        "facility_type": "SUBSTATION",
        "fgn": "FGN0_000766",
        "highest_voltage_kv": 154,
        "hvdc_link_count": 0,
        "is_orphan": false,
        "legacy_gist_reference": false,
        "name": "위례",
        "nmi": "NMI000773",
        "voltage_band": "154",
        "voltage_classes": "154"
      },
      "type": "Feature"
    },
    {
      "geometry": {
        "coordinates": [
          128.4550786,
          35.6574786
        ],
        "type": "Point"
      },
      "properties": {
        "ac_pair_count": 3,
        "connected_physical_pair_count": 3,
        "coordinate_method": "LOCAL_OSM_PUBLIC_MAP_EXTRACT",
        "coordinate_tier": "GEO_C_STRONG_NAME_MATCH",
        "facility_type": "SUBSTATION",
        "fgn": "FGN0_000767",
        "highest_voltage_kv": 154,
        "hvdc_link_count": 0,
        "is_orphan": false,
        "legacy_gist_reference": false,
        "name": "유가",
        "nmi": "NMI000774",
        "voltage_band": "154",
        "voltage_classes": "154"
      },
      "type": "Feature"
    },
    {
      "geometry": {
        "coordinates": [
          127.3155119,
          36.3796721
        ],
        "type": "Point"
      },
      "properties": {
        "ac_pair_count": 2,
        "connected_physical_pair_count": 2,
        "coordinate_method": "LOCAL_OSM_PUBLIC_MAP_EXTRACT",
        "coordinate_tier": "GEO_C_STRONG_NAME_MATCH",
        "facility_type": "SUBSTATION",
        "fgn": "FGN0_000768",
        "highest_voltage_kv": 154,
        "hvdc_link_count": 0,
        "is_orphan": false,
        "legacy_gist_reference": false,
        "name": "유성",
        "nmi": "NMI000775",
        "voltage_band": "154",
        "voltage_classes": "154"
      },
      "type": "Feature"
    },
    {
      "geometry": {
        "coordinates": [
          127.3911052,
          36.3175049
        ],
        "type": "Point"
      },
      "properties": {
        "ac_pair_count": 2,
        "connected_physical_pair_count": 2,
        "coordinate_method": "LOCAL_OSM_PUBLIC_MAP_EXTRACT",
        "coordinate_tier": "GEO_C_STRONG_NAME_MATCH",
        "facility_type": "SUBSTATION",
        "fgn": "FGN0_000769",
        "highest_voltage_kv": 154,
        "hvdc_link_count": 0,
        "is_orphan": false,
        "legacy_gist_reference": false,
        "name": "유천",
        "nmi": "NMI000776",
        "voltage_band": "154",
        "voltage_classes": "154"
      },
      "type": "Feature"
    },
    {
      "geometry": {
        "coordinates": [
          127.51014622184574,
          36.662801762004136
        ],
        "type": "Point"
      },
      "properties": {
        "ac_pair_count": 2,
        "connected_physical_pair_count": 2,
        "coordinate_method": "OFFLINE_APPROVED_OFFICIAL_FACILITY_SITE_GEOMETRY_REPLAY",
        "coordinate_tier": "GEO_B_FACILITY_SITE",
        "facility_type": "SUBSTATION",
        "fgn": "FGN0_000959",
        "highest_voltage_kv": 154,
        "hvdc_link_count": 0,
        "is_orphan": false,
        "legacy_gist_reference": false,
        "name": "율량SS",
        "nmi": "",
        "voltage_band": "154",
        "voltage_classes": "154"
      },
      "type": "Feature"
    },
    {
      "geometry": {
        "coordinates": [
          126.9788698310008,
          37.05621951960399
        ],
        "type": "Point"
      },
      "properties": {
        "ac_pair_count": 1,
        "connected_physical_pair_count": 1,
        "coordinate_method": "OFFLINE_APPROVED_OFFICIAL_FACILITY_SITE_GEOMETRY_REPLAY",
        "coordinate_tier": "GEO_B_FACILITY_SITE",
        "facility_type": "SUBSTATION",
        "fgn": "FGN0_000988",
        "highest_voltage_kv": 154,
        "hvdc_link_count": 0,
        "is_orphan": false,
        "legacy_gist_reference": false,
        "name": "율북SS",
        "nmi": "NMI000933",
        "voltage_band": "154",
        "voltage_classes": "154"
      },
      "type": "Feature"
    },
    {
      "geometry": {
        "coordinates": [
          126.983263,
          37.3023718
        ],
        "type": "Point"
      },
      "properties": {
        "ac_pair_count": 4,
        "connected_physical_pair_count": 4,
        "coordinate_method": "LOCAL_OSM_PUBLIC_MAP_EXTRACT",
        "coordinate_tier": "GEO_C_STRONG_NAME_MATCH",
        "facility_type": "SUBSTATION",
        "fgn": "FGN0_000770",
        "highest_voltage_kv": 154,
        "hvdc_link_count": 0,
        "is_orphan": false,
        "legacy_gist_reference": false,
        "name": "율전",
        "nmi": "NMI000777",
        "voltage_band": "154",
        "voltage_classes": "154"
      },
      "type": "Feature"
    },
    {
      "geometry": {
        "coordinates": [
          127.57272436558752,
          34.90047055863054
        ],
        "type": "Point"
      },
      "properties": {
        "ac_pair_count": 3,
        "connected_physical_pair_count": 3,
        "coordinate_method": "OFFICIAL_EXACT_PNU_PARCEL_INTERIOR_REPRESENTATIVE_POINT",
        "coordinate_tier": "GEO_B_FACILITY_SITE",
        "facility_type": "SUBSTATION",
        "fgn": "FGN0_000771",
        "highest_voltage_kv": 154,
        "hvdc_link_count": 0,
        "is_orphan": false,
        "legacy_gist_reference": false,
        "name": "율촌",
        "nmi": "NMI000778",
        "voltage_band": "154",
        "voltage_classes": "154"
      },
      "type": "Feature"
    },
    {
      "geometry": {
        "coordinates": [
          127.59394579149952,
          34.91228535
        ],
        "type": "Point"
      },
      "properties": {
        "ac_pair_count": 2,
        "connected_physical_pair_count": 2,
        "coordinate_method": "V7_EXACT_EUM_PARCEL_AREA_PLUS_NAMED_OSM_PLANT_POLYGON_REPRESENTATIVE_POINT",
        "coordinate_tier": "GEO_C_STRONG_NAME_MATCH",
        "facility_type": "PLANT_SWITCHYARD",
        "fgn": "FGN0_000220",
        "highest_voltage_kv": 345,
        "hvdc_link_count": 0,
        "is_orphan": false,
        "legacy_gist_reference": false,
        "name": "율촌C/C",
        "nmi": "NMI000221",
        "voltage_band": "345",
        "voltage_classes": "345"
      },
      "type": "Feature"
    },
    {
      "geometry": {
        "coordinates": [
          127.4440945,
          37.2604919
        ],
        "type": "Point"
      },
      "properties": {
        "ac_pair_count": 4,
        "connected_physical_pair_count": 4,
        "coordinate_method": "LOCAL_OSM_PUBLIC_MAP_EXTRACT",
        "coordinate_tier": "GEO_C_STRONG_NAME_MATCH",
        "facility_type": "SUBSTATION",
        "fgn": "FGN0_000772",
        "highest_voltage_kv": 154,
        "hvdc_link_count": 0,
        "is_orphan": false,
        "legacy_gist_reference": false,
        "name": "율현",
        "nmi": "NMI000779",
        "voltage_band": "154",
        "voltage_classes": "154"
      },
      "type": "Feature"
    },
    {
      "geometry": {
        "coordinates": [
          127.1099384,
          36.1778807
        ],
        "type": "Point"
      },
      "properties": {
        "ac_pair_count": 3,
        "connected_physical_pair_count": 3,
        "coordinate_method": "LOCAL_OSM_PUBLIC_MAP_EXTRACT",
        "coordinate_tier": "GEO_C_STRONG_NAME_MATCH",
        "facility_type": "SUBSTATION",
        "fgn": "FGN0_000773",
        "highest_voltage_kv": 154,
        "hvdc_link_count": 0,
        "is_orphan": false,
        "legacy_gist_reference": false,
        "name": "은진",
        "nmi": "NMI000780",
        "voltage_band": "154",
        "voltage_classes": "154"
      },
      "type": "Feature"
    },
    {
      "geometry": {
        "coordinates": [
          126.9371009,
          37.6101537
        ],
        "type": "Point"
      },
      "properties": {
        "ac_pair_count": 4,
        "connected_physical_pair_count": 4,
        "coordinate_method": "LOCAL_OSM_PUBLIC_MAP_EXTRACT",
        "coordinate_tier": "GEO_C_STRONG_NAME_MATCH",
        "facility_type": "SUBSTATION",
        "fgn": "FGN0_000774",
        "highest_voltage_kv": 154,
        "hvdc_link_count": 0,
        "is_orphan": false,
        "legacy_gist_reference": false,
        "name": "은평",
        "nmi": "NMI000781",
        "voltage_band": "154",
        "voltage_classes": "154"
      },
      "type": "Feature"
    },
    {
      "geometry": {
        "coordinates": [
          126.5919909,
          36.5212504
        ],
        "type": "Point"
      },
      "properties": {
        "ac_pair_count": 2,
        "connected_physical_pair_count": 2,
        "coordinate_method": "LOCAL_OSM_PUBLIC_MAP_EXTRACT",
        "coordinate_tier": "GEO_C_STRONG_NAME_MATCH",
        "facility_type": "SUBSTATION",
        "fgn": "FGN0_000775",
        "highest_voltage_kv": 154,
        "hvdc_link_count": 0,
        "is_orphan": false,
        "legacy_gist_reference": false,
        "name": "은하",
        "nmi": "NMI000782",
        "voltage_band": "154",
        "voltage_classes": "154"
      },
      "type": "Feature"
    },
    {
      "geometry": {
        "coordinates": [
          126.40304086004795,
          37.46292305373243
        ],
        "type": "Point"
      },
      "properties": {
        "ac_pair_count": 1,
        "connected_physical_pair_count": 1,
        "coordinate_method": "OFFICIAL_GEOMETRY_DERIVATION_REPLAYED",
        "coordinate_tier": "GEO_B_OFFICIAL_ADDRESS",
        "facility_type": "SOURCE_SCOPED_UNRESOLVED",
        "fgn": "FGN0_000960",
        "highest_voltage_kv": 154,
        "hvdc_link_count": 0,
        "is_orphan": false,
        "legacy_gist_reference": false,
        "name": "을왕SS",
        "nmi": "",
        "voltage_band": "154",
        "voltage_classes": "154"
      },
      "type": "Feature"
    },
    {
      "geometry": {
        "coordinates": [
          127.7030984,
          36.9463801
        ],
        "type": "Point"
      },
      "properties": {
        "ac_pair_count": 5,
        "connected_physical_pair_count": 5,
        "coordinate_method": "LOCAL_OSM_PUBLIC_MAP_EXTRACT",
        "coordinate_tier": "GEO_C_STRONG_NAME_MATCH",
        "facility_type": "SUBSTATION",
        "fgn": "FGN0_000776",
        "highest_voltage_kv": 154,
        "hvdc_link_count": 0,
        "is_orphan": false,
        "legacy_gist_reference": false,
        "name": "음성",
        "nmi": "NMI000783",
        "voltage_band": "154",
        "voltage_classes": "154"
      },
      "type": "Feature"
    },
    {
      "geometry": {
        "coordinates": [
          127.71348785255114,
          36.9233408386708
        ],
        "type": "Point"
      },
      "properties": {
        "ac_pair_count": 2,
        "connected_physical_pair_count": 2,
        "coordinate_method": "OFFLINE_APPROVED_OFFICIAL_FACILITY_SITE_GEOMETRY_REPLAY",
        "coordinate_tier": "GEO_B_FACILITY_SITE",
        "facility_type": "SOURCE_SCOPED_UNRESOLVED",
        "fgn": "FGN0_000979",
        "highest_voltage_kv": 154,
        "hvdc_link_count": 0,
        "is_orphan": false,
        "legacy_gist_reference": false,
        "name": "음성천연가스S/Y",
        "nmi": "",
        "voltage_band": "154",
        "voltage_classes": "154"
      },
      "type": "Feature"
    },
    {
      "geometry": {
        "coordinates": [
          126.12675114683503,
          34.75477625833138
        ],
        "type": "Point"
      },
      "properties": {
        "ac_pair_count": 2,
        "connected_physical_pair_count": 2,
        "coordinate_method": "OFFLINE_APPROVED_OFFICIAL_FACILITY_SITE_GEOMETRY_REPLAY",
        "coordinate_tier": "GEO_B_FACILITY_SITE",
        "facility_type": "SOURCE_SCOPED_UNRESOLVED",
        "fgn": "FGN0_000977",
        "highest_voltage_kv": 154,
        "hvdc_link_count": 0,
        "is_orphan": false,
        "legacy_gist_reference": false,
        "name": "읍동개폐소",
        "nmi": "",
        "voltage_band": "154",
        "voltage_classes": "154"
      },
      "type": "Feature"
    },
    {
      "geometry": {
        "coordinates": [
          126.7466439,
          36.6702622
        ],
        "type": "Point"
      },
      "properties": {
        "ac_pair_count": 2,
        "connected_physical_pair_count": 2,
        "coordinate_method": "LOCAL_OSM_PUBLIC_MAP_EXTRACT",
        "coordinate_tier": "GEO_C_STRONG_NAME_MATCH",
        "facility_type": "SUBSTATION",
        "fgn": "FGN0_000777",
        "highest_voltage_kv": 154,
        "hvdc_link_count": 0,
        "is_orphan": false,
        "legacy_gist_reference": false,
        "name": "응봉",
        "nmi": "NMI000784",
        "voltage_band": "154",
        "voltage_classes": "154"
      },
      "type": "Feature"
    },
    {
      "geometry": {
        "coordinates": [
          128.12875154117873,
          35.34132645707114
        ],
        "type": "Point"
      },
      "properties": {
        "ac_pair_count": 11,
        "connected_physical_pair_count": 11,
        "coordinate_method": "Official exact-PNU parcel, EPSG:900913 to EPSG:5179 interior representative_point then EPSG:4326",
        "coordinate_tier": "GEO_B_FACILITY_SITE",
        "facility_type": "SUBSTATION",
        "fgn": "FGN0_000222",
        "highest_voltage_kv": 345,
        "hvdc_link_count": 0,
        "is_orphan": false,
        "legacy_gist_reference": false,
        "name": "의령",
        "nmi": "NMI000223",
        "voltage_band": "345",
        "voltage_classes": "154;345"
      },
      "type": "Feature"
    },
    {
      "geometry": {
        "coordinates": [
          126.91966561375,
          37.527511343602
        ],
        "type": "Point"
      },
      "properties": {
        "ac_pair_count": 1,
        "connected_physical_pair_count": 1,
        "coordinate_method": "V24_MOIS_OFFICIAL_BUILDING_GEOMETRY",
        "coordinate_tier": "GEO_B_OFFICIAL_ADDRESS",
        "facility_type": "SUBSTATION",
        "fgn": "FGN0_000778",
        "highest_voltage_kv": 154,
        "hvdc_link_count": 0,
        "is_orphan": false,
        "legacy_gist_reference": false,
        "name": "의사당",
        "nmi": "NMI000785",
        "voltage_band": "154",
        "voltage_classes": "154"
      },
      "type": "Feature"
    },
    {
      "geometry": {
        "coordinates": [
          128.6701396,
          36.3421101
        ],
        "type": "Point"
      },
      "properties": {
        "ac_pair_count": 2,
        "connected_physical_pair_count": 2,
        "coordinate_method": "LOCAL_OSM_PUBLIC_MAP_EXTRACT",
        "coordinate_tier": "GEO_C_STRONG_NAME_MATCH",
        "facility_type": "SUBSTATION",
        "fgn": "FGN0_000779",
        "highest_voltage_kv": 154,
        "hvdc_link_count": 0,
        "is_orphan": false,
        "legacy_gist_reference": false,
        "name": "의성",
        "nmi": "NMI000786",
        "voltage_band": "154",
        "voltage_classes": "154"
      },
      "type": "Feature"
    },
    {
      "geometry": {
        "coordinates": [
          127.6774264,
          37.8358737
        ],
        "type": "Point"
      },
      "properties": {
        "ac_pair_count": 1,
        "connected_physical_pair_count": 1,
        "coordinate_method": "LOCAL_OSM_PUBLIC_MAP_EXTRACT",
        "coordinate_tier": "GEO_C_STRONG_NAME_MATCH",
        "facility_type": "SOURCE_SCOPED_UNRESOLVED",
        "fgn": "FGN0_000961",
        "highest_voltage_kv": 154,
        "hvdc_link_count": 0,
        "is_orphan": false,
        "legacy_gist_reference": false,
        "name": "의암HP",
        "nmi": "",
        "voltage_band": "154",
        "voltage_classes": "154"
      },
      "type": "Feature"
    },
    {
      "geometry": {
        "coordinates": [
          126.9633894,
          37.3506569
        ],
        "type": "Point"
      },
      "properties": {
        "ac_pair_count": 2,
        "connected_physical_pair_count": 2,
        "coordinate_method": "LOCAL_OSM_PUBLIC_MAP_EXTRACT",
        "coordinate_tier": "GEO_C_STRONG_NAME_MATCH",
        "facility_type": "SUBSTATION",
        "fgn": "FGN0_000780",
        "highest_voltage_kv": 154,
        "hvdc_link_count": 0,
        "is_orphan": false,
        "legacy_gist_reference": false,
        "name": "의왕",
        "nmi": "NMI000787",
        "voltage_band": "154",
        "voltage_classes": "154"
      },
      "type": "Feature"
    },
    {
      "geometry": {
        "coordinates": [
          128.637872,
          35.2663045
        ],
        "type": "Point"
      },
      "properties": {
        "ac_pair_count": 1,
        "connected_physical_pair_count": 1,
        "coordinate_method": "LOCAL_OSM_PUBLIC_MAP_EXTRACT",
        "coordinate_tier": "GEO_C_STRONG_NAME_MATCH",
        "facility_type": "SOURCE_SCOPED_UNRESOLVED",
        "fgn": "FGN0_000962",
        "highest_voltage_kv": 154,
        "hvdc_link_count": 0,
        "is_orphan": false,
        "legacy_gist_reference": false,
        "name": "의창SS",
        "nmi": "",
        "voltage_band": "154",
        "voltage_classes": "154"
      },
      "type": "Feature"
    },
    {
      "geometry": {
        "coordinates": [
          126.93370426454226,
          35.94229030458461
        ],
        "type": "Point"
      },
      "properties": {
        "ac_pair_count": 4,
        "connected_physical_pair_count": 4,
        "coordinate_method": "VWORLD_EUM_KEPCO_IDENTITY_CHAIN",
        "coordinate_tier": "GEO_A_CANONICAL",
        "facility_type": "SUBSTATION",
        "fgn": "FGN0_000223",
        "highest_voltage_kv": 345,
        "hvdc_link_count": 0,
        "is_orphan": false,
        "legacy_gist_reference": false,
        "name": "이리",
        "nmi": "NMI000224",
        "voltage_band": "345",
        "voltage_classes": "154;345"
      },
      "type": "Feature"
    },
    {
      "geometry": {
        "coordinates": [
          126.9910839,
          37.4990688
        ],
        "type": "Point"
      },
      "properties": {
        "ac_pair_count": 2,
        "connected_physical_pair_count": 2,
        "coordinate_method": "LOCAL_OSM_PUBLIC_MAP_EXTRACT",
        "coordinate_tier": "GEO_C_STRONG_NAME_MATCH",
        "facility_type": "SUBSTATION",
        "fgn": "FGN0_000781",
        "highest_voltage_kv": 154,
        "hvdc_link_count": 0,
        "is_orphan": false,
        "legacy_gist_reference": false,
        "name": "이수",
        "nmi": "NMI000788",
        "voltage_band": "154",
        "voltage_classes": "154"
      },
      "type": "Feature"
    },
    {
      "geometry": {
        "coordinates": [
          129.09115198713394,
          37.46436697634504
        ],
        "type": "Point"
      },
      "properties": {
        "ac_pair_count": 4,
        "connected_physical_pair_count": 4,
        "coordinate_method": "Official exact-PNU parcel, EPSG:900913 to EPSG:5179 interior representative_point then EPSG:4326",
        "coordinate_tier": "GEO_B_FACILITY_SITE",
        "facility_type": "SUBSTATION",
        "fgn": "FGN0_000782",
        "highest_voltage_kv": 154,
        "hvdc_link_count": 0,
        "is_orphan": false,
        "legacy_gist_reference": false,
        "name": "이원",
        "nmi": "NMI000789",
        "voltage_band": "154",
        "voltage_classes": "154"
      },
      "type": "Feature"
    },
    {
      "geometry": {
        "coordinates": [
          127.0589935,
          37.2978732
        ],
        "type": "Point"
      },
      "properties": {
        "ac_pair_count": 3,
        "connected_physical_pair_count": 3,
        "coordinate_method": "LOCAL_OSM_PUBLIC_MAP_EXTRACT",
        "coordinate_tier": "GEO_C_STRONG_NAME_MATCH",
        "facility_type": "SUBSTATION",
        "fgn": "FGN0_000783",
        "highest_voltage_kv": 154,
        "hvdc_link_count": 0,
        "is_orphan": false,
        "legacy_gist_reference": false,
        "name": "이의",
        "nmi": "NMI000790",
        "voltage_band": "154",
        "voltage_classes": "154"
      },
      "type": "Feature"
    },
    {
      "geometry": {
        "coordinates": [
          127.4842833,
          37.2811847
        ],
        "type": "Point"
      },
      "properties": {
        "ac_pair_count": 3,
        "connected_physical_pair_count": 3,
        "coordinate_method": "LOCAL_OSM_PUBLIC_MAP_EXTRACT",
        "coordinate_tier": "GEO_C_STRONG_NAME_MATCH",
        "facility_type": "SUBSTATION",
        "fgn": "FGN0_000784",
        "highest_voltage_kv": 154,
        "hvdc_link_count": 0,
        "is_orphan": false,
        "legacy_gist_reference": false,
        "name": "이천",
        "nmi": "NMI000791",
        "voltage_band": "154",
        "voltage_classes": "154"
      },
      "type": "Feature"
    },
    {
      "geometry": {
        "coordinates": [
          128.0563198,
          35.1950976
        ],
        "type": "Point"
      },
      "properties": {
        "ac_pair_count": 1,
        "connected_physical_pair_count": 1,
        "coordinate_method": "LOCAL_OSM_PUBLIC_MAP_EXTRACT",
        "coordinate_tier": "GEO_C_STRONG_NAME_MATCH",
        "facility_type": "SUBSTATION",
        "fgn": "FGN0_000785",
        "highest_voltage_kv": 154,
        "hvdc_link_count": 0,
        "is_orphan": false,
        "legacy_gist_reference": false,
        "name": "이현",
        "nmi": "NMI000792",
        "voltage_band": "154",
        "voltage_classes": "154"
      },
      "type": "Feature"
    },
    {
      "geometry": {
        "coordinates": [
          128.4166141,
          36.1163659
        ],
        "type": "Point"
      },
      "properties": {
        "ac_pair_count": 3,
        "connected_physical_pair_count": 3,
        "coordinate_method": "LOCAL_OSM_PUBLIC_MAP_EXTRACT",
        "coordinate_tier": "GEO_C_STRONG_NAME_MATCH",
        "facility_type": "SUBSTATION",
        "fgn": "FGN0_000224",
        "highest_voltage_kv": 345,
        "hvdc_link_count": 0,
        "is_orphan": false,
        "legacy_gist_reference": false,
        "name": "인동",
        "nmi": "NMI000225",
        "voltage_band": "345",
        "voltage_classes": "154;345"
      },
      "type": "Feature"
    },
    {
      "geometry": {
        "coordinates": [
          128.1776215,
          38.1139503
        ],
        "type": "Point"
      },
      "properties": {
        "ac_pair_count": 4,
        "connected_physical_pair_count": 4,
        "coordinate_method": "LOCAL_OSM_PUBLIC_MAP_EXTRACT",
        "coordinate_tier": "GEO_C_STRONG_NAME_MATCH",
        "facility_type": "SUBSTATION",
        "fgn": "FGN0_000225",
        "highest_voltage_kv": 345,
        "hvdc_link_count": 0,
        "is_orphan": false,
        "legacy_gist_reference": false,
        "name": "인제",
        "nmi": "NMI000226",
        "voltage_band": "345",
        "voltage_classes": "154;345"
      },
      "type": "Feature"
    },
    {
      "geometry": {
        "coordinates": [
          126.878936,
          36.8467429
        ],
        "type": "Point"
      },
      "properties": {
        "ac_pair_count": 3,
        "connected_physical_pair_count": 3,
        "coordinate_method": "LOCAL_OSM_PUBLIC_MAP_EXTRACT",
        "coordinate_tier": "GEO_C_STRONG_NAME_MATCH",
        "facility_type": "SUBSTATION",
        "fgn": "FGN0_000226",
        "highest_voltage_kv": 345,
        "hvdc_link_count": 0,
        "is_orphan": false,
        "legacy_gist_reference": false,
        "name": "인주",
        "nmi": "NMI000227",
        "voltage_band": "345",
        "voltage_classes": "154;345"
      },
      "type": "Feature"
    },
    {
      "geometry": {
        "coordinates": [
          126.65567453730642,
          37.46188756274629
        ],
        "type": "Point"
      },
      "properties": {
        "ac_pair_count": 2,
        "connected_physical_pair_count": 2,
        "coordinate_method": "Official exact-PNU parcel, EPSG:900913 to EPSG:5179 interior representative_point then EPSG:4326",
        "coordinate_tier": "GEO_B_FACILITY_SITE",
        "facility_type": "SUBSTATION",
        "fgn": "FGN0_000227",
        "highest_voltage_kv": 154,
        "hvdc_link_count": 0,
        "is_orphan": false,
        "legacy_gist_reference": false,
        "name": "인천",
        "nmi": "NMI000228",
        "voltage_band": "154",
        "voltage_classes": "154"
      },
      "type": "Feature"
    },
    {
      "geometry": {
        "coordinates": [
          126.60798067,
          37.51142823
        ],
        "type": "Point"
      },
      "properties": {
        "ac_pair_count": 8,
        "connected_physical_pair_count": 8,
        "coordinate_method": "USER_PROVIDED_INDEPENDENT_WEB_VERIFICATION_WITH_PUBLIC_MAP_CORROBORATION",
        "coordinate_tier": "GEO_C_STRONG_NAME_MATCH",
        "facility_type": "PLANT_SWITCHYARD",
        "fgn": "FGN0_000228",
        "highest_voltage_kv": 345,
        "hvdc_link_count": 0,
        "is_orphan": false,
        "legacy_gist_reference": false,
        "name": "인천CC",
        "nmi": "NMI000229",
        "voltage_band": "345",
        "voltage_classes": "154;345"
      },
      "type": "Feature"
    },
    {
      "geometry": {
        "coordinates": [
          126.8892208,
          35.2002526
        ],
        "type": "Point"
      },
      "properties": {
        "ac_pair_count": 4,
        "connected_physical_pair_count": 4,
        "coordinate_method": "LOCAL_OSM_PUBLIC_MAP_EXTRACT",
        "coordinate_tier": "GEO_C_STRONG_NAME_MATCH",
        "facility_type": "SUBSTATION",
        "fgn": "FGN0_000787",
        "highest_voltage_kv": 154,
        "hvdc_link_count": 0,
        "is_orphan": false,
        "legacy_gist_reference": false,
        "name": "일곡",
        "nmi": "NMI000794",
        "voltage_band": "154",
        "voltage_classes": "154"
      },
      "type": "Feature"
    },
    {
      "geometry": {
        "coordinates": [
          126.8772953,
          37.3014721
        ],
        "type": "Point"
      },
      "properties": {
        "ac_pair_count": 4,
        "connected_physical_pair_count": 4,
        "coordinate_method": "LOCAL_OSM_PUBLIC_MAP_EXTRACT",
        "coordinate_tier": "GEO_C_STRONG_NAME_MATCH",
        "facility_type": "SUBSTATION",
        "fgn": "FGN0_000788",
        "highest_voltage_kv": 154,
        "hvdc_link_count": 0,
        "is_orphan": false,
        "legacy_gist_reference": false,
        "name": "일동",
        "nmi": "NMI000795",
        "voltage_band": "154",
        "voltage_classes": "154"
      },
      "type": "Feature"
    },
    {
      "geometry": {
        "coordinates": [
          126.79729339044096,
          37.648274152727915
        ],
        "type": "Point"
      },
      "properties": {
        "ac_pair_count": 5,
        "connected_physical_pair_count": 5,
        "coordinate_method": "Official exact-PNU parcel, EPSG:900913 to EPSG:5179 interior representative_point then EPSG:4326",
        "coordinate_tier": "GEO_B_FACILITY_SITE",
        "facility_type": "SUBSTATION",
        "fgn": "FGN0_000789",
        "highest_voltage_kv": 154,
        "hvdc_link_count": 0,
        "is_orphan": false,
        "legacy_gist_reference": false,
        "name": "일산",
        "nmi": "NMI000796",
        "voltage_band": "154",
        "voltage_classes": "154"
      },
      "type": "Feature"
    },
    {
      "geometry": {
        "coordinates": [
          127.30258,
          35.6263093
        ],
        "type": "Point"
      },
      "properties": {
        "ac_pair_count": 2,
        "connected_physical_pair_count": 2,
        "coordinate_method": "LOCAL_OSM_PUBLIC_MAP_EXTRACT",
        "coordinate_tier": "GEO_C_STRONG_NAME_MATCH",
        "facility_type": "SUBSTATION",
        "fgn": "FGN0_000790",
        "highest_voltage_kv": 154,
        "hvdc_link_count": 0,
        "is_orphan": false,
        "legacy_gist_reference": false,
        "name": "임실",
        "nmi": "NMI000797",
        "voltage_band": "154",
        "voltage_classes": "154"
      },
      "type": "Feature"
    },
    {
      "geometry": {
        "coordinates": [
          126.7448354,
          37.5456139
        ],
        "type": "Point"
      },
      "properties": {
        "ac_pair_count": 2,
        "connected_physical_pair_count": 2,
        "coordinate_method": "LOCAL_OSM_PUBLIC_MAP_EXTRACT",
        "coordinate_tier": "GEO_C_STRONG_NAME_MATCH",
        "facility_type": "SUBSTATION",
        "fgn": "FGN0_000791",
        "highest_voltage_kv": 154,
        "hvdc_link_count": 0,
        "is_orphan": false,
        "legacy_gist_reference": false,
        "name": "임학",
        "nmi": "NMI000798",
        "voltage_band": "154",
        "voltage_classes": "154"
      },
      "type": "Feature"
    },
    {
      "geometry": {
        "coordinates": [
          128.880937,
          36.538912
        ],
        "type": "Point"
      },
      "properties": {
        "ac_pair_count": 1,
        "connected_physical_pair_count": 1,
        "coordinate_method": "LOCAL_OSM_PUBLIC_MAP_EXTRACT",
        "coordinate_tier": "GEO_C_STRONG_NAME_MATCH",
        "facility_type": "SOURCE_SCOPED_UNRESOLVED",
        "fgn": "FGN0_000963",
        "highest_voltage_kv": 154,
        "hvdc_link_count": 0,
        "is_orphan": false,
        "legacy_gist_reference": false,
        "name": "임하HP",
        "nmi": "",
        "voltage_band": "154",
        "voltage_classes": "154"
      },
      "type": "Feature"
    },
    {
      "geometry": {
        "coordinates": [
          129.2849567,
          35.7098841
        ],
        "type": "Point"
      },
      "properties": {
        "ac_pair_count": 3,
        "connected_physical_pair_count": 3,
        "coordinate_method": "LOCAL_OSM_PUBLIC_MAP_EXTRACT",
        "coordinate_tier": "GEO_C_STRONG_NAME_MATCH",
        "facility_type": "SUBSTATION",
        "fgn": "FGN0_000229",
        "highest_voltage_kv": 345,
        "hvdc_link_count": 0,
        "is_orphan": false,
        "legacy_gist_reference": false,
        "name": "입실",
        "nmi": "NMI000230",
        "voltage_band": "345",
        "voltage_classes": "154;345"
      },
      "type": "Feature"
    },
    {
      "geometry": {
        "coordinates": [
          128.7612602,
          35.8010348
        ],
        "type": "Point"
      },
      "properties": {
        "ac_pair_count": 2,
        "connected_physical_pair_count": 2,
        "coordinate_method": "LOCAL_OSM_PUBLIC_MAP_EXTRACT",
        "coordinate_tier": "GEO_C_STRONG_NAME_MATCH",
        "facility_type": "SUBSTATION",
        "fgn": "FGN0_000230",
        "highest_voltage_kv": 345,
        "hvdc_link_count": 0,
        "is_orphan": false,
        "legacy_gist_reference": false,
        "name": "자인",
        "nmi": "NMI000231",
        "voltage_band": "345",
        "voltage_classes": "154;345"
      },
      "type": "Feature"
    },
    {
      "geometry": {
        "coordinates": [
          127.0817522,
          37.5035831
        ],
        "type": "Point"
      },
      "properties": {
        "ac_pair_count": 5,
        "connected_physical_pair_count": 5,
        "coordinate_method": "LOCAL_OSM_PUBLIC_MAP_EXTRACT",
        "coordinate_tier": "GEO_C_STRONG_NAME_MATCH",
        "facility_type": "SUBSTATION",
        "fgn": "FGN0_000792",
        "highest_voltage_kv": 154,
        "hvdc_link_count": 0,
        "is_orphan": false,
        "legacy_gist_reference": false,
        "name": "잠실",
        "nmi": "NMI000799",
        "voltage_band": "154",
        "voltage_classes": "154"
      },
      "type": "Feature"
    },
    {
      "geometry": {
        "coordinates": [
          126.68578852850065,
          37.64045370211647
        ],
        "type": "Point"
      },
      "properties": {
        "ac_pair_count": 2,
        "connected_physical_pair_count": 2,
        "coordinate_method": "Official exact-PNU parcel, EPSG:900913 to EPSG:5179 interior representative_point then EPSG:4326",
        "coordinate_tier": "GEO_B_FACILITY_SITE",
        "facility_type": "SUBSTATION",
        "fgn": "FGN0_000793",
        "highest_voltage_kv": 154,
        "hvdc_link_count": 0,
        "is_orphan": false,
        "legacy_gist_reference": false,
        "name": "장기",
        "nmi": "NMI000800",
        "voltage_band": "154",
        "voltage_classes": "154"
      },
      "type": "Feature"
    },
    {
      "geometry": {
        "coordinates": [
          126.8477669,
          37.1607629
        ],
        "type": "Point"
      },
      "properties": {
        "ac_pair_count": 2,
        "connected_physical_pair_count": 2,
        "coordinate_method": "LOCAL_OSM_PUBLIC_MAP_EXTRACT",
        "coordinate_tier": "GEO_C_STRONG_NAME_MATCH",
        "facility_type": "SUBSTATION",
        "fgn": "FGN0_000232",
        "highest_voltage_kv": 345,
        "hvdc_link_count": 0,
        "is_orphan": false,
        "legacy_gist_reference": false,
        "name": "장덕",
        "nmi": "NMI000233",
        "voltage_band": "345",
        "voltage_classes": "154;345"
      },
      "type": "Feature"
    },
    {
      "geometry": {
        "coordinates": [
          128.9737245,
          35.081367
        ],
        "type": "Point"
      },
      "properties": {
        "ac_pair_count": 1,
        "connected_physical_pair_count": 1,
        "coordinate_method": "V10_EXACT_IDENTITY_AND_LOCATOR_CLOSURE",
        "coordinate_tier": "GEO_C_STRONG_NAME_MATCH",
        "facility_type": "SUBSTATION",
        "fgn": "FGN0_000794",
        "highest_voltage_kv": 154,
        "hvdc_link_count": 0,
        "is_orphan": false,
        "legacy_gist_reference": false,
        "name": "장림",
        "nmi": "NMI000801",
        "voltage_band": "154",
        "voltage_classes": "154"
      },
      "type": "Feature"
    },
    {
      "geometry": {
        "coordinates": [
          126.7651404,
          35.2792112
        ],
        "type": "Point"
      },
      "properties": {
        "ac_pair_count": 3,
        "connected_physical_pair_count": 3,
        "coordinate_method": "LOCAL_OSM_PUBLIC_MAP_EXTRACT",
        "coordinate_tier": "GEO_C_STRONG_NAME_MATCH",
        "facility_type": "SUBSTATION",
        "fgn": "FGN0_000795",
        "highest_voltage_kv": 154,
        "hvdc_link_count": 0,
        "is_orphan": false,
        "legacy_gist_reference": false,
        "name": "장성",
        "nmi": "NMI000802",
        "voltage_band": "154",
        "voltage_classes": "154"
      },
      "type": "Feature"
    },
    {
      "geometry": {
        "coordinates": [
          127.5182515,
          35.6750042
        ],
        "type": "Point"
      },
      "properties": {
        "ac_pair_count": 1,
        "connected_physical_pair_count": 1,
        "coordinate_method": "LOCAL_OSM_PUBLIC_MAP_EXTRACT",
        "coordinate_tier": "GEO_C_STRONG_NAME_MATCH",
        "facility_type": "SUBSTATION",
        "fgn": "FGN0_000236",
        "highest_voltage_kv": 345,
        "hvdc_link_count": 0,
        "is_orphan": false,
        "legacy_gist_reference": false,
        "name": "장수",
        "nmi": "NMI000237",
        "voltage_band": "345",
        "voltage_classes": "154;345"
      },
      "type": "Feature"
    },
    {
      "geometry": {
        "coordinates": [
          129.24690425144723,
          35.31405883478715
        ],
        "type": "Point"
      },
      "properties": {
        "ac_pair_count": 3,
        "connected_physical_pair_count": 3,
        "coordinate_method": "OFFLINE_APPROVED_OFFICIAL_FACILITY_SITE_GEOMETRY_REPLAY",
        "coordinate_tier": "GEO_B_FACILITY_SITE",
        "facility_type": "SOURCE_SCOPED_UNRESOLVED",
        "fgn": "FGN0_000964",
        "highest_voltage_kv": 154,
        "hvdc_link_count": 0,
        "is_orphan": false,
        "legacy_gist_reference": false,
        "name": "장안SS",
        "nmi": "",
        "voltage_band": "154",
        "voltage_classes": "154"
      },
      "type": "Feature"
    },
    {
      "geometry": {
        "coordinates": [
          127.054665,
          37.69777852
        ],
        "type": "Point"
      },
      "properties": {
        "ac_pair_count": 4,
        "connected_physical_pair_count": 4,
        "coordinate_method": "OFFLINE_APPROVED_DIRECT_OFFICIAL_NAMED_ONSITE_POINT_REPLAY",
        "coordinate_tier": "GEO_B_FACILITY_SITE",
        "facility_type": "SUBSTATION",
        "fgn": "FGN0_000965",
        "highest_voltage_kv": 154,
        "hvdc_link_count": 0,
        "is_orphan": false,
        "legacy_gist_reference": false,
        "name": "장암SS",
        "nmi": "",
        "voltage_band": "154",
        "voltage_classes": "154"
      },
      "type": "Feature"
    },
    {
      "geometry": {
        "coordinates": [
          127.9676226,
          36.8488184
        ],
        "type": "Point"
      },
      "properties": {
        "ac_pair_count": 2,
        "connected_physical_pair_count": 2,
        "coordinate_method": "LOCAL_OSM_PUBLIC_MAP_EXTRACT",
        "coordinate_tier": "GEO_C_STRONG_NAME_MATCH",
        "facility_type": "SUBSTATION",
        "fgn": "FGN0_000796",
        "highest_voltage_kv": 154,
        "hvdc_link_count": 0,
        "is_orphan": false,
        "legacy_gist_reference": false,
        "name": "장연",
        "nmi": "NMI000803",
        "voltage_band": "154",
        "voltage_classes": "154"
      },
      "type": "Feature"
    },
    {
      "geometry": {
        "coordinates": [
          128.7974564,
          35.2064253
        ],
        "type": "Point"
      },
      "properties": {
        "ac_pair_count": 2,
        "connected_physical_pair_count": 2,
        "coordinate_method": "LOCAL_OSM_PUBLIC_MAP_EXTRACT",
        "coordinate_tier": "GEO_C_STRONG_NAME_MATCH",
        "facility_type": "SUBSTATION",
        "fgn": "FGN0_000237",
        "highest_voltage_kv": 345,
        "hvdc_link_count": 0,
        "is_orphan": false,
        "legacy_gist_reference": false,
        "name": "장유",
        "nmi": "NMI000238",
        "voltage_band": "345",
        "voltage_classes": "154;345"
      },
      "type": "Feature"
    },
    {
      "geometry": {
        "coordinates": [
          127.1087126,
          36.7903818
        ],
        "type": "Point"
      },
      "properties": {
        "ac_pair_count": 3,
        "connected_physical_pair_count": 3,
        "coordinate_method": "LOCAL_OSM_PUBLIC_MAP_EXTRACT",
        "coordinate_tier": "GEO_C_STRONG_NAME_MATCH",
        "facility_type": "SUBSTATION",
        "fgn": "FGN0_000797",
        "highest_voltage_kv": 154,
        "hvdc_link_count": 0,
        "is_orphan": false,
        "legacy_gist_reference": false,
        "name": "장재",
        "nmi": "NMI000804",
        "voltage_band": "154",
        "voltage_classes": "154"
      },
      "type": "Feature"
    },
    {
      "geometry": {
        "coordinates": [
          126.7119017,
          36.0356894
        ],
        "type": "Point"
      },
      "properties": {
        "ac_pair_count": 2,
        "connected_physical_pair_count": 2,
        "coordinate_method": "LOCAL_OSM_PUBLIC_MAP_EXTRACT",
        "coordinate_tier": "GEO_C_STRONG_NAME_MATCH",
        "facility_type": "SUBSTATION",
        "fgn": "FGN0_000798",
        "highest_voltage_kv": 154,
        "hvdc_link_count": 0,
        "is_orphan": false,
        "legacy_gist_reference": false,
        "name": "장항",
        "nmi": "NMI000805",
        "voltage_band": "154",
        "voltage_classes": "154"
      },
      "type": "Feature"
    },
    {
      "geometry": {
        "coordinates": [
          126.9232054,
          34.698154
        ],
        "type": "Point"
      },
      "properties": {
        "ac_pair_count": 3,
        "connected_physical_pair_count": 3,
        "coordinate_method": "LOCAL_OSM_PUBLIC_MAP_EXTRACT",
        "coordinate_tier": "GEO_C_STRONG_NAME_MATCH",
        "facility_type": "SUBSTATION",
        "fgn": "FGN0_000799",
        "highest_voltage_kv": 154,
        "hvdc_link_count": 0,
        "is_orphan": false,
        "legacy_gist_reference": false,
        "name": "장흥",
        "nmi": "NMI000806",
        "voltage_band": "154",
        "voltage_classes": "154"
      },
      "type": "Feature"
    },
    {
      "geometry": {
        "coordinates": [
          127.0963547,
          38.031236
        ],
        "type": "Point"
      },
      "properties": {
        "ac_pair_count": 2,
        "connected_physical_pair_count": 2,
        "coordinate_method": "LOCAL_OSM_PUBLIC_MAP_EXTRACT",
        "coordinate_tier": "GEO_C_STRONG_NAME_MATCH",
        "facility_type": "SUBSTATION",
        "fgn": "FGN0_000800",
        "highest_voltage_kv": 154,
        "hvdc_link_count": 0,
        "is_orphan": false,
        "legacy_gist_reference": false,
        "name": "전곡",
        "nmi": "NMI000807",
        "voltage_band": "154",
        "voltage_classes": "154"
      },
      "type": "Feature"
    },
    {
      "geometry": {
        "coordinates": [
          127.2169378,
          36.7018981
        ],
        "type": "Point"
      },
      "properties": {
        "ac_pair_count": 4,
        "connected_physical_pair_count": 4,
        "coordinate_method": "LOCAL_OSM_PUBLIC_MAP_EXTRACT",
        "coordinate_tier": "GEO_C_STRONG_NAME_MATCH",
        "facility_type": "SUBSTATION",
        "fgn": "FGN0_000801",
        "highest_voltage_kv": 154,
        "hvdc_link_count": 0,
        "is_orphan": false,
        "legacy_gist_reference": false,
        "name": "전의",
        "nmi": "NMI000808",
        "voltage_band": "154",
        "voltage_classes": "154"
      },
      "type": "Feature"
    },
    {
      "geometry": {
        "coordinates": [
          127.0709234,
          35.8655978
        ],
        "type": "Point"
      },
      "properties": {
        "ac_pair_count": 4,
        "connected_physical_pair_count": 4,
        "coordinate_method": "LOCAL_OSM_PUBLIC_MAP_EXTRACT",
        "coordinate_tier": "GEO_C_STRONG_NAME_MATCH",
        "facility_type": "SUBSTATION",
        "fgn": "FGN0_000802",
        "highest_voltage_kv": 154,
        "hvdc_link_count": 0,
        "is_orphan": false,
        "legacy_gist_reference": false,
        "name": "전주",
        "nmi": "NMI000809",
        "voltage_band": "154",
        "voltage_classes": "154"
      },
      "type": "Feature"
    },
    {
      "geometry": {
        "coordinates": [
          128.1714403,
          36.6034984
        ],
        "type": "Point"
      },
      "properties": {
        "ac_pair_count": 5,
        "connected_physical_pair_count": 5,
        "coordinate_method": "LOCAL_OSM_PUBLIC_MAP_EXTRACT",
        "coordinate_tier": "GEO_C_STRONG_NAME_MATCH",
        "facility_type": "SUBSTATION",
        "fgn": "FGN0_000803",
        "highest_voltage_kv": 154,
        "hvdc_link_count": 0,
        "is_orphan": false,
        "legacy_gist_reference": false,
        "name": "점촌",
        "nmi": "NMI000810",
        "voltage_band": "154",
        "voltage_classes": "154"
      },
      "type": "Feature"
    },
    {
      "geometry": {
        "coordinates": [
          126.9165658,
          35.6174886
        ],
        "type": "Point"
      },
      "properties": {
        "ac_pair_count": 3,
        "connected_physical_pair_count": 3,
        "coordinate_method": "LOCAL_OSM_PUBLIC_MAP_EXTRACT",
        "coordinate_tier": "GEO_C_STRONG_NAME_MATCH",
        "facility_type": "SUBSTATION",
        "fgn": "FGN0_000238",
        "highest_voltage_kv": 345,
        "hvdc_link_count": 0,
        "is_orphan": false,
        "legacy_gist_reference": false,
        "name": "정공",
        "nmi": "NMI000239",
        "voltage_band": "345",
        "voltage_classes": "154;345"
      },
      "type": "Feature"
    },
    {
      "geometry": {
        "coordinates": [
          129.1771861925592,
          35.31559233476731
        ],
        "type": "Point"
      },
      "properties": {
        "ac_pair_count": 5,
        "connected_physical_pair_count": 5,
        "coordinate_method": "KECO_PUBLIC_BUILDING_REGISTRY_PLUS_OFFICIAL_VWORLD_ELECTRICAL_POLYGON",
        "coordinate_tier": "GEO_B_OFFICIAL_ADDRESS",
        "facility_type": "SUBSTATION",
        "fgn": "FGN0_000804",
        "highest_voltage_kv": 154,
        "hvdc_link_count": 0,
        "is_orphan": false,
        "legacy_gist_reference": false,
        "name": "정관",
        "nmi": "NMI000811",
        "voltage_band": "154",
        "voltage_classes": "154"
      },
      "type": "Feature"
    },
    {
      "geometry": {
        "coordinates": [
          129.13118,
          35.1734895
        ],
        "type": "Point"
      },
      "properties": {
        "ac_pair_count": 2,
        "connected_physical_pair_count": 2,
        "coordinate_method": "LOCAL_OSM_PUBLIC_MAP_EXTRACT",
        "coordinate_tier": "GEO_C_STRONG_NAME_MATCH",
        "facility_type": "SUBSTATION",
        "fgn": "FGN0_000805",
        "highest_voltage_kv": 154,
        "hvdc_link_count": 0,
        "is_orphan": false,
        "legacy_gist_reference": false,
        "name": "정보",
        "nmi": "NMI000812",
        "voltage_band": "154",
        "voltage_classes": "154"
      },
      "type": "Feature"
    },
    {
      "geometry": {
        "coordinates": [
          128.7385248,
          37.3484883
        ],
        "type": "Point"
      },
      "properties": {
        "ac_pair_count": 2,
        "connected_physical_pair_count": 2,
        "coordinate_method": "LOCAL_OSM_PUBLIC_MAP_EXTRACT",
        "coordinate_tier": "GEO_C_STRONG_NAME_MATCH",
        "facility_type": "SUBSTATION",
        "fgn": "FGN0_000806",
        "highest_voltage_kv": 154,
        "hvdc_link_count": 0,
        "is_orphan": false,
        "legacy_gist_reference": false,
        "name": "정선",
        "nmi": "NMI000813",
        "voltage_band": "154",
        "voltage_classes": "154"
      },
      "type": "Feature"
    },
    {
      "geometry": {
        "coordinates": [
          127.1043608,
          37.375843
        ],
        "type": "Point"
      },
      "properties": {
        "ac_pair_count": 2,
        "connected_physical_pair_count": 2,
        "coordinate_method": "LOCAL_OSM_PUBLIC_MAP_EXTRACT",
        "coordinate_tier": "GEO_C_STRONG_NAME_MATCH",
        "facility_type": "SUBSTATION",
        "fgn": "FGN0_000808",
        "highest_voltage_kv": 154,
        "hvdc_link_count": 0,
        "is_orphan": false,
        "legacy_gist_reference": false,
        "name": "정자",
        "nmi": "NMI000815",
        "voltage_band": "154",
        "voltage_classes": "154"
      },
      "type": "Feature"
    },
    {
      "geometry": {
        "coordinates": [
          126.8550179,
          35.5883112
        ],
        "type": "Point"
      },
      "properties": {
        "ac_pair_count": 3,
        "connected_physical_pair_count": 3,
        "coordinate_method": "LOCAL_OSM_PUBLIC_MAP_EXTRACT",
        "coordinate_tier": "GEO_C_STRONG_NAME_MATCH",
        "facility_type": "SUBSTATION",
        "fgn": "FGN0_000809",
        "highest_voltage_kv": 154,
        "hvdc_link_count": 0,
        "is_orphan": false,
        "legacy_gist_reference": false,
        "name": "정주",
        "nmi": "NMI000816",
        "voltage_band": "154",
        "voltage_classes": "154"
      },
      "type": "Feature"
    },
    {
      "geometry": {
        "coordinates": [
          128.21224978182593,
          37.1542323454637
        ],
        "type": "Point"
      },
      "properties": {
        "ac_pair_count": 2,
        "connected_physical_pair_count": 2,
        "coordinate_method": "Official exact-PNU parcel, EPSG:900913 to EPSG:5179 interior representative_point then EPSG:4326",
        "coordinate_tier": "GEO_B_FACILITY_SITE",
        "facility_type": "SUBSTATION",
        "fgn": "FGN0_000810",
        "highest_voltage_kv": 154,
        "hvdc_link_count": 0,
        "is_orphan": false,
        "legacy_gist_reference": false,
        "name": "제천",
        "nmi": "NMI000817",
        "voltage_band": "154",
        "voltage_classes": "154"
      },
      "type": "Feature"
    },
    {
      "geometry": {
        "coordinates": [
          126.8322743,
          37.078793
        ],
        "type": "Point"
      },
      "properties": {
        "ac_pair_count": 3,
        "connected_physical_pair_count": 3,
        "coordinate_method": "LOCAL_OSM_PUBLIC_MAP_EXTRACT",
        "coordinate_tier": "GEO_C_STRONG_NAME_MATCH",
        "facility_type": "SUBSTATION",
        "fgn": "FGN0_000239",
        "highest_voltage_kv": 345,
        "hvdc_link_count": 0,
        "is_orphan": false,
        "legacy_gist_reference": false,
        "name": "조암",
        "nmi": "NMI000240",
        "voltage_band": "345",
        "voltage_classes": "154;345"
      },
      "type": "Feature"
    },
    {
      "geometry": {
        "coordinates": [
          126.67601066672086,
          33.53247864699886
        ],
        "type": "Point"
      },
      "properties": {
        "ac_pair_count": 2,
        "connected_physical_pair_count": 2,
        "coordinate_method": "Official exact-PNU parcel, EPSG:900913 to EPSG:5179 interior representative_point then EPSG:4326",
        "coordinate_tier": "GEO_B_FACILITY_SITE",
        "facility_type": "SUBSTATION",
        "fgn": "FGN0_000811",
        "highest_voltage_kv": 154,
        "hvdc_link_count": 0,
        "is_orphan": false,
        "legacy_gist_reference": false,
        "name": "조천",
        "nmi": "NMI000818",
        "voltage_band": "154",
        "voltage_classes": "154"
      },
      "type": "Feature"
    },
    {
      "geometry": {
        "coordinates": [
          127.2739207,
          36.5918099
        ],
        "type": "Point"
      },
      "properties": {
        "ac_pair_count": 3,
        "connected_physical_pair_count": 3,
        "coordinate_method": "LOCAL_OSM_PUBLIC_MAP_EXTRACT",
        "coordinate_tier": "GEO_C_STRONG_NAME_MATCH",
        "facility_type": "SUBSTATION",
        "fgn": "FGN0_000812",
        "highest_voltage_kv": 154,
        "hvdc_link_count": 0,
        "is_orphan": false,
        "legacy_gist_reference": false,
        "name": "조치원",
        "nmi": "NMI000819",
        "voltage_band": "154",
        "voltage_classes": "154"
      },
      "type": "Feature"
    },
    {
      "geometry": {
        "coordinates": [
          126.9920246,
          37.5687541
        ],
        "type": "Point"
      },
      "properties": {
        "ac_pair_count": 2,
        "connected_physical_pair_count": 2,
        "coordinate_method": "LOCAL_OSM_PUBLIC_MAP_EXTRACT",
        "coordinate_tier": "GEO_C_STRONG_NAME_MATCH",
        "facility_type": "SUBSTATION",
        "fgn": "FGN0_000813",
        "highest_voltage_kv": 154,
        "hvdc_link_count": 0,
        "is_orphan": false,
        "legacy_gist_reference": false,
        "name": "종로",
        "nmi": "NMI000820",
        "voltage_band": "154",
        "voltage_classes": "154"
      },
      "type": "Feature"
    },
    {
      "geometry": {
        "coordinates": [
          127.0411253,
          37.5940253
        ],
        "type": "Point"
      },
      "properties": {
        "ac_pair_count": 2,
        "connected_physical_pair_count": 2,
        "coordinate_method": "LOCAL_OSM_PUBLIC_MAP_EXTRACT",
        "coordinate_tier": "GEO_C_STRONG_NAME_MATCH",
        "facility_type": "SUBSTATION",
        "fgn": "FGN0_000814",
        "highest_voltage_kv": 154,
        "hvdc_link_count": 0,
        "is_orphan": false,
        "legacy_gist_reference": false,
        "name": "종암",
        "nmi": "NMI000821",
        "voltage_band": "154",
        "voltage_classes": "154"
      },
      "type": "Feature"
    },
    {
      "geometry": {
        "coordinates": [
          129.1699196,
          35.1816569
        ],
        "type": "Point"
      },
      "properties": {
        "ac_pair_count": 3,
        "connected_physical_pair_count": 3,
        "coordinate_method": "LOCAL_OSM_PUBLIC_MAP_EXTRACT",
        "coordinate_tier": "GEO_C_STRONG_NAME_MATCH",
        "facility_type": "SUBSTATION",
        "fgn": "FGN0_000241",
        "highest_voltage_kv": 345,
        "hvdc_link_count": 0,
        "is_orphan": false,
        "legacy_gist_reference": false,
        "name": "좌동",
        "nmi": "NMI000242",
        "voltage_band": "345",
        "voltage_classes": "154;345"
      },
      "type": "Feature"
    },
    {
      "geometry": {
        "coordinates": [
          128.8013207,
          37.8782356
        ],
        "type": "Point"
      },
      "properties": {
        "ac_pair_count": 2,
        "connected_physical_pair_count": 2,
        "coordinate_method": "LOCAL_OSM_PUBLIC_MAP_EXTRACT",
        "coordinate_tier": "GEO_C_STRONG_NAME_MATCH",
        "facility_type": "SUBSTATION",
        "fgn": "FGN0_000815",
        "highest_voltage_kv": 154,
        "hvdc_link_count": 0,
        "is_orphan": false,
        "legacy_gist_reference": false,
        "name": "주문진",
        "nmi": "NMI000822",
        "voltage_band": "154",
        "voltage_classes": "154"
      },
      "type": "Feature"
    },
    {
      "geometry": {
        "coordinates": [
          126.6988487,
          37.4724742
        ],
        "type": "Point"
      },
      "properties": {
        "ac_pair_count": 3,
        "connected_physical_pair_count": 3,
        "coordinate_method": "LOCAL_OSM_PUBLIC_MAP_EXTRACT",
        "coordinate_tier": "GEO_C_STRONG_NAME_MATCH",
        "facility_type": "SUBSTATION",
        "fgn": "FGN0_000816",
        "highest_voltage_kv": 154,
        "hvdc_link_count": 0,
        "is_orphan": false,
        "legacy_gist_reference": false,
        "name": "주안",
        "nmi": "NMI000823",
        "voltage_band": "154",
        "voltage_classes": "154"
      },
      "type": "Feature"
    },
    {
      "geometry": {
        "coordinates": [
          127.4260955,
          34.9454387
        ],
        "type": "Point"
      },
      "properties": {
        "ac_pair_count": 1,
        "connected_physical_pair_count": 1,
        "coordinate_method": "LOCAL_OSM_PUBLIC_MAP_EXTRACT",
        "coordinate_tier": "GEO_C_STRONG_NAME_MATCH",
        "facility_type": "SOURCE_SCOPED_UNRESOLVED",
        "fgn": "FGN0_000966",
        "highest_voltage_kv": 154,
        "hvdc_link_count": 0,
        "is_orphan": false,
        "legacy_gist_reference": false,
        "name": "주암HP",
        "nmi": "",
        "voltage_band": "154",
        "voltage_classes": "154"
      },
      "type": "Feature"
    },
    {
      "geometry": {
        "coordinates": [
          128.4186903,
          37.4168605
        ],
        "type": "Point"
      },
      "properties": {
        "ac_pair_count": 3,
        "connected_physical_pair_count": 3,
        "coordinate_method": "LOCAL_OSM_PUBLIC_MAP_EXTRACT",
        "coordinate_tier": "GEO_C_STRONG_NAME_MATCH",
        "facility_type": "SUBSTATION",
        "fgn": "FGN0_000242",
        "highest_voltage_kv": 345,
        "hvdc_link_count": 0,
        "is_orphan": false,
        "legacy_gist_reference": false,
        "name": "주진",
        "nmi": "NMI000243",
        "voltage_band": "345",
        "voltage_classes": "154;345"
      },
      "type": "Feature"
    },
    {
      "geometry": {
        "coordinates": [
          128.827297,
          35.2232994
        ],
        "type": "Point"
      },
      "properties": {
        "ac_pair_count": 2,
        "connected_physical_pair_count": 2,
        "coordinate_method": "LOCAL_OSM_PUBLIC_MAP_EXTRACT",
        "coordinate_tier": "GEO_C_STRONG_NAME_MATCH",
        "facility_type": "SUBSTATION",
        "fgn": "FGN0_000243",
        "highest_voltage_kv": 345,
        "hvdc_link_count": 0,
        "is_orphan": false,
        "legacy_gist_reference": false,
        "name": "주촌",
        "nmi": "NMI000244",
        "voltage_band": "345",
        "voltage_classes": "154;345"
      },
      "type": "Feature"
    },
    {
      "geometry": {
        "coordinates": [
          127.4431385,
          36.6066787
        ],
        "type": "Point"
      },
      "properties": {
        "ac_pair_count": 3,
        "connected_physical_pair_count": 3,
        "coordinate_method": "LOCAL_OSM_PUBLIC_MAP_EXTRACT",
        "coordinate_tier": "GEO_C_STRONG_NAME_MATCH",
        "facility_type": "SUBSTATION",
        "fgn": "FGN0_000817",
        "highest_voltage_kv": 154,
        "hvdc_link_count": 0,
        "is_orphan": false,
        "legacy_gist_reference": false,
        "name": "죽림",
        "nmi": "NMI000824",
        "voltage_band": "154",
        "voltage_classes": "154"
      },
      "type": "Feature"
    },
    {
      "geometry": {
        "coordinates": [
          127.1051274,
          37.3244653
        ],
        "type": "Point"
      },
      "properties": {
        "ac_pair_count": 0,
        "connected_physical_pair_count": 0,
        "coordinate_method": "LOCAL_OSM_PUBLIC_MAP_EXTRACT",
        "coordinate_tier": "GEO_C_STRONG_NAME_MATCH",
        "facility_type": "SUBSTATION",
        "fgn": "FGN0_000818",
        "highest_voltage_kv": 154,
        "hvdc_link_count": 0,
        "is_orphan": true,
        "legacy_gist_reference": false,
        "name": "죽전",
        "nmi": "NMI000825",
        "voltage_band": "154",
        "voltage_classes": "154"
      },
      "type": "Feature"
    },
    {
      "geometry": {
        "coordinates": [
          127.0823098,
          37.6467312
        ],
        "type": "Point"
      },
      "properties": {
        "ac_pair_count": 2,
        "connected_physical_pair_count": 2,
        "coordinate_method": "LOCAL_OSM_PUBLIC_MAP_EXTRACT",
        "coordinate_tier": "GEO_C_STRONG_NAME_MATCH",
        "facility_type": "SUBSTATION",
        "fgn": "FGN0_000819",
        "highest_voltage_kv": 154,
        "hvdc_link_count": 0,
        "is_orphan": false,
        "legacy_gist_reference": false,
        "name": "중계",
        "nmi": "NMI000826",
        "voltage_band": "154",
        "voltage_classes": "154"
      },
      "type": "Feature"
    },
    {
      "geometry": {
        "coordinates": [
          126.7635855,
          37.5233853
        ],
        "type": "Point"
      },
      "properties": {
        "ac_pair_count": 2,
        "connected_physical_pair_count": 2,
        "coordinate_method": "LOCAL_OSM_PUBLIC_MAP_EXTRACT",
        "coordinate_tier": "GEO_C_STRONG_NAME_MATCH",
        "facility_type": "SUBSTATION",
        "fgn": "FGN0_000820",
        "highest_voltage_kv": 154,
        "hvdc_link_count": 0,
        "is_orphan": false,
        "legacy_gist_reference": false,
        "name": "중동",
        "nmi": "NMI000827",
        "voltage_band": "154",
        "voltage_classes": "154"
      },
      "type": "Feature"
    },
    {
      "geometry": {
        "coordinates": [
          128.4933747,
          35.2325002
        ],
        "type": "Point"
      },
      "properties": {
        "ac_pair_count": 2,
        "connected_physical_pair_count": 2,
        "coordinate_method": "LOCAL_OSM_PUBLIC_MAP_EXTRACT",
        "coordinate_tier": "GEO_C_STRONG_NAME_MATCH",
        "facility_type": "SUBSTATION",
        "fgn": "FGN0_000821",
        "highest_voltage_kv": 154,
        "hvdc_link_count": 0,
        "is_orphan": false,
        "legacy_gist_reference": false,
        "name": "중리",
        "nmi": "NMI000828",
        "voltage_band": "154",
        "voltage_classes": "154"
      },
      "type": "Feature"
    },
    {
      "geometry": {
        "coordinates": [
          126.91644065088201,
          37.544260295835564
        ],
        "type": "Point"
      },
      "properties": {
        "ac_pair_count": 8,
        "connected_physical_pair_count": 8,
        "coordinate_method": "Official exact-PNU parcel, EPSG:900913 to EPSG:5179 interior representative_point then EPSG:4326",
        "coordinate_tier": "GEO_B_FACILITY_SITE",
        "facility_type": "SUBSTATION",
        "fgn": "FGN0_000244",
        "highest_voltage_kv": 345,
        "hvdc_link_count": 0,
        "is_orphan": false,
        "legacy_gist_reference": false,
        "name": "중부",
        "nmi": "NMI000245",
        "voltage_band": "345",
        "voltage_classes": "154;345"
      },
      "type": "Feature"
    },
    {
      "geometry": {
        "coordinates": [
          126.5326079,
          37.4846471
        ],
        "type": "Point"
      },
      "properties": {
        "ac_pair_count": 3,
        "connected_physical_pair_count": 3,
        "coordinate_method": "LOCAL_OSM_PUBLIC_MAP_EXTRACT",
        "coordinate_tier": "GEO_C_STRONG_NAME_MATCH",
        "facility_type": "SUBSTATION",
        "fgn": "FGN0_000822",
        "highest_voltage_kv": 154,
        "hvdc_link_count": 0,
        "is_orphan": false,
        "legacy_gist_reference": false,
        "name": "중산",
        "nmi": "NMI000829",
        "voltage_band": "154",
        "voltage_classes": "154"
      },
      "type": "Feature"
    },
    {
      "geometry": {
        "coordinates": [
          126.743187,
          37.3071526
        ],
        "type": "Point"
      },
      "properties": {
        "ac_pair_count": 3,
        "connected_physical_pair_count": 3,
        "coordinate_method": "LOCAL_OSM_PUBLIC_MAP_EXTRACT",
        "coordinate_tier": "GEO_C_STRONG_NAME_MATCH",
        "facility_type": "SUBSTATION",
        "fgn": "FGN0_000823",
        "highest_voltage_kv": 154,
        "hvdc_link_count": 0,
        "is_orphan": false,
        "legacy_gist_reference": false,
        "name": "중시화",
        "nmi": "NMI000830",
        "voltage_band": "154",
        "voltage_classes": "154"
      },
      "type": "Feature"
    },
    {
      "geometry": {
        "coordinates": [
          126.9828267,
          37.5653562
        ],
        "type": "Point"
      },
      "properties": {
        "ac_pair_count": 2,
        "connected_physical_pair_count": 2,
        "coordinate_method": "LOCAL_OSM_PUBLIC_MAP_EXTRACT",
        "coordinate_tier": "GEO_C_STRONG_NAME_MATCH",
        "facility_type": "SUBSTATION",
        "fgn": "FGN0_000824",
        "highest_voltage_kv": 154,
        "hvdc_link_count": 0,
        "is_orphan": false,
        "legacy_gist_reference": false,
        "name": "중앙",
        "nmi": "NMI000831",
        "voltage_band": "154",
        "voltage_classes": "154"
      },
      "type": "Feature"
    },
    {
      "geometry": {
        "coordinates": [
          127.1189065,
          37.4208886
        ],
        "type": "Point"
      },
      "properties": {
        "ac_pair_count": 2,
        "connected_physical_pair_count": 2,
        "coordinate_method": "LOCAL_OSM_PUBLIC_MAP_EXTRACT",
        "coordinate_tier": "GEO_C_STRONG_NAME_MATCH",
        "facility_type": "SUBSTATION",
        "fgn": "FGN0_000825",
        "highest_voltage_kv": 154,
        "hvdc_link_count": 0,
        "is_orphan": false,
        "legacy_gist_reference": false,
        "name": "중원",
        "nmi": "NMI000832",
        "voltage_band": "154",
        "voltage_classes": "154"
      },
      "type": "Feature"
    },
    {
      "geometry": {
        "coordinates": [
          126.8382161,
          37.6485334
        ],
        "type": "Point"
      },
      "properties": {
        "ac_pair_count": 2,
        "connected_physical_pair_count": 2,
        "coordinate_method": "LOCAL_OSM_PUBLIC_MAP_EXTRACT",
        "coordinate_tier": "GEO_C_STRONG_NAME_MATCH",
        "facility_type": "SUBSTATION",
        "fgn": "FGN0_000827",
        "highest_voltage_kv": 154,
        "hvdc_link_count": 0,
        "is_orphan": false,
        "legacy_gist_reference": false,
        "name": "지도",
        "nmi": "NMI000834",
        "voltage_band": "154",
        "voltage_classes": "154"
      },
      "type": "Feature"
    },
    {
      "geometry": {
        "coordinates": [
          128.8302191,
          35.1521987
        ],
        "type": "Point"
      },
      "properties": {
        "ac_pair_count": 2,
        "connected_physical_pair_count": 2,
        "coordinate_method": "LOCAL_OSM_PUBLIC_MAP_EXTRACT",
        "coordinate_tier": "GEO_C_STRONG_NAME_MATCH",
        "facility_type": "SUBSTATION",
        "fgn": "FGN0_000828",
        "highest_voltage_kv": 154,
        "hvdc_link_count": 0,
        "is_orphan": false,
        "legacy_gist_reference": false,
        "name": "지사",
        "nmi": "NMI000835",
        "voltage_band": "154",
        "voltage_classes": "154"
      },
      "type": "Feature"
    },
    {
      "geometry": {
        "coordinates": [
          127.6167568,
          37.4280246
        ],
        "type": "Point"
      },
      "properties": {
        "ac_pair_count": 2,
        "connected_physical_pair_count": 2,
        "coordinate_method": "LOCAL_OSM_PUBLIC_MAP_EXTRACT",
        "coordinate_tier": "GEO_C_STRONG_NAME_MATCH",
        "facility_type": "SUBSTATION",
        "fgn": "FGN0_000829",
        "highest_voltage_kv": 154,
        "hvdc_link_count": 0,
        "is_orphan": false,
        "legacy_gist_reference": false,
        "name": "지제",
        "nmi": "NMI000836",
        "voltage_band": "154",
        "voltage_classes": "154"
      },
      "type": "Feature"
    },
    {
      "geometry": {
        "coordinates": [
          126.91839207851196,
          37.64791686976416
        ],
        "type": "Point"
      },
      "properties": {
        "ac_pair_count": 3,
        "connected_physical_pair_count": 3,
        "coordinate_method": "OFFLINE_APPROVED_OFFICIAL_FACILITY_SITE_GEOMETRY_REPLAY",
        "coordinate_tier": "GEO_B_FACILITY_SITE",
        "facility_type": "SOURCE_SCOPED_UNRESOLVED",
        "fgn": "FGN0_000967",
        "highest_voltage_kv": 154,
        "hvdc_link_count": 0,
        "is_orphan": false,
        "legacy_gist_reference": false,
        "name": "지축SS",
        "nmi": "",
        "voltage_band": "154",
        "voltage_classes": "154"
      },
      "type": "Feature"
    },
    {
      "geometry": {
        "coordinates": [
          129.1327579,
          35.5803877
        ],
        "type": "Point"
      },
      "properties": {
        "ac_pair_count": 3,
        "connected_physical_pair_count": 3,
        "coordinate_method": "LOCAL_OSM_PUBLIC_MAP_EXTRACT",
        "coordinate_tier": "GEO_C_STRONG_NAME_MATCH",
        "facility_type": "SUBSTATION",
        "fgn": "FGN0_000245",
        "highest_voltage_kv": 345,
        "hvdc_link_count": 0,
        "is_orphan": false,
        "legacy_gist_reference": false,
        "name": "직동",
        "nmi": "NMI000246",
        "voltage_band": "345",
        "voltage_classes": "154;345"
      },
      "type": "Feature"
    },
    {
      "geometry": {
        "coordinates": [
          127.141147,
          36.8893276
        ],
        "type": "Point"
      },
      "properties": {
        "ac_pair_count": 2,
        "connected_physical_pair_count": 2,
        "coordinate_method": "LOCAL_OSM_PUBLIC_MAP_EXTRACT",
        "coordinate_tier": "GEO_C_STRONG_NAME_MATCH",
        "facility_type": "SOURCE_SCOPED_UNRESOLVED",
        "fgn": "FGN0_000968",
        "highest_voltage_kv": 154,
        "hvdc_link_count": 0,
        "is_orphan": false,
        "legacy_gist_reference": false,
        "name": "직산SS",
        "nmi": "",
        "voltage_band": "154",
        "voltage_classes": "154"
      },
      "type": "Feature"
    },
    {
      "geometry": {
        "coordinates": [
          127.1628094,
          37.6270671
        ],
        "type": "Point"
      },
      "properties": {
        "ac_pair_count": 2,
        "connected_physical_pair_count": 2,
        "coordinate_method": "LOCAL_OSM_PUBLIC_MAP_EXTRACT",
        "coordinate_tier": "GEO_C_STRONG_NAME_MATCH",
        "facility_type": "SUBSTATION",
        "fgn": "FGN0_000830",
        "highest_voltage_kv": 154,
        "hvdc_link_count": 0,
        "is_orphan": false,
        "legacy_gist_reference": false,
        "name": "진건",
        "nmi": "NMI000837",
        "voltage_band": "154",
        "voltage_classes": "154"
      },
      "type": "Feature"
    },
    {
      "geometry": {
        "coordinates": [
          126.27154654577078,
          34.51963928724362
        ],
        "type": "Point"
      },
      "properties": {
        "ac_pair_count": 3,
        "connected_physical_pair_count": 3,
        "coordinate_method": "Official exact-PNU parcel, EPSG:900913 to EPSG:5179 interior representative_point then EPSG:4326",
        "coordinate_tier": "GEO_B_FACILITY_SITE",
        "facility_type": "SUBSTATION",
        "fgn": "FGN0_000831",
        "highest_voltage_kv": 154,
        "hvdc_link_count": 0,
        "is_orphan": false,
        "legacy_gist_reference": false,
        "name": "진도",
        "nmi": "NMI000838",
        "voltage_band": "154",
        "voltage_classes": "154"
      },
      "type": "Feature"
    },
    {
      "geometry": {
        "coordinates": [
          126.18623096303266,
          34.385733942658376
        ],
        "type": "Point"
      },
      "properties": {
        "ac_pair_count": 1,
        "connected_physical_pair_count": 2,
        "coordinate_method": "Official exact-PNU parcel, EPSG:900913 to EPSG:5179 interior representative_point then EPSG:4326",
        "coordinate_tier": "GEO_B_FACILITY_SITE",
        "facility_type": "SUBSTATION",
        "fgn": "FGN0_000832",
        "highest_voltage_kv": 154,
        "hvdc_link_count": 1,
        "is_orphan": false,
        "legacy_gist_reference": false,
        "name": "진도변환소",
        "nmi": "NMI000839",
        "voltage_band": "154",
        "voltage_classes": "154"
      },
      "type": "Feature"
    },
    {
      "geometry": {
        "coordinates": [
          128.4693552,
          35.122298
        ],
        "type": "Point"
      },
      "properties": {
        "ac_pair_count": 3,
        "connected_physical_pair_count": 3,
        "coordinate_method": "LOCAL_OSM_PUBLIC_MAP_EXTRACT",
        "coordinate_tier": "GEO_C_STRONG_NAME_MATCH",
        "facility_type": "SUBSTATION",
        "fgn": "FGN0_000833",
        "highest_voltage_kv": 154,
        "hvdc_link_count": 0,
        "is_orphan": false,
        "legacy_gist_reference": false,
        "name": "진동",
        "nmi": "NMI000840",
        "voltage_band": "154",
        "voltage_classes": "154"
      },
      "type": "Feature"
    },
    {
      "geometry": {
        "coordinates": [
          128.83472214401178,
          35.872198110220545
        ],
        "type": "Point"
      },
      "properties": {
        "ac_pair_count": 2,
        "connected_physical_pair_count": 2,
        "coordinate_method": "VWORLD_EUM",
        "coordinate_tier": "GEO_A_CANONICAL",
        "facility_type": "SUBSTATION",
        "fgn": "FGN0_000834",
        "highest_voltage_kv": 154,
        "hvdc_link_count": 0,
        "is_orphan": false,
        "legacy_gist_reference": false,
        "name": "진량",
        "nmi": "NMI000841",
        "voltage_band": "154",
        "voltage_classes": "154"
      },
      "type": "Feature"
    },
    {
      "geometry": {
        "coordinates": [
          128.76987723303,
          35.267340135085
        ],
        "type": "Point"
      },
      "properties": {
        "ac_pair_count": 2,
        "connected_physical_pair_count": 2,
        "coordinate_method": "CURRENT_KEPCO_EXACT_SITE_PLUS_OFFICIAL_GIMHAE_CADASTRAL_PARCEL",
        "coordinate_tier": "GEO_B_OFFICIAL_ADDRESS",
        "facility_type": "SUBSTATION",
        "fgn": "FGN0_000246",
        "highest_voltage_kv": 345,
        "hvdc_link_count": 0,
        "is_orphan": false,
        "legacy_gist_reference": false,
        "name": "진례",
        "nmi": "NMI000247",
        "voltage_band": "345",
        "voltage_classes": "154;345"
      },
      "type": "Feature"
    },
    {
      "geometry": {
        "coordinates": [
          129.0769728,
          36.5362558
        ],
        "type": "Point"
      },
      "properties": {
        "ac_pair_count": 2,
        "connected_physical_pair_count": 2,
        "coordinate_method": "LOCAL_OSM_PUBLIC_MAP_EXTRACT",
        "coordinate_tier": "GEO_C_STRONG_NAME_MATCH",
        "facility_type": "SUBSTATION",
        "fgn": "FGN0_000835",
        "highest_voltage_kv": 154,
        "hvdc_link_count": 0,
        "is_orphan": false,
        "legacy_gist_reference": false,
        "name": "진보",
        "nmi": "NMI000842",
        "voltage_band": "154",
        "voltage_classes": "154"
      },
      "type": "Feature"
    },
    {
      "geometry": {
        "coordinates": [
          127.4539162,
          35.7803238
        ],
        "type": "Point"
      },
      "properties": {
        "ac_pair_count": 3,
        "connected_physical_pair_count": 3,
        "coordinate_method": "LOCAL_OSM_PUBLIC_MAP_EXTRACT",
        "coordinate_tier": "GEO_C_STRONG_NAME_MATCH",
        "facility_type": "SUBSTATION",
        "fgn": "FGN0_000247",
        "highest_voltage_kv": 345,
        "hvdc_link_count": 0,
        "is_orphan": false,
        "legacy_gist_reference": false,
        "name": "진안",
        "nmi": "NMI000248",
        "voltage_band": "345",
        "voltage_classes": "154;345"
      },
      "type": "Feature"
    },
    {
      "geometry": {
        "coordinates": [
          128.77595971576002,
          35.29695511865469
        ],
        "type": "Point"
      },
      "properties": {
        "ac_pair_count": 6,
        "connected_physical_pair_count": 6,
        "coordinate_method": "VWORLD_EUM_KEPCO_IDENTITY_CHAIN",
        "coordinate_tier": "GEO_A_CANONICAL",
        "facility_type": "SUBSTATION",
        "fgn": "FGN0_000248",
        "highest_voltage_kv": 345,
        "hvdc_link_count": 0,
        "is_orphan": false,
        "legacy_gist_reference": false,
        "name": "진영",
        "nmi": "NMI000249",
        "voltage_band": "345",
        "voltage_classes": "154;345"
      },
      "type": "Feature"
    },
    {
      "geometry": {
        "coordinates": [
          127.0858181,
          37.120693
        ],
        "type": "Point"
      },
      "properties": {
        "ac_pair_count": 4,
        "connected_physical_pair_count": 4,
        "coordinate_method": "LOCAL_OSM_PUBLIC_MAP_EXTRACT",
        "coordinate_tier": "GEO_C_STRONG_NAME_MATCH",
        "facility_type": "SUBSTATION",
        "fgn": "FGN0_000249",
        "highest_voltage_kv": 345,
        "hvdc_link_count": 0,
        "is_orphan": false,
        "legacy_gist_reference": false,
        "name": "진위",
        "nmi": "NMI000250",
        "voltage_band": "345",
        "voltage_classes": "154;345"
      },
      "type": "Feature"
    },
    {
      "geometry": {
        "coordinates": [
          127.1796352,
          37.7024099
        ],
        "type": "Point"
      },
      "properties": {
        "ac_pair_count": 2,
        "connected_physical_pair_count": 2,
        "coordinate_method": "LOCAL_OSM_PUBLIC_MAP_EXTRACT",
        "coordinate_tier": "GEO_C_STRONG_NAME_MATCH",
        "facility_type": "SUBSTATION",
        "fgn": "FGN0_000836",
        "highest_voltage_kv": 154,
        "hvdc_link_count": 0,
        "is_orphan": false,
        "legacy_gist_reference": false,
        "name": "진접",
        "nmi": "NMI000843",
        "voltage_band": "154",
        "voltage_classes": "154"
      },
      "type": "Feature"
    },
    {
      "geometry": {
        "coordinates": [
          128.1209104,
          35.1835252
        ],
        "type": "Point"
      },
      "properties": {
        "ac_pair_count": 3,
        "connected_physical_pair_count": 3,
        "coordinate_method": "LOCAL_OSM_PUBLIC_MAP_EXTRACT",
        "coordinate_tier": "GEO_C_STRONG_NAME_MATCH",
        "facility_type": "SUBSTATION",
        "fgn": "FGN0_000837",
        "highest_voltage_kv": 154,
        "hvdc_link_count": 0,
        "is_orphan": false,
        "legacy_gist_reference": false,
        "name": "진주",
        "nmi": "NMI000844",
        "voltage_band": "154",
        "voltage_classes": "154"
      },
      "type": "Feature"
    },
    {
      "geometry": {
        "coordinates": [
          127.4457906,
          36.880529
        ],
        "type": "Point"
      },
      "properties": {
        "ac_pair_count": 3,
        "connected_physical_pair_count": 3,
        "coordinate_method": "LOCAL_OSM_PUBLIC_MAP_EXTRACT",
        "coordinate_tier": "GEO_C_STRONG_NAME_MATCH",
        "facility_type": "SUBSTATION",
        "fgn": "FGN0_000838",
        "highest_voltage_kv": 154,
        "hvdc_link_count": 0,
        "is_orphan": false,
        "legacy_gist_reference": false,
        "name": "진천",
        "nmi": "NMI000845",
        "voltage_band": "154",
        "voltage_classes": "154"
      },
      "type": "Feature"
    },
    {
      "geometry": {
        "coordinates": [
          128.7119857,
          35.1543954
        ],
        "type": "Point"
      },
      "properties": {
        "ac_pair_count": 3,
        "connected_physical_pair_count": 3,
        "coordinate_method": "LOCAL_OSM_PUBLIC_MAP_EXTRACT",
        "coordinate_tier": "GEO_C_STRONG_NAME_MATCH",
        "facility_type": "SUBSTATION",
        "fgn": "FGN0_000250",
        "highest_voltage_kv": 345,
        "hvdc_link_count": 0,
        "is_orphan": false,
        "legacy_gist_reference": false,
        "name": "진해",
        "nmi": "NMI000251",
        "voltage_band": "345",
        "voltage_classes": "154;345"
      },
      "type": "Feature"
    },
    {
      "geometry": {
        "coordinates": [
          128.6288582,
          35.2457697
        ],
        "type": "Point"
      },
      "properties": {
        "ac_pair_count": 2,
        "connected_physical_pair_count": 2,
        "coordinate_method": "LOCAL_OSM_PUBLIC_MAP_EXTRACT",
        "coordinate_tier": "GEO_C_STRONG_NAME_MATCH",
        "facility_type": "SUBSTATION",
        "fgn": "FGN0_000839",
        "highest_voltage_kv": 154,
        "hvdc_link_count": 0,
        "is_orphan": false,
        "legacy_gist_reference": false,
        "name": "차룡",
        "nmi": "NMI000846",
        "voltage_band": "154",
        "voltage_classes": "154"
      },
      "type": "Feature"
    },
    {
      "geometry": {
        "coordinates": [
          128.6556914,
          35.2233532
        ],
        "type": "Point"
      },
      "properties": {
        "ac_pair_count": 4,
        "connected_physical_pair_count": 4,
        "coordinate_method": "LOCAL_OSM_PUBLIC_MAP_EXTRACT",
        "coordinate_tier": "GEO_C_STRONG_NAME_MATCH",
        "facility_type": "SUBSTATION",
        "fgn": "FGN0_000840",
        "highest_voltage_kv": 154,
        "hvdc_link_count": 0,
        "is_orphan": false,
        "legacy_gist_reference": false,
        "name": "창공",
        "nmi": "NMI000847",
        "voltage_band": "154",
        "voltage_classes": "154"
      },
      "type": "Feature"
    },
    {
      "geometry": {
        "coordinates": [
          128.5314777,
          35.4446137
        ],
        "type": "Point"
      },
      "properties": {
        "ac_pair_count": 3,
        "connected_physical_pair_count": 3,
        "coordinate_method": "LOCAL_OSM_PUBLIC_MAP_EXTRACT",
        "coordinate_tier": "GEO_C_STRONG_NAME_MATCH",
        "facility_type": "SUBSTATION",
        "fgn": "FGN0_000841",
        "highest_voltage_kv": 154,
        "hvdc_link_count": 0,
        "is_orphan": false,
        "legacy_gist_reference": false,
        "name": "창녕",
        "nmi": "NMI000848",
        "voltage_band": "154",
        "voltage_classes": "154"
      },
      "type": "Feature"
    },
    {
      "geometry": {
        "coordinates": [
          127.040869100654,
          37.6600684171659
        ],
        "type": "Point"
      },
      "properties": {
        "ac_pair_count": 4,
        "connected_physical_pair_count": 4,
        "coordinate_method": "V10_EXACT_IDENTITY_AND_LOCATOR_CLOSURE",
        "coordinate_tier": "GEO_B_OFFICIAL_ADDRESS",
        "facility_type": "SUBSTATION",
        "fgn": "FGN0_000842",
        "highest_voltage_kv": 154,
        "hvdc_link_count": 0,
        "is_orphan": false,
        "legacy_gist_reference": false,
        "name": "창동",
        "nmi": "NMI000849",
        "voltage_band": "154",
        "voltage_classes": "154"
      },
      "type": "Feature"
    },
    {
      "geometry": {
        "coordinates": [
          128.6364928,
          35.2036455
        ],
        "type": "Point"
      },
      "properties": {
        "ac_pair_count": 7,
        "connected_physical_pair_count": 7,
        "coordinate_method": "LOCAL_OSM_PUBLIC_MAP_EXTRACT",
        "coordinate_tier": "GEO_C_STRONG_NAME_MATCH",
        "facility_type": "SUBSTATION",
        "fgn": "FGN0_000251",
        "highest_voltage_kv": 345,
        "hvdc_link_count": 0,
        "is_orphan": false,
        "legacy_gist_reference": false,
        "name": "창원",
        "nmi": "NMI000252",
        "voltage_band": "345",
        "voltage_classes": "154;345"
      },
      "type": "Feature"
    },
    {
      "geometry": {
        "coordinates": [
          129.3377236,
          35.4621952
        ],
        "type": "Point"
      },
      "properties": {
        "ac_pair_count": 3,
        "connected_physical_pair_count": 3,
        "coordinate_method": "LOCAL_OSM_PUBLIC_MAP_EXTRACT",
        "coordinate_tier": "GEO_C_STRONG_NAME_MATCH",
        "facility_type": "SUBSTATION",
        "fgn": "FGN0_000252",
        "highest_voltage_kv": 345,
        "hvdc_link_count": 0,
        "is_orphan": false,
        "legacy_gist_reference": false,
        "name": "처용",
        "nmi": "NMI000253",
        "voltage_band": "345",
        "voltage_classes": "154;345"
      },
      "type": "Feature"
    },
    {
      "geometry": {
        "coordinates": [
          129.2440678,
          35.9144692
        ],
        "type": "Point"
      },
      "properties": {
        "ac_pair_count": 4,
        "connected_physical_pair_count": 4,
        "coordinate_method": "LOCAL_OSM_PUBLIC_MAP_EXTRACT",
        "coordinate_tier": "GEO_C_STRONG_NAME_MATCH",
        "facility_type": "SUBSTATION",
        "fgn": "FGN0_000843",
        "highest_voltage_kv": 154,
        "hvdc_link_count": 0,
        "is_orphan": false,
        "legacy_gist_reference": false,
        "name": "천북",
        "nmi": "NMI000850",
        "voltage_band": "154",
        "voltage_classes": "154"
      },
      "type": "Feature"
    },
    {
      "geometry": {
        "coordinates": [
          128.70843158675777,
          35.18669010684567
        ],
        "type": "Point"
      },
      "properties": {
        "ac_pair_count": 5,
        "connected_physical_pair_count": 5,
        "coordinate_method": "Official exact-PNU parcel, EPSG:900913 to EPSG:5179 interior representative_point then EPSG:4326",
        "coordinate_tier": "GEO_B_FACILITY_SITE",
        "facility_type": "SUBSTATION",
        "fgn": "FGN0_000844",
        "highest_voltage_kv": 154,
        "hvdc_link_count": 0,
        "is_orphan": false,
        "legacy_gist_reference": false,
        "name": "천선",
        "nmi": "NMI000851",
        "voltage_band": "154",
        "voltage_classes": "154"
      },
      "type": "Feature"
    },
    {
      "geometry": {
        "coordinates": [
          127.1662362,
          36.7918002
        ],
        "type": "Point"
      },
      "properties": {
        "ac_pair_count": 3,
        "connected_physical_pair_count": 3,
        "coordinate_method": "LOCAL_OSM_PUBLIC_MAP_EXTRACT",
        "coordinate_tier": "GEO_C_STRONG_NAME_MATCH",
        "facility_type": "SUBSTATION",
        "fgn": "FGN0_000845",
        "highest_voltage_kv": 154,
        "hvdc_link_count": 0,
        "is_orphan": false,
        "legacy_gist_reference": false,
        "name": "천안",
        "nmi": "NMI000852",
        "voltage_band": "154",
        "voltage_classes": "154"
      },
      "type": "Feature"
    },
    {
      "geometry": {
        "coordinates": [
          126.8451236,
          37.4796462
        ],
        "type": "Point"
      },
      "properties": {
        "ac_pair_count": 5,
        "connected_physical_pair_count": 5,
        "coordinate_method": "LOCAL_OSM_PUBLIC_MAP_EXTRACT",
        "coordinate_tier": "GEO_C_STRONG_NAME_MATCH",
        "facility_type": "SUBSTATION",
        "fgn": "FGN0_000846",
        "highest_voltage_kv": 154,
        "hvdc_link_count": 0,
        "is_orphan": false,
        "legacy_gist_reference": false,
        "name": "천왕",
        "nmi": "NMI000853",
        "voltage_band": "154",
        "voltage_classes": "154"
      },
      "type": "Feature"
    },
    {
      "geometry": {
        "coordinates": [
          127.1338112,
          37.5467942
        ],
        "type": "Point"
      },
      "properties": {
        "ac_pair_count": 2,
        "connected_physical_pair_count": 2,
        "coordinate_method": "LOCAL_OSM_PUBLIC_MAP_EXTRACT",
        "coordinate_tier": "GEO_C_STRONG_NAME_MATCH",
        "facility_type": "SUBSTATION",
        "fgn": "FGN0_000847",
        "highest_voltage_kv": 154,
        "hvdc_link_count": 0,
        "is_orphan": false,
        "legacy_gist_reference": false,
        "name": "천호",
        "nmi": "NMI000854",
        "voltage_band": "154",
        "voltage_classes": "154"
      },
      "type": "Feature"
    },
    {
      "geometry": {
        "coordinates": [
          127.3314545,
          38.1800732
        ],
        "type": "Point"
      },
      "properties": {
        "ac_pair_count": 2,
        "connected_physical_pair_count": 2,
        "coordinate_method": "LOCAL_OSM_PUBLIC_MAP_EXTRACT",
        "coordinate_tier": "GEO_C_STRONG_NAME_MATCH",
        "facility_type": "SUBSTATION",
        "fgn": "FGN0_000848",
        "highest_voltage_kv": 154,
        "hvdc_link_count": 0,
        "is_orphan": false,
        "legacy_gist_reference": false,
        "name": "철원",
        "nmi": "NMI000855",
        "voltage_band": "154",
        "voltage_classes": "154"
      },
      "type": "Feature"
    },
    {
      "geometry": {
        "coordinates": [
          128.6983373,
          35.6519504
        ],
        "type": "Point"
      },
      "properties": {
        "ac_pair_count": 2,
        "connected_physical_pair_count": 2,
        "coordinate_method": "LOCAL_OSM_PUBLIC_MAP_EXTRACT",
        "coordinate_tier": "GEO_C_STRONG_NAME_MATCH",
        "facility_type": "SUBSTATION",
        "fgn": "FGN0_000253",
        "highest_voltage_kv": 345,
        "hvdc_link_count": 0,
        "is_orphan": false,
        "legacy_gist_reference": false,
        "name": "청도",
        "nmi": "NMI000254",
        "voltage_band": "345",
        "voltage_classes": "154;345"
      },
      "type": "Feature"
    },
    {
      "geometry": {
        "coordinates": [
          126.6491759,
          37.5409028
        ],
        "type": "Point"
      },
      "properties": {
        "ac_pair_count": 1,
        "connected_physical_pair_count": 1,
        "coordinate_method": "LOCAL_OSM_PUBLIC_MAP_EXTRACT",
        "coordinate_tier": "GEO_C_STRONG_NAME_MATCH",
        "facility_type": "SUBSTATION",
        "fgn": "FGN0_000849",
        "highest_voltage_kv": 154,
        "hvdc_link_count": 0,
        "is_orphan": false,
        "legacy_gist_reference": false,
        "name": "청라",
        "nmi": "NMI000856",
        "voltage_band": "154",
        "voltage_classes": "154"
      },
      "type": "Feature"
    },
    {
      "geometry": {
        "coordinates": [
          128.1194135,
          36.3123595
        ],
        "type": "Point"
      },
      "properties": {
        "ac_pair_count": 2,
        "connected_physical_pair_count": 2,
        "coordinate_method": "LOCAL_OSM_PUBLIC_MAP_EXTRACT",
        "coordinate_tier": "GEO_C_STRONG_NAME_MATCH",
        "facility_type": "SUBSTATION",
        "fgn": "FGN0_000850",
        "highest_voltage_kv": 154,
        "hvdc_link_count": 0,
        "is_orphan": false,
        "legacy_gist_reference": false,
        "name": "청리",
        "nmi": "NMI000857",
        "voltage_band": "154",
        "voltage_classes": "154"
      },
      "type": "Feature"
    },
    {
      "geometry": {
        "coordinates": [
          126.9739463,
          37.0499726
        ],
        "type": "Point"
      },
      "properties": {
        "ac_pair_count": 4,
        "connected_physical_pair_count": 4,
        "coordinate_method": "LOCAL_OSM_PUBLIC_MAP_EXTRACT",
        "coordinate_tier": "GEO_C_STRONG_NAME_MATCH",
        "facility_type": "SUBSTATION",
        "fgn": "FGN0_000851",
        "highest_voltage_kv": 154,
        "hvdc_link_count": 0,
        "is_orphan": false,
        "legacy_gist_reference": false,
        "name": "청북",
        "nmi": "NMI000858",
        "voltage_band": "154",
        "voltage_classes": "154"
      },
      "type": "Feature"
    },
    {
      "geometry": {
        "coordinates": [
          129.0162149,
          36.405227
        ],
        "type": "Point"
      },
      "properties": {
        "ac_pair_count": 3,
        "connected_physical_pair_count": 3,
        "coordinate_method": "LOCAL_OSM_PUBLIC_MAP_EXTRACT",
        "coordinate_tier": "GEO_C_STRONG_NAME_MATCH",
        "facility_type": "PLANT_SWITCHYARD",
        "fgn": "FGN0_000255",
        "highest_voltage_kv": 345,
        "hvdc_link_count": 0,
        "is_orphan": false,
        "legacy_gist_reference": false,
        "name": "청송PP",
        "nmi": "NMI000256",
        "voltage_band": "345",
        "voltage_classes": "345"
      },
      "type": "Feature"
    },
    {
      "geometry": {
        "coordinates": [
          126.7884719,
          36.4665888
        ],
        "type": "Point"
      },
      "properties": {
        "ac_pair_count": 11,
        "connected_physical_pair_count": 11,
        "coordinate_method": "LOCAL_OSM_PUBLIC_MAP_EXTRACT",
        "coordinate_tier": "GEO_C_STRONG_NAME_MATCH",
        "facility_type": "SUBSTATION",
        "fgn": "FGN0_000256",
        "highest_voltage_kv": 345,
        "hvdc_link_count": 0,
        "is_orphan": false,
        "legacy_gist_reference": false,
        "name": "청양",
        "nmi": "NMI000257",
        "voltage_band": "345",
        "voltage_classes": "154;345"
      },
      "type": "Feature"
    },
    {
      "geometry": {
        "coordinates": [
          127.4607944,
          36.5535774
        ],
        "type": "Point"
      },
      "properties": {
        "ac_pair_count": 9,
        "connected_physical_pair_count": 9,
        "coordinate_method": "OPENSTREETMAP_STRONG_EXACT_NAME_MATCH_WITH_LOCAL_IDENTITY_CONTROL",
        "coordinate_tier": "GEO_C_STRONG_NAME_MATCH",
        "facility_type": "SUBSTATION",
        "fgn": "FGN0_000261",
        "highest_voltage_kv": 345,
        "hvdc_link_count": 0,
        "is_orphan": false,
        "legacy_gist_reference": false,
        "name": "청원",
        "nmi": "NMI000262",
        "voltage_band": "345",
        "voltage_classes": "154;345"
      },
      "type": "Feature"
    },
    {
      "geometry": {
        "coordinates": [
          127.5110548,
          36.5983537
        ],
        "type": "Point"
      },
      "properties": {
        "ac_pair_count": 4,
        "connected_physical_pair_count": 4,
        "coordinate_method": "LOCAL_OSM_PUBLIC_MAP_EXTRACT",
        "coordinate_tier": "GEO_C_STRONG_NAME_MATCH",
        "facility_type": "SUBSTATION",
        "fgn": "FGN0_000852",
        "highest_voltage_kv": 154,
        "hvdc_link_count": 0,
        "is_orphan": false,
        "legacy_gist_reference": false,
        "name": "청주",
        "nmi": "NMI000859",
        "voltage_band": "154",
        "voltage_classes": "154"
      },
      "type": "Feature"
    },
    {
      "geometry": {
        "coordinates": [
          126.71411720842634,
          37.51445272362315
        ],
        "type": "Point"
      },
      "properties": {
        "ac_pair_count": 1,
        "connected_physical_pair_count": 1,
        "coordinate_method": "V6_LOCAL_EUM_VWORLD_EXACT_NAMED_FACILITY_POLYGON",
        "coordinate_tier": "GEO_C_STRONG_NAME_MATCH",
        "facility_type": "SUBSTATION",
        "fgn": "FGN0_000853",
        "highest_voltage_kv": 154,
        "hvdc_link_count": 0,
        "is_orphan": false,
        "legacy_gist_reference": false,
        "name": "청천",
        "nmi": "NMI000860",
        "voltage_band": "154",
        "voltage_classes": "154"
      },
      "type": "Feature"
    },
    {
      "geometry": {
        "coordinates": [
          128.8625843,
          35.9500402
        ],
        "type": "Point"
      },
      "properties": {
        "ac_pair_count": 4,
        "connected_physical_pair_count": 4,
        "coordinate_method": "LOCAL_OSM_PUBLIC_MAP_EXTRACT",
        "coordinate_tier": "GEO_C_STRONG_NAME_MATCH",
        "facility_type": "SUBSTATION",
        "fgn": "FGN0_000262",
        "highest_voltage_kv": 345,
        "hvdc_link_count": 0,
        "is_orphan": false,
        "legacy_gist_reference": false,
        "name": "청통",
        "nmi": "NMI000263",
        "voltage_band": "345",
        "voltage_classes": "154;345"
      },
      "type": "Feature"
    },
    {
      "geometry": {
        "coordinates": [
          127.42148678795554,
          37.72307865873697
        ],
        "type": "Point"
      },
      "properties": {
        "ac_pair_count": 3,
        "connected_physical_pair_count": 3,
        "coordinate_method": "Official exact-PNU parcel, EPSG:900913 to EPSG:5179 interior representative_point then EPSG:4326",
        "coordinate_tier": "GEO_B_FACILITY_SITE",
        "facility_type": "SUBSTATION",
        "fgn": "FGN0_000854",
        "highest_voltage_kv": 154,
        "hvdc_link_count": 0,
        "is_orphan": false,
        "legacy_gist_reference": false,
        "name": "청평수력",
        "nmi": "NMI000861",
        "voltage_band": "154",
        "voltage_classes": "154"
      },
      "type": "Feature"
    },
    {
      "geometry": {
        "coordinates": [
          127.48684847587425,
          37.74314232724407
        ],
        "type": "Point"
      },
      "properties": {
        "ac_pair_count": 2,
        "connected_physical_pair_count": 2,
        "coordinate_method": "Official exact-PNU parcel, EPSG:900913 to EPSG:5179 interior representative_point then EPSG:4326",
        "coordinate_tier": "GEO_B_FACILITY_SITE",
        "facility_type": "SUBSTATION",
        "fgn": "FGN0_000855",
        "highest_voltage_kv": 154,
        "hvdc_link_count": 0,
        "is_orphan": false,
        "legacy_gist_reference": false,
        "name": "청평양수",
        "nmi": "NMI000862",
        "voltage_band": "154",
        "voltage_classes": "154"
      },
      "type": "Feature"
    },
    {
      "geometry": {
        "coordinates": [
          129.3461559,
          36.1550641
        ],
        "type": "Point"
      },
      "properties": {
        "ac_pair_count": 2,
        "connected_physical_pair_count": 2,
        "coordinate_method": "LOCAL_OSM_PUBLIC_MAP_EXTRACT",
        "coordinate_tier": "GEO_C_STRONG_NAME_MATCH",
        "facility_type": "SUBSTATION",
        "fgn": "FGN0_000856",
        "highest_voltage_kv": 154,
        "hvdc_link_count": 0,
        "is_orphan": false,
        "legacy_gist_reference": false,
        "name": "청하",
        "nmi": "NMI000863",
        "voltage_band": "154",
        "voltage_classes": "154"
      },
      "type": "Feature"
    },
    {
      "geometry": {
        "coordinates": [
          128.6900732,
          35.4137948
        ],
        "type": "Point"
      },
      "properties": {
        "ac_pair_count": 4,
        "connected_physical_pair_count": 4,
        "coordinate_method": "LOCAL_OSM_PUBLIC_MAP_EXTRACT",
        "coordinate_tier": "GEO_C_STRONG_NAME_MATCH",
        "facility_type": "SUBSTATION",
        "fgn": "FGN0_000857",
        "highest_voltage_kv": 154,
        "hvdc_link_count": 0,
        "is_orphan": false,
        "legacy_gist_reference": false,
        "name": "초동",
        "nmi": "NMI000864",
        "voltage_band": "154",
        "voltage_classes": "154"
      },
      "type": "Feature"
    },
    {
      "geometry": {
        "coordinates": [
          127.2806456,
          37.3949365
        ],
        "type": "Point"
      },
      "properties": {
        "ac_pair_count": 2,
        "connected_physical_pair_count": 2,
        "coordinate_method": "LOCAL_OSM_PUBLIC_MAP_EXTRACT",
        "coordinate_tier": "GEO_C_STRONG_NAME_MATCH",
        "facility_type": "SUBSTATION",
        "fgn": "FGN0_000858",
        "highest_voltage_kv": 154,
        "hvdc_link_count": 0,
        "is_orphan": false,
        "legacy_gist_reference": false,
        "name": "초월",
        "nmi": "NMI000865",
        "voltage_band": "154",
        "voltage_classes": "154"
      },
      "type": "Feature"
    },
    {
      "geometry": {
        "coordinates": [
          127.6096453,
          36.7258291
        ],
        "type": "Point"
      },
      "properties": {
        "ac_pair_count": 2,
        "connected_physical_pair_count": 2,
        "coordinate_method": "LOCAL_OSM_PUBLIC_MAP_EXTRACT",
        "coordinate_tier": "GEO_C_STRONG_NAME_MATCH",
        "facility_type": "SUBSTATION",
        "fgn": "FGN0_000859",
        "highest_voltage_kv": 154,
        "hvdc_link_count": 0,
        "is_orphan": false,
        "legacy_gist_reference": false,
        "name": "초정",
        "nmi": "NMI000866",
        "voltage_band": "154",
        "voltage_classes": "154"
      },
      "type": "Feature"
    },
    {
      "geometry": {
        "coordinates": [
          127.4948983,
          36.2223376
        ],
        "type": "Point"
      },
      "properties": {
        "ac_pair_count": 2,
        "connected_physical_pair_count": 2,
        "coordinate_method": "LOCAL_OSM_PUBLIC_MAP_EXTRACT",
        "coordinate_tier": "GEO_C_STRONG_NAME_MATCH",
        "facility_type": "SUBSTATION",
        "fgn": "FGN0_000860",
        "highest_voltage_kv": 154,
        "hvdc_link_count": 0,
        "is_orphan": false,
        "legacy_gist_reference": false,
        "name": "추부",
        "nmi": "NMI000867",
        "voltage_band": "154",
        "voltage_classes": "154"
      },
      "type": "Feature"
    },
    {
      "geometry": {
        "coordinates": [
          127.0770555,
          36.96096
        ],
        "type": "Point"
      },
      "properties": {
        "ac_pair_count": 3,
        "connected_physical_pair_count": 3,
        "coordinate_method": "LOCAL_OSM_PUBLIC_MAP_EXTRACT",
        "coordinate_tier": "GEO_C_STRONG_NAME_MATCH",
        "facility_type": "SUBSTATION",
        "fgn": "FGN0_000861",
        "highest_voltage_kv": 154,
        "hvdc_link_count": 0,
        "is_orphan": false,
        "legacy_gist_reference": false,
        "name": "추팔",
        "nmi": "NMI000868",
        "voltage_band": "154",
        "voltage_classes": "154"
      },
      "type": "Feature"
    },
    {
      "geometry": {
        "coordinates": [
          127.75139143075754,
          37.88397024967706
        ],
        "type": "Point"
      },
      "properties": {
        "ac_pair_count": 2,
        "connected_physical_pair_count": 2,
        "coordinate_method": "Official exact-PNU parcel, EPSG:900913 to EPSG:5179 interior representative_point then EPSG:4326",
        "coordinate_tier": "GEO_B_FACILITY_SITE",
        "facility_type": "SUBSTATION",
        "fgn": "FGN0_000862",
        "highest_voltage_kv": 154,
        "hvdc_link_count": 0,
        "is_orphan": false,
        "legacy_gist_reference": false,
        "name": "춘천",
        "nmi": "NMI000869",
        "voltage_band": "154",
        "voltage_classes": "154"
      },
      "type": "Feature"
    },
    {
      "geometry": {
        "coordinates": [
          126.9084811,
          35.1513492
        ],
        "type": "Point"
      },
      "properties": {
        "ac_pair_count": 2,
        "connected_physical_pair_count": 2,
        "coordinate_method": "LOCAL_OSM_PUBLIC_MAP_EXTRACT",
        "coordinate_tier": "GEO_C_STRONG_NAME_MATCH",
        "facility_type": "SUBSTATION",
        "fgn": "FGN0_000863",
        "highest_voltage_kv": 154,
        "hvdc_link_count": 0,
        "is_orphan": false,
        "legacy_gist_reference": false,
        "name": "충장",
        "nmi": "NMI000870",
        "voltage_band": "154",
        "voltage_classes": "154"
      },
      "type": "Feature"
    },
    {
      "geometry": {
        "coordinates": [
          127.9199659279452,
          36.999808107517964
        ],
        "type": "Point"
      },
      "properties": {
        "ac_pair_count": 4,
        "connected_physical_pair_count": 4,
        "coordinate_method": "Official exact-PNU parcel, EPSG:900913 to EPSG:5179 interior representative_point then EPSG:4326",
        "coordinate_tier": "GEO_B_FACILITY_SITE",
        "facility_type": "SUBSTATION",
        "fgn": "FGN0_000864",
        "highest_voltage_kv": 154,
        "hvdc_link_count": 0,
        "is_orphan": false,
        "legacy_gist_reference": false,
        "name": "충주",
        "nmi": "NMI000871",
        "voltage_band": "154",
        "voltage_classes": "154"
      },
      "type": "Feature"
    },
    {
      "geometry": {
        "coordinates": [
          128.422079,
          35.9709127
        ],
        "type": "Point"
      },
      "properties": {
        "ac_pair_count": 2,
        "connected_physical_pair_count": 2,
        "coordinate_method": "LOCAL_OSM_PUBLIC_MAP_EXTRACT",
        "coordinate_tier": "GEO_C_STRONG_NAME_MATCH",
        "facility_type": "SUBSTATION",
        "fgn": "FGN0_000263",
        "highest_voltage_kv": 345,
        "hvdc_link_count": 0,
        "is_orphan": false,
        "legacy_gist_reference": false,
        "name": "칠곡",
        "nmi": "NMI000264",
        "voltage_band": "345",
        "voltage_classes": "154;345"
      },
      "type": "Feature"
    },
    {
      "geometry": {
        "coordinates": [
          127.009304,
          35.5972803
        ],
        "type": "Point"
      },
      "properties": {
        "ac_pair_count": 1,
        "connected_physical_pair_count": 1,
        "coordinate_method": "LOCAL_OSM_PUBLIC_MAP_EXTRACT",
        "coordinate_tier": "GEO_C_STRONG_NAME_MATCH",
        "facility_type": "SOURCE_SCOPED_UNRESOLVED",
        "fgn": "FGN0_000969",
        "highest_voltage_kv": 154,
        "hvdc_link_count": 0,
        "is_orphan": false,
        "legacy_gist_reference": false,
        "name": "칠보HP",
        "nmi": "",
        "voltage_band": "154",
        "voltage_classes": "154"
      },
      "type": "Feature"
    },
    {
      "geometry": {
        "coordinates": [
          128.4885452,
          35.3580234
        ],
        "type": "Point"
      },
      "properties": {
        "ac_pair_count": 2,
        "connected_physical_pair_count": 2,
        "coordinate_method": "LOCAL_OSM_PUBLIC_MAP_EXTRACT",
        "coordinate_tier": "GEO_C_STRONG_NAME_MATCH",
        "facility_type": "SUBSTATION",
        "fgn": "FGN0_000865",
        "highest_voltage_kv": 154,
        "hvdc_link_count": 0,
        "is_orphan": false,
        "legacy_gist_reference": false,
        "name": "칠서",
        "nmi": "NMI000872",
        "voltage_band": "154",
        "voltage_classes": "154"
      },
      "type": "Feature"
    },
    {
      "geometry": {
        "coordinates": [
          128.5913927,
          35.8926538
        ],
        "type": "Point"
      },
      "properties": {
        "ac_pair_count": 3,
        "connected_physical_pair_count": 3,
        "coordinate_method": "LOCAL_OSM_PUBLIC_MAP_EXTRACT",
        "coordinate_tier": "GEO_C_STRONG_NAME_MATCH",
        "facility_type": "SUBSTATION",
        "fgn": "FGN0_000866",
        "highest_voltage_kv": 154,
        "hvdc_link_count": 0,
        "is_orphan": false,
        "legacy_gist_reference": false,
        "name": "침산",
        "nmi": "NMI000873",
        "voltage_band": "154",
        "voltage_classes": "154"
      },
      "type": "Feature"
    },
    {
      "geometry": {
        "coordinates": [
          127.08961878211099,
          35.8653135297754
        ],
        "type": "Point"
      },
      "properties": {
        "ac_pair_count": 2,
        "connected_physical_pair_count": 2,
        "coordinate_method": "OFFLINE_APPROVED_OFFICIAL_FACILITY_SITE_GEOMETRY_REPLAY",
        "coordinate_tier": "GEO_B_FACILITY_SITE",
        "facility_type": "SOURCE_SCOPED_UNRESOLVED",
        "fgn": "FGN0_000970",
        "highest_voltage_kv": 154,
        "hvdc_link_count": 0,
        "is_orphan": false,
        "legacy_gist_reference": false,
        "name": "탄소SS",
        "nmi": "",
        "voltage_band": "154",
        "voltage_classes": "154"
      },
      "type": "Feature"
    },
    {
      "geometry": {
        "coordinates": [
          127.06332155456906,
          37.51230212656703
        ],
        "type": "Point"
      },
      "properties": {
        "ac_pair_count": 1,
        "connected_physical_pair_count": 1,
        "coordinate_method": "OFFLINE_APPROVED_OFFICIAL_FACILITY_SITE_GEOMETRY_REPLAY",
        "coordinate_tier": "GEO_B_FACILITY_SITE",
        "facility_type": "SOURCE_SCOPED_UNRESOLVED",
        "fgn": "FGN0_000971",
        "highest_voltage_kv": 154,
        "hvdc_link_count": 0,
        "is_orphan": false,
        "legacy_gist_reference": false,
        "name": "탄천SS",
        "nmi": "",
        "voltage_band": "154",
        "voltage_classes": "154"
      },
      "type": "Feature"
    },
    {
      "geometry": {
        "coordinates": [
          127.0601749,
          36.8271863
        ],
        "type": "Point"
      },
      "properties": {
        "ac_pair_count": 3,
        "connected_physical_pair_count": 3,
        "coordinate_method": "LOCAL_OSM_PUBLIC_MAP_EXTRACT",
        "coordinate_tier": "GEO_C_STRONG_NAME_MATCH",
        "facility_type": "SUBSTATION",
        "fgn": "FGN0_000264",
        "highest_voltage_kv": 345,
        "hvdc_link_count": 0,
        "is_orphan": false,
        "legacy_gist_reference": false,
        "name": "탕정",
        "nmi": "NMI000265",
        "voltage_band": "345",
        "voltage_classes": "154;345"
      },
      "type": "Feature"
    },
    {
      "geometry": {
        "coordinates": [
          127.7501831,
          34.9407863
        ],
        "type": "Point"
      },
      "properties": {
        "ac_pair_count": 3,
        "connected_physical_pair_count": 3,
        "coordinate_method": "LOCAL_OSM_PUBLIC_MAP_EXTRACT",
        "coordinate_tier": "GEO_C_STRONG_NAME_MATCH",
        "facility_type": "SUBSTATION",
        "fgn": "FGN0_000265",
        "highest_voltage_kv": 345,
        "hvdc_link_count": 0,
        "is_orphan": false,
        "legacy_gist_reference": false,
        "name": "태금",
        "nmi": "NMI000266",
        "voltage_band": "345",
        "voltage_classes": "154;345"
      },
      "type": "Feature"
    },
    {
      "geometry": {
        "coordinates": [
          128.9838697,
          37.156884
        ],
        "type": "Point"
      },
      "properties": {
        "ac_pair_count": 6,
        "connected_physical_pair_count": 6,
        "coordinate_method": "LOCAL_OSM_PUBLIC_MAP_EXTRACT",
        "coordinate_tier": "GEO_C_STRONG_NAME_MATCH",
        "facility_type": "SUBSTATION",
        "fgn": "FGN0_000867",
        "highest_voltage_kv": 154,
        "hvdc_link_count": 0,
        "is_orphan": false,
        "legacy_gist_reference": false,
        "name": "태백",
        "nmi": "NMI000874",
        "voltage_band": "154",
        "voltage_classes": "154"
      },
      "type": "Feature"
    },
    {
      "geometry": {
        "coordinates": [
          126.28759153932589,
          36.742271544442396
        ],
        "type": "Point"
      },
      "properties": {
        "ac_pair_count": 3,
        "connected_physical_pair_count": 3,
        "coordinate_method": "Official exact-PNU parcel, EPSG:900913 to EPSG:5179 interior representative_point then EPSG:4326",
        "coordinate_tier": "GEO_B_FACILITY_SITE",
        "facility_type": "SUBSTATION",
        "fgn": "FGN0_000266",
        "highest_voltage_kv": 154,
        "hvdc_link_count": 0,
        "is_orphan": false,
        "legacy_gist_reference": false,
        "name": "태안",
        "nmi": "NMI000267",
        "voltage_band": "154",
        "voltage_classes": "154"
      },
      "type": "Feature"
    },
    {
      "geometry": {
        "coordinates": [
          126.23078812935461,
          36.90374456620991
        ],
        "type": "Point"
      },
      "properties": {
        "ac_pair_count": 5,
        "connected_physical_pair_count": 5,
        "coordinate_method": "Official exact-PNU parcel, EPSG:900913 to EPSG:5179 interior representative_point then EPSG:4326",
        "coordinate_tier": "GEO_B_FACILITY_SITE",
        "facility_type": "PLANT_SWITCHYARD",
        "fgn": "FGN0_000267",
        "highest_voltage_kv": 345,
        "hvdc_link_count": 0,
        "is_orphan": false,
        "legacy_gist_reference": false,
        "name": "태안화력",
        "nmi": "NMI000268",
        "voltage_band": "345",
        "voltage_classes": "22;154;345"
      },
      "type": "Feature"
    },
    {
      "geometry": {
        "coordinates": [
          127.1337938,
          35.8243724
        ],
        "type": "Point"
      },
      "properties": {
        "ac_pair_count": 2,
        "connected_physical_pair_count": 2,
        "coordinate_method": "LOCAL_OSM_PUBLIC_MAP_EXTRACT",
        "coordinate_tier": "GEO_C_STRONG_NAME_MATCH",
        "facility_type": "SUBSTATION",
        "fgn": "FGN0_000868",
        "highest_voltage_kv": 154,
        "hvdc_link_count": 0,
        "is_orphan": false,
        "legacy_gist_reference": false,
        "name": "태평",
        "nmi": "NMI000875",
        "voltage_band": "154",
        "voltage_classes": "154"
      },
      "type": "Feature"
    },
    {
      "geometry": {
        "coordinates": [
          129.2901813,
          35.5619253
        ],
        "type": "Point"
      },
      "properties": {
        "ac_pair_count": 2,
        "connected_physical_pair_count": 2,
        "coordinate_method": "LOCAL_OSM_PUBLIC_MAP_EXTRACT",
        "coordinate_tier": "GEO_C_STRONG_NAME_MATCH",
        "facility_type": "SUBSTATION",
        "fgn": "FGN0_000869",
        "highest_voltage_kv": 154,
        "hvdc_link_count": 0,
        "is_orphan": false,
        "legacy_gist_reference": false,
        "name": "태화",
        "nmi": "NMI000876",
        "voltage_band": "154",
        "voltage_classes": "154"
      },
      "type": "Feature"
    },
    {
      "geometry": {
        "coordinates": [
          128.43249978751194,
          34.84817431488467
        ],
        "type": "Point"
      },
      "properties": {
        "ac_pair_count": 3,
        "connected_physical_pair_count": 3,
        "coordinate_method": "Official exact-PNU parcel, EPSG:900913 to EPSG:5179 interior representative_point then EPSG:4326",
        "coordinate_tier": "GEO_B_FACILITY_SITE",
        "facility_type": "SUBSTATION",
        "fgn": "FGN0_000870",
        "highest_voltage_kv": 154,
        "hvdc_link_count": 0,
        "is_orphan": false,
        "legacy_gist_reference": false,
        "name": "통영",
        "nmi": "NMI000877",
        "voltage_band": "154",
        "voltage_classes": "154"
      },
      "type": "Feature"
    },
    {
      "geometry": {
        "coordinates": [
          126.59093415782235,
          37.688155898531576
        ],
        "type": "Point"
      },
      "properties": {
        "ac_pair_count": 1,
        "connected_physical_pair_count": 1,
        "coordinate_method": "Official exact-PNU parcel, EPSG:900913 to EPSG:5179 interior representative_point then EPSG:4326",
        "coordinate_tier": "GEO_B_FACILITY_SITE",
        "facility_type": "SUBSTATION",
        "fgn": "FGN0_000871",
        "highest_voltage_kv": 154,
        "hvdc_link_count": 0,
        "is_orphan": false,
        "legacy_gist_reference": false,
        "name": "통진",
        "nmi": "NMI000878",
        "voltage_band": "154",
        "voltage_classes": "154"
      },
      "type": "Feature"
    },
    {
      "geometry": {
        "coordinates": [
          126.78578840508021,
          37.83099676435944
        ],
        "type": "Point"
      },
      "properties": {
        "ac_pair_count": 2,
        "connected_physical_pair_count": 2,
        "coordinate_method": "OFFLINE_APPROVED_OFFICIAL_FACILITY_SITE_GEOMETRY_REPLAY",
        "coordinate_tier": "GEO_B_FACILITY_SITE",
        "facility_type": "PLANT_SWITCHYARD",
        "fgn": "FGN0_000269",
        "highest_voltage_kv": 345,
        "hvdc_link_count": 0,
        "is_orphan": false,
        "legacy_gist_reference": false,
        "name": "파주문산",
        "nmi": "NMI000270",
        "voltage_band": "345",
        "voltage_classes": "345"
      },
      "type": "Feature"
    },
    {
      "geometry": {
        "coordinates": [
          126.78578840508021,
          37.83099676435944
        ],
        "type": "Point"
      },
      "properties": {
        "ac_pair_count": 2,
        "connected_physical_pair_count": 2,
        "coordinate_method": "OFFLINE_APPROVED_OFFICIAL_FACILITY_SITE_GEOMETRY_REPLAY",
        "coordinate_tier": "GEO_B_FACILITY_SITE",
        "facility_type": "PLANT_SWITCHYARD",
        "fgn": "FGN0_000270",
        "highest_voltage_kv": 345,
        "hvdc_link_count": 0,
        "is_orphan": false,
        "legacy_gist_reference": false,
        "name": "파주문산CC",
        "nmi": "NMI000271",
        "voltage_band": "345",
        "voltage_classes": "345"
      },
      "type": "Feature"
    },
    {
      "geometry": {
        "coordinates": [
          126.78578840508021,
          37.83099676435944
        ],
        "type": "Point"
      },
      "properties": {
        "ac_pair_count": 1,
        "connected_physical_pair_count": 1,
        "coordinate_method": "OFFLINE_APPROVED_OFFICIAL_FACILITY_SITE_GEOMETRY_REPLAY",
        "coordinate_tier": "GEO_B_FACILITY_SITE",
        "facility_type": "PLANT_SWITCHYARD",
        "fgn": "FGN0_000271",
        "highest_voltage_kv": 345,
        "hvdc_link_count": 0,
        "is_orphan": false,
        "legacy_gist_reference": false,
        "name": "파주발전소",
        "nmi": "NMI000272",
        "voltage_band": "345",
        "voltage_classes": "345"
      },
      "type": "Feature"
    },
    {
      "geometry": {
        "coordinates": [
          128.535319,
          35.8789245
        ],
        "type": "Point"
      },
      "properties": {
        "ac_pair_count": 4,
        "connected_physical_pair_count": 4,
        "coordinate_method": "LOCAL_OSM_PUBLIC_MAP_EXTRACT",
        "coordinate_tier": "GEO_C_STRONG_NAME_MATCH",
        "facility_type": "SUBSTATION",
        "fgn": "FGN0_000872",
        "highest_voltage_kv": 154,
        "hvdc_link_count": 0,
        "is_orphan": false,
        "legacy_gist_reference": false,
        "name": "팔달",
        "nmi": "NMI000879",
        "voltage_band": "154",
        "voltage_classes": "154"
      },
      "type": "Feature"
    },
    {
      "geometry": {
        "coordinates": [
          127.2838762251283,
          37.527717037382224
        ],
        "type": "Point"
      },
      "properties": {
        "ac_pair_count": 1,
        "connected_physical_pair_count": 1,
        "coordinate_method": "Shapely representative_point of official exact-address building geometry union in EPSG:5179; pyproj always_xy to EPSG:4326",
        "coordinate_tier": "GEO_B_FACILITY_SITE",
        "facility_type": "SUBSTATION",
        "fgn": "FGN0_000873",
        "highest_voltage_kv": 154,
        "hvdc_link_count": 0,
        "is_orphan": false,
        "legacy_gist_reference": false,
        "name": "팔당수력",
        "nmi": "NMI000880",
        "voltage_band": "154",
        "voltage_classes": "154"
      },
      "type": "Feature"
    },
    {
      "geometry": {
        "coordinates": [
          126.999965,
          35.9567474
        ],
        "type": "Point"
      },
      "properties": {
        "ac_pair_count": 3,
        "connected_physical_pair_count": 3,
        "coordinate_method": "LOCAL_OSM_PUBLIC_MAP_EXTRACT",
        "coordinate_tier": "GEO_C_STRONG_NAME_MATCH",
        "facility_type": "SUBSTATION",
        "fgn": "FGN0_000874",
        "highest_voltage_kv": 154,
        "hvdc_link_count": 0,
        "is_orphan": false,
        "legacy_gist_reference": false,
        "name": "팔봉",
        "nmi": "NMI000881",
        "voltage_band": "154",
        "voltage_classes": "154"
      },
      "type": "Feature"
    },
    {
      "geometry": {
        "coordinates": [
          127.0677654,
          36.9692467
        ],
        "type": "Point"
      },
      "properties": {
        "ac_pair_count": 1,
        "connected_physical_pair_count": 1,
        "coordinate_method": "LOCAL_OSM_PUBLIC_MAP_EXTRACT",
        "coordinate_tier": "GEO_C_STRONG_NAME_MATCH",
        "facility_type": "SUBSTATION",
        "fgn": "FGN0_000875",
        "highest_voltage_kv": 154,
        "hvdc_link_count": 0,
        "is_orphan": false,
        "legacy_gist_reference": false,
        "name": "팽성",
        "nmi": "NMI000882",
        "voltage_band": "154",
        "voltage_classes": "154"
      },
      "type": "Feature"
    },
    {
      "geometry": {
        "coordinates": [
          126.7545644,
          35.1339419
        ],
        "type": "Point"
      },
      "properties": {
        "ac_pair_count": 6,
        "connected_physical_pair_count": 6,
        "coordinate_method": "LOCAL_OSM_PUBLIC_MAP_EXTRACT",
        "coordinate_tier": "GEO_C_STRONG_NAME_MATCH",
        "facility_type": "SUBSTATION",
        "fgn": "FGN0_000876",
        "highest_voltage_kv": 154,
        "hvdc_link_count": 0,
        "is_orphan": false,
        "legacy_gist_reference": false,
        "name": "평동",
        "nmi": "NMI000883",
        "voltage_band": "154",
        "voltage_classes": "154"
      },
      "type": "Feature"
    },
    {
      "geometry": {
        "coordinates": [
          128.4353024,
          37.5601222
        ],
        "type": "Point"
      },
      "properties": {
        "ac_pair_count": 3,
        "connected_physical_pair_count": 3,
        "coordinate_method": "LOCAL_OSM_PUBLIC_MAP_EXTRACT",
        "coordinate_tier": "GEO_C_STRONG_NAME_MATCH",
        "facility_type": "SUBSTATION",
        "fgn": "FGN0_000877",
        "highest_voltage_kv": 154,
        "hvdc_link_count": 0,
        "is_orphan": false,
        "legacy_gist_reference": false,
        "name": "평창",
        "nmi": "NMI000884",
        "voltage_band": "154",
        "voltage_classes": "154"
      },
      "type": "Feature"
    },
    {
      "geometry": {
        "coordinates": [
          126.9544081,
          37.4001483
        ],
        "type": "Point"
      },
      "properties": {
        "ac_pair_count": 2,
        "connected_physical_pair_count": 2,
        "coordinate_method": "LOCAL_OSM_PUBLIC_MAP_EXTRACT",
        "coordinate_tier": "GEO_C_STRONG_NAME_MATCH",
        "facility_type": "SUBSTATION",
        "fgn": "FGN0_000878",
        "highest_voltage_kv": 154,
        "hvdc_link_count": 0,
        "is_orphan": false,
        "legacy_gist_reference": false,
        "name": "평촌",
        "nmi": "NMI000885",
        "voltage_band": "154",
        "voltage_classes": "154"
      },
      "type": "Feature"
    },
    {
      "geometry": {
        "coordinates": [
          127.0212129368912,
          37.03027825595318
        ],
        "type": "Point"
      },
      "properties": {
        "ac_pair_count": 5,
        "connected_physical_pair_count": 5,
        "coordinate_method": "Official exact-PNU parcel, EPSG:900913 to EPSG:5179 interior representative_point then EPSG:4326",
        "coordinate_tier": "GEO_B_FACILITY_SITE",
        "facility_type": "SUBSTATION",
        "fgn": "FGN0_000272",
        "highest_voltage_kv": 154,
        "hvdc_link_count": 0,
        "is_orphan": false,
        "legacy_gist_reference": false,
        "name": "평택",
        "nmi": "NMI000273",
        "voltage_band": "154",
        "voltage_classes": "154"
      },
      "type": "Feature"
    },
    {
      "geometry": {
        "coordinates": [
          126.7963397,
          37.0052173
        ],
        "type": "Point"
      },
      "properties": {
        "ac_pair_count": 3,
        "connected_physical_pair_count": 3,
        "coordinate_method": "LOCAL_OSM_PUBLIC_MAP_EXTRACT",
        "coordinate_tier": "GEO_C_STRONG_NAME_MATCH",
        "facility_type": "PLANT_SWITCHYARD",
        "fgn": "FGN0_000273",
        "highest_voltage_kv": 345,
        "hvdc_link_count": 0,
        "is_orphan": false,
        "legacy_gist_reference": false,
        "name": "평택TP",
        "nmi": "NMI000274",
        "voltage_band": "345",
        "voltage_classes": "154;345"
      },
      "type": "Feature"
    },
    {
      "geometry": {
        "coordinates": [
          129.4404855,
          36.7072609
        ],
        "type": "Point"
      },
      "properties": {
        "ac_pair_count": 4,
        "connected_physical_pair_count": 4,
        "coordinate_method": "LOCAL_OSM_PUBLIC_MAP_EXTRACT",
        "coordinate_tier": "GEO_C_STRONG_NAME_MATCH",
        "facility_type": "SUBSTATION",
        "fgn": "FGN0_000879",
        "highest_voltage_kv": 154,
        "hvdc_link_count": 0,
        "is_orphan": false,
        "legacy_gist_reference": false,
        "name": "평해",
        "nmi": "NMI000886",
        "voltage_band": "154",
        "voltage_classes": "154"
      },
      "type": "Feature"
    },
    {
      "geometry": {
        "coordinates": [
          129.39255,
          35.99761
        ],
        "type": "Point"
      },
      "properties": {
        "ac_pair_count": 1,
        "connected_physical_pair_count": 1,
        "coordinate_method": "GIST_V6_SYNTHETIC_REFERENCE_COORDINATES",
        "coordinate_tier": "GEO_G_GIST_REFERENCE",
        "facility_type": "PLANT_SWITCHYARD",
        "fgn": "FGN0_000274",
        "highest_voltage_kv": 345,
        "hvdc_link_count": 0,
        "is_orphan": false,
        "legacy_gist_reference": true,
        "name": "포스코",
        "nmi": "NMI000275",
        "voltage_band": "345",
        "voltage_classes": "345"
      },
      "type": "Feature"
    },
    {
      "geometry": {
        "coordinates": [
          126.61683077460214,
          37.50847484267035
        ],
        "type": "Point"
      },
      "properties": {
        "ac_pair_count": 3,
        "connected_physical_pair_count": 3,
        "coordinate_method": "OFFLINE_APPROVED_OFFICIAL_FACILITY_SITE_GEOMETRY_REPLAY",
        "coordinate_tier": "GEO_B_FACILITY_SITE",
        "facility_type": "PLANT_SWITCHYARD",
        "fgn": "FGN0_000275",
        "highest_voltage_kv": 345,
        "hvdc_link_count": 0,
        "is_orphan": false,
        "legacy_gist_reference": false,
        "name": "포스코S/Y",
        "nmi": "NMI000276",
        "voltage_band": "345",
        "voltage_classes": "345"
      },
      "type": "Feature"
    },
    {
      "geometry": {
        "coordinates": [
          126.8943072,
          36.9880588
        ],
        "type": "Point"
      },
      "properties": {
        "ac_pair_count": 4,
        "connected_physical_pair_count": 4,
        "coordinate_method": "LOCAL_OSM_PUBLIC_MAP_EXTRACT",
        "coordinate_tier": "GEO_C_STRONG_NAME_MATCH",
        "facility_type": "SUBSTATION",
        "fgn": "FGN0_000277",
        "highest_voltage_kv": 345,
        "hvdc_link_count": 0,
        "is_orphan": false,
        "legacy_gist_reference": false,
        "name": "포승",
        "nmi": "NMI000278",
        "voltage_band": "345",
        "voltage_classes": "154;345"
      },
      "type": "Feature"
    },
    {
      "geometry": {
        "coordinates": [
          127.22058134239693,
          37.91763900937004
        ],
        "type": "Point"
      },
      "properties": {
        "ac_pair_count": 4,
        "connected_physical_pair_count": 4,
        "coordinate_method": "Official exact-PNU parcel, EPSG:900913 to EPSG:5179 interior representative_point then EPSG:4326",
        "coordinate_tier": "GEO_B_FACILITY_SITE",
        "facility_type": "SUBSTATION",
        "fgn": "FGN0_000278",
        "highest_voltage_kv": 154,
        "hvdc_link_count": 0,
        "is_orphan": false,
        "legacy_gist_reference": false,
        "name": "포천",
        "nmi": "NMI000279",
        "voltage_band": "154",
        "voltage_classes": "154"
      },
      "type": "Feature"
    },
    {
      "geometry": {
        "coordinates": [
          127.1661877,
          37.9899409
        ],
        "type": "Point"
      },
      "properties": {
        "ac_pair_count": 1,
        "connected_physical_pair_count": 1,
        "coordinate_method": "LOCAL_OSM_PUBLIC_MAP_EXTRACT",
        "coordinate_tier": "GEO_C_STRONG_NAME_MATCH",
        "facility_type": "PLANT_SWITCHYARD",
        "fgn": "FGN0_000279",
        "highest_voltage_kv": 345,
        "hvdc_link_count": 0,
        "is_orphan": false,
        "legacy_gist_reference": false,
        "name": "포천CC",
        "nmi": "NMI000280",
        "voltage_band": "345",
        "voltage_classes": "345"
      },
      "type": "Feature"
    },
    {
      "geometry": {
        "coordinates": [
          129.3700235,
          35.9830043
        ],
        "type": "Point"
      },
      "properties": {
        "ac_pair_count": 4,
        "connected_physical_pair_count": 4,
        "coordinate_method": "LOCAL_OSM_PUBLIC_MAP_EXTRACT",
        "coordinate_tier": "GEO_C_STRONG_NAME_MATCH",
        "facility_type": "SUBSTATION",
        "fgn": "FGN0_000880",
        "highest_voltage_kv": 154,
        "hvdc_link_count": 0,
        "is_orphan": false,
        "legacy_gist_reference": false,
        "name": "포항",
        "nmi": "NMI000887",
        "voltage_band": "154",
        "voltage_classes": "154"
      },
      "type": "Feature"
    },
    {
      "geometry": {
        "coordinates": [
          126.7801850624624,
          33.369122549364796
        ],
        "type": "Point"
      },
      "properties": {
        "ac_pair_count": 1,
        "connected_physical_pair_count": 1,
        "coordinate_method": "Official exact-PNU parcel, EPSG:900913 to EPSG:5179 interior representative_point then EPSG:4326",
        "coordinate_tier": "GEO_B_FACILITY_SITE",
        "facility_type": "SUBSTATION",
        "fgn": "FGN0_000881",
        "highest_voltage_kv": 154,
        "hvdc_link_count": 0,
        "is_orphan": false,
        "legacy_gist_reference": false,
        "name": "표선",
        "nmi": "NMI000888",
        "voltage_band": "154",
        "voltage_classes": "154"
      },
      "type": "Feature"
    },
    {
      "geometry": {
        "coordinates": [
          127.1124893,
          37.526741
        ],
        "type": "Point"
      },
      "properties": {
        "ac_pair_count": 2,
        "connected_physical_pair_count": 2,
        "coordinate_method": "LOCAL_OSM_PUBLIC_MAP_EXTRACT",
        "coordinate_tier": "GEO_C_STRONG_NAME_MATCH",
        "facility_type": "SUBSTATION",
        "fgn": "FGN0_000882",
        "highest_voltage_kv": 154,
        "hvdc_link_count": 0,
        "is_orphan": false,
        "legacy_gist_reference": false,
        "name": "풍납",
        "nmi": "NMI000889",
        "voltage_band": "154",
        "voltage_classes": "154"
      },
      "type": "Feature"
    },
    {
      "geometry": {
        "coordinates": [
          127.8968707,
          36.932843
        ],
        "type": "Point"
      },
      "properties": {
        "ac_pair_count": 3,
        "connected_physical_pair_count": 3,
        "coordinate_method": "LOCAL_OSM_PUBLIC_MAP_EXTRACT",
        "coordinate_tier": "GEO_C_STRONG_NAME_MATCH",
        "facility_type": "SUBSTATION",
        "fgn": "FGN0_000883",
        "highest_voltage_kv": 154,
        "hvdc_link_count": 0,
        "is_orphan": false,
        "legacy_gist_reference": false,
        "name": "풍동",
        "nmi": "NMI000890",
        "voltage_band": "154",
        "voltage_classes": "154"
      },
      "type": "Feature"
    },
    {
      "geometry": {
        "coordinates": [
          128.5475357,
          36.5962656
        ],
        "type": "Point"
      },
      "properties": {
        "ac_pair_count": 4,
        "connected_physical_pair_count": 4,
        "coordinate_method": "LOCAL_OSM_PUBLIC_MAP_EXTRACT",
        "coordinate_tier": "GEO_C_STRONG_NAME_MATCH",
        "facility_type": "SUBSTATION",
        "fgn": "FGN0_000884",
        "highest_voltage_kv": 154,
        "hvdc_link_count": 0,
        "is_orphan": false,
        "legacy_gist_reference": false,
        "name": "풍산",
        "nmi": "NMI000891",
        "voltage_band": "154",
        "voltage_classes": "154"
      },
      "type": "Feature"
    },
    {
      "geometry": {
        "coordinates": [
          127.1039245,
          36.7352545
        ],
        "type": "Point"
      },
      "properties": {
        "ac_pair_count": 2,
        "connected_physical_pair_count": 2,
        "coordinate_method": "LOCAL_OSM_PUBLIC_MAP_EXTRACT",
        "coordinate_tier": "GEO_C_STRONG_NAME_MATCH",
        "facility_type": "SUBSTATION",
        "fgn": "FGN0_000885",
        "highest_voltage_kv": 154,
        "hvdc_link_count": 0,
        "is_orphan": false,
        "legacy_gist_reference": false,
        "name": "풍세",
        "nmi": "NMI000892",
        "voltage_band": "154",
        "voltage_classes": "154"
      },
      "type": "Feature"
    },
    {
      "geometry": {
        "coordinates": [
          128.47961897384639,
          36.56151461227825
        ],
        "type": "Point"
      },
      "properties": {
        "ac_pair_count": 1,
        "connected_physical_pair_count": 1,
        "coordinate_method": "V8_EXACT_OFFICIAL_PARCEL_PLUS_CURRENT_EUM_VWORLD_POLYGON_INTERIOR_POINT",
        "coordinate_tier": "GEO_B_OFFICIAL_ADDRESS",
        "facility_type": "SUBSTATION",
        "fgn": "FGN0_000282",
        "highest_voltage_kv": 345,
        "hvdc_link_count": 0,
        "is_orphan": false,
        "legacy_gist_reference": false,
        "name": "풍천",
        "nmi": "NMI000283",
        "voltage_band": "345",
        "voltage_classes": "345"
      },
      "type": "Feature"
    },
    {
      "geometry": {
        "coordinates": [
          126.796555,
          35.2069284
        ],
        "type": "Point"
      },
      "properties": {
        "ac_pair_count": 5,
        "connected_physical_pair_count": 5,
        "coordinate_method": "LOCAL_OSM_PUBLIC_MAP_EXTRACT",
        "coordinate_tier": "GEO_C_STRONG_NAME_MATCH",
        "facility_type": "SUBSTATION",
        "fgn": "FGN0_000886",
        "highest_voltage_kv": 154,
        "hvdc_link_count": 0,
        "is_orphan": false,
        "legacy_gist_reference": false,
        "name": "하남",
        "nmi": "NMI000893",
        "voltage_band": "154",
        "voltage_classes": "154"
      },
      "type": "Feature"
    },
    {
      "geometry": {
        "coordinates": [
          127.77753535403687,
          35.076680003895774
        ],
        "type": "Point"
      },
      "properties": {
        "ac_pair_count": 5,
        "connected_physical_pair_count": 5,
        "coordinate_method": "Official exact-PNU parcel, EPSG:900913 to EPSG:5179 interior representative_point then EPSG:4326",
        "coordinate_tier": "GEO_B_FACILITY_SITE",
        "facility_type": "UNRESOLVED",
        "fgn": "FGN0_000283",
        "highest_voltage_kv": 345,
        "hvdc_link_count": 0,
        "is_orphan": false,
        "legacy_gist_reference": false,
        "name": "하동",
        "nmi": "NMI000284",
        "voltage_band": "345",
        "voltage_classes": "154;345"
      },
      "type": "Feature"
    },
    {
      "geometry": {
        "coordinates": [
          127.8210401,
          34.9512435
        ],
        "type": "Point"
      },
      "properties": {
        "ac_pair_count": 4,
        "connected_physical_pair_count": 4,
        "coordinate_method": "LOCAL_OSM_PUBLIC_MAP_EXTRACT",
        "coordinate_tier": "GEO_C_STRONG_NAME_MATCH",
        "facility_type": "PLANT_SWITCHYARD",
        "fgn": "FGN0_000284",
        "highest_voltage_kv": 345,
        "hvdc_link_count": 0,
        "is_orphan": false,
        "legacy_gist_reference": false,
        "name": "하동TP",
        "nmi": "NMI000285",
        "voltage_band": "345",
        "voltage_classes": "22;154;345"
      },
      "type": "Feature"
    },
    {
      "geometry": {
        "coordinates": [
          128.7927496,
          35.9180678
        ],
        "type": "Point"
      },
      "properties": {
        "ac_pair_count": 5,
        "connected_physical_pair_count": 5,
        "coordinate_method": "LOCAL_OSM_PUBLIC_MAP_EXTRACT",
        "coordinate_tier": "GEO_C_STRONG_NAME_MATCH",
        "facility_type": "SUBSTATION",
        "fgn": "FGN0_000887",
        "highest_voltage_kv": 154,
        "hvdc_link_count": 0,
        "is_orphan": false,
        "legacy_gist_reference": false,
        "name": "하양",
        "nmi": "NMI000894",
        "voltage_band": "154",
        "voltage_classes": "154"
      },
      "type": "Feature"
    },
    {
      "geometry": {
        "coordinates": [
          126.6474398,
          37.4372722
        ],
        "type": "Point"
      },
      "properties": {
        "ac_pair_count": 2,
        "connected_physical_pair_count": 2,
        "coordinate_method": "LOCAL_OSM_PUBLIC_MAP_EXTRACT",
        "coordinate_tier": "GEO_C_STRONG_NAME_MATCH",
        "facility_type": "SUBSTATION",
        "fgn": "FGN0_000888",
        "highest_voltage_kv": 154,
        "hvdc_link_count": 0,
        "is_orphan": false,
        "legacy_gist_reference": false,
        "name": "학익",
        "nmi": "NMI000895",
        "voltage_band": "154",
        "voltage_classes": "154"
      },
      "type": "Feature"
    },
    {
      "geometry": {
        "coordinates": [
          128.99514942741354,
          35.14785257475343
        ],
        "type": "Point"
      },
      "properties": {
        "ac_pair_count": 2,
        "connected_physical_pair_count": 2,
        "coordinate_method": "V13_EXACT_SITE_GEOMETRY_BRIDGE_CLOSURE",
        "coordinate_tier": "GEO_B_OFFICIAL_ADDRESS",
        "facility_type": "SUBSTATION",
        "fgn": "FGN0_000889",
        "highest_voltage_kv": 154,
        "hvdc_link_count": 0,
        "is_orphan": false,
        "legacy_gist_reference": false,
        "name": "학장",
        "nmi": "NMI000896",
        "voltage_band": "154",
        "voltage_classes": "154"
      },
      "type": "Feature"
    },
    {
      "geometry": {
        "coordinates": [
          126.9997625,
          37.5352173
        ],
        "type": "Point"
      },
      "properties": {
        "ac_pair_count": 2,
        "connected_physical_pair_count": 2,
        "coordinate_method": "LOCAL_OSM_PUBLIC_MAP_EXTRACT",
        "coordinate_tier": "GEO_C_STRONG_NAME_MATCH",
        "facility_type": "SUBSTATION",
        "fgn": "FGN0_000890",
        "highest_voltage_kv": 154,
        "hvdc_link_count": 0,
        "is_orphan": false,
        "legacy_gist_reference": false,
        "name": "한남",
        "nmi": "NMI000897",
        "voltage_band": "154",
        "voltage_classes": "154"
      },
      "type": "Feature"
    },
    {
      "geometry": {
        "coordinates": [
          126.63872034916584,
          33.27623179982831
        ],
        "type": "Point"
      },
      "properties": {
        "ac_pair_count": 1,
        "connected_physical_pair_count": 1,
        "coordinate_method": "Official exact-PNU parcel, EPSG:900913 to EPSG:5179 interior representative_point then EPSG:4326",
        "coordinate_tier": "GEO_B_FACILITY_SITE",
        "facility_type": "SUBSTATION",
        "fgn": "FGN0_000891",
        "highest_voltage_kv": 154,
        "hvdc_link_count": 0,
        "is_orphan": false,
        "legacy_gist_reference": false,
        "name": "한라",
        "nmi": "NMI000898",
        "voltage_band": "154",
        "voltage_classes": "154"
      },
      "type": "Feature"
    },
    {
      "geometry": {
        "coordinates": [
          126.27225690054927,
          33.40262193993969
        ],
        "type": "Point"
      },
      "properties": {
        "ac_pair_count": 2,
        "connected_physical_pair_count": 2,
        "coordinate_method": "Official exact-PNU parcel, EPSG:900913 to EPSG:5179 interior representative_point then EPSG:4326",
        "coordinate_tier": "GEO_B_FACILITY_SITE",
        "facility_type": "SUBSTATION",
        "fgn": "FGN0_000892",
        "highest_voltage_kv": 154,
        "hvdc_link_count": 0,
        "is_orphan": false,
        "legacy_gist_reference": false,
        "name": "한림",
        "nmi": "NMI000899",
        "voltage_band": "154",
        "voltage_classes": "154"
      },
      "type": "Feature"
    },
    {
      "geometry": {
        "coordinates": [
          128.8036688,
          35.2919297
        ],
        "type": "Point"
      },
      "properties": {
        "ac_pair_count": 2,
        "connected_physical_pair_count": 2,
        "coordinate_method": "LOCAL_OSM_PUBLIC_MAP_EXTRACT",
        "coordinate_tier": "GEO_C_STRONG_NAME_MATCH",
        "facility_type": "SUBSTATION",
        "fgn": "FGN0_000894",
        "highest_voltage_kv": 154,
        "hvdc_link_count": 0,
        "is_orphan": false,
        "legacy_gist_reference": false,
        "name": "한림정",
        "nmi": "NMI000901",
        "voltage_band": "154",
        "voltage_classes": "154"
      },
      "type": "Feature"
    },
    {
      "geometry": {
        "coordinates": [
          126.27216256030827,
          33.40258928708738
        ],
        "type": "Point"
      },
      "properties": {
        "ac_pair_count": 0,
        "connected_physical_pair_count": 0,
        "coordinate_method": "V43_KEPCO_KPX_KOSPO_IDENTITY_BRIDGE_PLUS_MOIS_EXACT_ADDRESS_BUILDINGS_PLUS_VWORLD_UQU510_FACILITY_SITE",
        "coordinate_tier": "GEO_B_FACILITY_SITE",
        "facility_type": "SUBSTATION",
        "fgn": "FGN0_000893",
        "highest_voltage_kv": 154,
        "hvdc_link_count": 0,
        "is_orphan": true,
        "legacy_gist_reference": false,
        "name": "한림C/C",
        "nmi": "NMI000900",
        "voltage_band": "154",
        "voltage_classes": "154"
      },
      "type": "Feature"
    },
    {
      "geometry": {
        "coordinates": [
          126.41654816189943,
          35.41478814801289
        ],
        "type": "Point"
      },
      "properties": {
        "ac_pair_count": 1,
        "connected_physical_pair_count": 1,
        "coordinate_method": "OFFLINE_APPROVED_OFFICIAL_FACILITY_SITE_GEOMETRY_REPLAY",
        "coordinate_tier": "GEO_B_FACILITY_SITE",
        "facility_type": "PLANT_SWITCHYARD",
        "fgn": "FGN0_000285",
        "highest_voltage_kv": 345,
        "hvdc_link_count": 0,
        "is_orphan": false,
        "legacy_gist_reference": false,
        "name": "한빛1NP",
        "nmi": "NMI000286",
        "voltage_band": "345",
        "voltage_classes": "345"
      },
      "type": "Feature"
    },
    {
      "geometry": {
        "coordinates": [
          126.4184588,
          35.4110739
        ],
        "type": "Point"
      },
      "properties": {
        "ac_pair_count": 2,
        "connected_physical_pair_count": 2,
        "coordinate_method": "official_address+osm_coord",
        "coordinate_tier": "GEO_B_OFFICIAL_ADDRESS",
        "facility_type": "PLANT_SWITCHYARD",
        "fgn": "FGN0_000286",
        "highest_voltage_kv": 345,
        "hvdc_link_count": 0,
        "is_orphan": false,
        "legacy_gist_reference": false,
        "name": "한빛2NP",
        "nmi": "NMI000287",
        "voltage_band": "345",
        "voltage_classes": "345"
      },
      "type": "Feature"
    },
    {
      "geometry": {
        "coordinates": [
          126.4184588,
          35.4110739
        ],
        "type": "Point"
      },
      "properties": {
        "ac_pair_count": 1,
        "connected_physical_pair_count": 1,
        "coordinate_method": "official_address+osm_coord",
        "coordinate_tier": "GEO_B_OFFICIAL_ADDRESS",
        "facility_type": "PLANT_SWITCHYARD",
        "fgn": "FGN0_000287",
        "highest_voltage_kv": 345,
        "hvdc_link_count": 0,
        "is_orphan": false,
        "legacy_gist_reference": false,
        "name": "한빛3NP",
        "nmi": "NMI000288",
        "voltage_band": "345",
        "voltage_classes": "345"
      },
      "type": "Feature"
    },
    {
      "geometry": {
        "coordinates": [
          126.4184588,
          35.4110739
        ],
        "type": "Point"
      },
      "properties": {
        "ac_pair_count": 3,
        "connected_physical_pair_count": 3,
        "coordinate_method": "LOCAL_OSM_PUBLIC_MAP_EXTRACT",
        "coordinate_tier": "GEO_C_STRONG_NAME_MATCH",
        "facility_type": "PLANT_SWITCHYARD",
        "fgn": "FGN0_000288",
        "highest_voltage_kv": 345,
        "hvdc_link_count": 0,
        "is_orphan": false,
        "legacy_gist_reference": false,
        "name": "한빛NP",
        "nmi": "NMI000289",
        "voltage_band": "345",
        "voltage_classes": "345"
      },
      "type": "Feature"
    },
    {
      "geometry": {
        "coordinates": [
          127.1123453,
          36.8640773
        ],
        "type": "Point"
      },
      "properties": {
        "ac_pair_count": 4,
        "connected_physical_pair_count": 4,
        "coordinate_method": "LOCAL_OSM_PUBLIC_MAP_EXTRACT",
        "coordinate_tier": "GEO_C_STRONG_NAME_MATCH",
        "facility_type": "SUBSTATION",
        "fgn": "FGN0_000289",
        "highest_voltage_kv": 345,
        "hvdc_link_count": 0,
        "is_orphan": false,
        "legacy_gist_reference": false,
        "name": "한샘",
        "nmi": "NMI000290",
        "voltage_band": "345",
        "voltage_classes": "154;345"
      },
      "type": "Feature"
    },
    {
      "geometry": {
        "coordinates": [
          129.3803041923275,
          37.09262899033544
        ],
        "type": "Point"
      },
      "properties": {
        "ac_pair_count": 1,
        "connected_physical_pair_count": 1,
        "coordinate_method": "OFFLINE_APPROVED_OFFICIAL_FACILITY_SITE_GEOMETRY_REPLAY",
        "coordinate_tier": "GEO_B_FACILITY_SITE",
        "facility_type": "PLANT_SWITCHYARD",
        "fgn": "FGN0_000290",
        "highest_voltage_kv": 345,
        "hvdc_link_count": 0,
        "is_orphan": false,
        "legacy_gist_reference": false,
        "name": "한울1NP",
        "nmi": "NMI000291",
        "voltage_band": "345",
        "voltage_classes": "345"
      },
      "type": "Feature"
    },
    {
      "geometry": {
        "coordinates": [
          129.3793291,
          37.0952719
        ],
        "type": "Point"
      },
      "properties": {
        "ac_pair_count": 2,
        "connected_physical_pair_count": 2,
        "coordinate_method": "official_address+osm_coord",
        "coordinate_tier": "GEO_B_OFFICIAL_ADDRESS",
        "facility_type": "PLANT_SWITCHYARD",
        "fgn": "FGN0_000291",
        "highest_voltage_kv": 345,
        "hvdc_link_count": 0,
        "is_orphan": false,
        "legacy_gist_reference": false,
        "name": "한울2NP",
        "nmi": "NMI000292",
        "voltage_band": "345",
        "voltage_classes": "345"
      },
      "type": "Feature"
    },
    {
      "geometry": {
        "coordinates": [
          129.3815854,
          37.0935175
        ],
        "type": "Point"
      },
      "properties": {
        "ac_pair_count": 1,
        "connected_physical_pair_count": 1,
        "coordinate_method": "official_address+osm_coord",
        "coordinate_tier": "GEO_B_OFFICIAL_ADDRESS",
        "facility_type": "PLANT_SWITCHYARD",
        "fgn": "FGN0_000292",
        "highest_voltage_kv": 345,
        "hvdc_link_count": 0,
        "is_orphan": false,
        "legacy_gist_reference": false,
        "name": "한울3NP",
        "nmi": "NMI000293",
        "voltage_band": "345",
        "voltage_classes": "22;345"
      },
      "type": "Feature"
    },
    {
      "geometry": {
        "coordinates": [
          129.3803041923275,
          37.09262899033544
        ],
        "type": "Point"
      },
      "properties": {
        "ac_pair_count": 3,
        "connected_physical_pair_count": 3,
        "coordinate_method": "OFFLINE_APPROVED_OFFICIAL_FACILITY_SITE_GEOMETRY_REPLAY",
        "coordinate_tier": "GEO_B_FACILITY_SITE",
        "facility_type": "PLANT_SWITCHYARD",
        "fgn": "FGN0_000293",
        "highest_voltage_kv": 345,
        "hvdc_link_count": 0,
        "is_orphan": false,
        "legacy_gist_reference": false,
        "name": "한울NP",
        "nmi": "NMI000294",
        "voltage_band": "345",
        "voltage_classes": "345"
      },
      "type": "Feature"
    },
    {
      "geometry": {
        "coordinates": [
          129.3803041923275,
          37.09262899033544
        ],
        "type": "Point"
      },
      "properties": {
        "ac_pair_count": 1,
        "connected_physical_pair_count": 1,
        "coordinate_method": "OFFLINE_APPROVED_OFFICIAL_FACILITY_SITE_GEOMETRY_REPLAY",
        "coordinate_tier": "GEO_B_FACILITY_SITE",
        "facility_type": "PLANT_SWITCHYARD",
        "fgn": "FGN0_000294",
        "highest_voltage_kv": 345,
        "hvdc_link_count": 0,
        "is_orphan": false,
        "legacy_gist_reference": false,
        "name": "한울NP1",
        "nmi": "NMI000295",
        "voltage_band": "345",
        "voltage_classes": "22;345"
      },
      "type": "Feature"
    },
    {
      "geometry": {
        "coordinates": [
          129.3803041923275,
          37.09262899033544
        ],
        "type": "Point"
      },
      "properties": {
        "ac_pair_count": 2,
        "connected_physical_pair_count": 2,
        "coordinate_method": "OFFLINE_APPROVED_OFFICIAL_FACILITY_SITE_GEOMETRY_REPLAY",
        "coordinate_tier": "GEO_B_FACILITY_SITE",
        "facility_type": "PLANT_SWITCHYARD",
        "fgn": "FGN0_000295",
        "highest_voltage_kv": 345,
        "hvdc_link_count": 0,
        "is_orphan": false,
        "legacy_gist_reference": false,
        "name": "한울NP2",
        "nmi": "NMI000296",
        "voltage_band": "345",
        "voltage_classes": "22;345"
      },
      "type": "Feature"
    },
    {
      "geometry": {
        "coordinates": [
          129.3838066,
          37.0872223
        ],
        "type": "Point"
      },
      "properties": {
        "ac_pair_count": 2,
        "connected_physical_pair_count": 2,
        "coordinate_method": "LOCAL_OSM_PUBLIC_MAP_EXTRACT",
        "coordinate_tier": "GEO_C_STRONG_NAME_MATCH",
        "facility_type": "PLANT_SWITCHYARD",
        "fgn": "FGN0_000296",
        "highest_voltage_kv": 345,
        "hvdc_link_count": 0,
        "is_orphan": false,
        "legacy_gist_reference": false,
        "name": "한울NP3",
        "nmi": "NMI000297",
        "voltage_band": "345",
        "voltage_classes": "345"
      },
      "type": "Feature"
    },
    {
      "geometry": {
        "coordinates": [
          127.77563170893,
          35.5292482841772
        ],
        "type": "Point"
      },
      "properties": {
        "ac_pair_count": 3,
        "connected_physical_pair_count": 3,
        "coordinate_method": "Official exact-PNU parcel, EPSG:900913 to EPSG:5179 interior representative_point then EPSG:4326",
        "coordinate_tier": "GEO_B_FACILITY_SITE",
        "facility_type": "SUBSTATION",
        "fgn": "FGN0_000895",
        "highest_voltage_kv": 154,
        "hvdc_link_count": 0,
        "is_orphan": false,
        "legacy_gist_reference": false,
        "name": "함양",
        "nmi": "NMI000902",
        "voltage_band": "154",
        "voltage_classes": "154"
      },
      "type": "Feature"
    },
    {
      "geometry": {
        "coordinates": [
          126.9763166,
          36.0613441
        ],
        "type": "Point"
      },
      "properties": {
        "ac_pair_count": 2,
        "connected_physical_pair_count": 2,
        "coordinate_method": "LOCAL_OSM_PUBLIC_MAP_EXTRACT",
        "coordinate_tier": "GEO_C_STRONG_NAME_MATCH",
        "facility_type": "SUBSTATION",
        "fgn": "FGN0_000896",
        "highest_voltage_kv": 154,
        "hvdc_link_count": 0,
        "is_orphan": false,
        "legacy_gist_reference": false,
        "name": "함열",
        "nmi": "NMI000903",
        "voltage_band": "154",
        "voltage_classes": "154"
      },
      "type": "Feature"
    },
    {
      "geometry": {
        "coordinates": [
          126.7525761,
          36.7865826
        ],
        "type": "Point"
      },
      "properties": {
        "ac_pair_count": 2,
        "connected_physical_pair_count": 2,
        "coordinate_method": "LOCAL_OSM_PUBLIC_MAP_EXTRACT",
        "coordinate_tier": "GEO_C_STRONG_NAME_MATCH",
        "facility_type": "SUBSTATION",
        "fgn": "FGN0_000300",
        "highest_voltage_kv": 345,
        "hvdc_link_count": 0,
        "is_orphan": false,
        "legacy_gist_reference": false,
        "name": "합덕",
        "nmi": "NMI000301",
        "voltage_band": "345",
        "voltage_classes": "154;345"
      },
      "type": "Feature"
    },
    {
      "geometry": {
        "coordinates": [
          128.16640217703187,
          35.58243987192721
        ],
        "type": "Point"
      },
      "properties": {
        "ac_pair_count": 2,
        "connected_physical_pair_count": 2,
        "coordinate_method": "Official exact-PNU parcel, EPSG:900913 to EPSG:5179 interior representative_point then EPSG:4326",
        "coordinate_tier": "GEO_B_FACILITY_SITE",
        "facility_type": "SUBSTATION",
        "fgn": "FGN0_000897",
        "highest_voltage_kv": 154,
        "hvdc_link_count": 0,
        "is_orphan": false,
        "legacy_gist_reference": false,
        "name": "합천",
        "nmi": "NMI000904",
        "voltage_band": "154",
        "voltage_classes": "154"
      },
      "type": "Feature"
    },
    {
      "geometry": {
        "coordinates": [
          126.57827111577244,
          34.566597274434265
        ],
        "type": "Point"
      },
      "properties": {
        "ac_pair_count": 4,
        "connected_physical_pair_count": 4,
        "coordinate_method": "Official exact-PNU parcel, EPSG:900913 to EPSG:5179 interior representative_point then EPSG:4326",
        "coordinate_tier": "GEO_B_FACILITY_SITE",
        "facility_type": "SUBSTATION",
        "fgn": "FGN0_000898",
        "highest_voltage_kv": 154,
        "hvdc_link_count": 0,
        "is_orphan": false,
        "legacy_gist_reference": false,
        "name": "해남",
        "nmi": "NMI000905",
        "voltage_band": "154",
        "voltage_classes": "154"
      },
      "type": "Feature"
    },
    {
      "geometry": {
        "coordinates": [
          126.59232781145413,
          34.367339554602744
        ],
        "type": "Point"
      },
      "properties": {
        "ac_pair_count": 1,
        "connected_physical_pair_count": 2,
        "coordinate_method": "Official exact-PNU parcel, EPSG:900913 to EPSG:5179 interior representative_point then EPSG:4326",
        "coordinate_tier": "GEO_B_FACILITY_SITE",
        "facility_type": "SUBSTATION",
        "fgn": "FGN0_000899",
        "highest_voltage_kv": 154,
        "hvdc_link_count": 1,
        "is_orphan": false,
        "legacy_gist_reference": false,
        "name": "해남변환소",
        "nmi": "NMI000906",
        "voltage_band": "154",
        "voltage_classes": "154"
      },
      "type": "Feature"
    },
    {
      "geometry": {
        "coordinates": [
          126.5546532,
          36.7268428
        ],
        "type": "Point"
      },
      "properties": {
        "ac_pair_count": 2,
        "connected_physical_pair_count": 2,
        "coordinate_method": "LOCAL_OSM_PUBLIC_MAP_EXTRACT",
        "coordinate_tier": "GEO_C_STRONG_NAME_MATCH",
        "facility_type": "SUBSTATION",
        "fgn": "FGN0_000900",
        "highest_voltage_kv": 154,
        "hvdc_link_count": 0,
        "is_orphan": false,
        "legacy_gist_reference": false,
        "name": "해미",
        "nmi": "NMI000907",
        "voltage_band": "154",
        "voltage_classes": "154"
      },
      "type": "Feature"
    },
    {
      "geometry": {
        "coordinates": [
          126.978984,
          37.1429769
        ],
        "type": "Point"
      },
      "properties": {
        "ac_pair_count": 2,
        "connected_physical_pair_count": 2,
        "coordinate_method": "LOCAL_OSM_PUBLIC_MAP_EXTRACT",
        "coordinate_tier": "GEO_C_STRONG_NAME_MATCH",
        "facility_type": "SUBSTATION",
        "fgn": "FGN0_000901",
        "highest_voltage_kv": 154,
        "hvdc_link_count": 0,
        "is_orphan": false,
        "legacy_gist_reference": false,
        "name": "향남",
        "nmi": "NMI000908",
        "voltage_band": "154",
        "voltage_classes": "154"
      },
      "type": "Feature"
    },
    {
      "geometry": {
        "coordinates": [
          126.72262159060469,
          36.9867612629969
        ],
        "type": "Point"
      },
      "properties": {
        "ac_pair_count": 4,
        "connected_physical_pair_count": 4,
        "coordinate_method": "AUTHORIZED_M1B_SCOPE_CORRECTION_AND_OFFLINE_OFFICIAL_BUILDING_GROUP_REPLAY",
        "coordinate_tier": "GEO_B_FACILITY_SITE",
        "facility_type": "UNRESOLVED",
        "fgn": "FGN0_000302",
        "highest_voltage_kv": 345,
        "hvdc_link_count": 0,
        "is_orphan": false,
        "legacy_gist_reference": false,
        "name": "현대제철",
        "nmi": "NMI000303",
        "voltage_band": "345",
        "voltage_classes": "154;345"
      },
      "type": "Feature"
    },
    {
      "geometry": {
        "coordinates": [
          126.954873,
          37.5766962
        ],
        "type": "Point"
      },
      "properties": {
        "ac_pair_count": 2,
        "connected_physical_pair_count": 2,
        "coordinate_method": "LOCAL_OSM_PUBLIC_MAP_EXTRACT",
        "coordinate_tier": "GEO_C_STRONG_NAME_MATCH",
        "facility_type": "SOURCE_SCOPED_UNRESOLVED",
        "fgn": "FGN0_000972",
        "highest_voltage_kv": 154,
        "hvdc_link_count": 0,
        "is_orphan": false,
        "legacy_gist_reference": false,
        "name": "현저SS",
        "nmi": "",
        "voltage_band": "154",
        "voltage_classes": "154"
      },
      "type": "Feature"
    },
    {
      "geometry": {
        "coordinates": [
          129.37618272186072,
          36.8639313593509
        ],
        "type": "Point"
      },
      "properties": {
        "ac_pair_count": 1,
        "connected_physical_pair_count": 1,
        "coordinate_method": "OFFLINE_APPROVED_OFFICIAL_FACILITY_SITE_GEOMETRY_REPLAY",
        "coordinate_tier": "GEO_B_FACILITY_SITE",
        "facility_type": "SOURCE_SCOPED_UNRESOLVED",
        "fgn": "FGN0_000973",
        "highest_voltage_kv": 154,
        "hvdc_link_count": 0,
        "is_orphan": false,
        "legacy_gist_reference": false,
        "name": "현종산풍력",
        "nmi": "",
        "voltage_band": "154",
        "voltage_classes": "154"
      },
      "type": "Feature"
    },
    {
      "geometry": {
        "coordinates": [
          128.476787,
          35.6913094
        ],
        "type": "Point"
      },
      "properties": {
        "ac_pair_count": 2,
        "connected_physical_pair_count": 2,
        "coordinate_method": "LOCAL_OSM_PUBLIC_MAP_EXTRACT",
        "coordinate_tier": "GEO_C_STRONG_NAME_MATCH",
        "facility_type": "SUBSTATION",
        "fgn": "FGN0_000902",
        "highest_voltage_kv": 154,
        "hvdc_link_count": 0,
        "is_orphan": false,
        "legacy_gist_reference": false,
        "name": "현풍",
        "nmi": "NMI000909",
        "voltage_band": "154",
        "voltage_classes": "154"
      },
      "type": "Feature"
    },
    {
      "geometry": {
        "coordinates": [
          127.7348594,
          34.85391
        ],
        "type": "Point"
      },
      "properties": {
        "ac_pair_count": 2,
        "connected_physical_pair_count": 2,
        "coordinate_method": "LOCAL_OSM_PUBLIC_MAP_EXTRACT",
        "coordinate_tier": "GEO_C_STRONG_NAME_MATCH",
        "facility_type": "SOURCE_SCOPED_UNRESOLVED",
        "fgn": "FGN0_000974",
        "highest_voltage_kv": 154,
        "hvdc_link_count": 0,
        "is_orphan": false,
        "legacy_gist_reference": false,
        "name": "호남TP",
        "nmi": "",
        "voltage_band": "154",
        "voltage_classes": "154"
      },
      "type": "Feature"
    },
    {
      "geometry": {
        "coordinates": [
          126.9643956,
          37.257402
        ],
        "type": "Point"
      },
      "properties": {
        "ac_pair_count": 1,
        "connected_physical_pair_count": 1,
        "coordinate_method": "LOCAL_OSM_PUBLIC_MAP_EXTRACT",
        "coordinate_tier": "GEO_C_STRONG_NAME_MATCH",
        "facility_type": "SUBSTATION",
        "fgn": "FGN0_000903",
        "highest_voltage_kv": 154,
        "hvdc_link_count": 0,
        "is_orphan": false,
        "legacy_gist_reference": false,
        "name": "호매실",
        "nmi": "NMI000910",
        "voltage_band": "154",
        "voltage_classes": "154"
      },
      "type": "Feature"
    },
    {
      "geometry": {
        "coordinates": [
          126.7346026,
          37.6638888
        ],
        "type": "Point"
      },
      "properties": {
        "ac_pair_count": 2,
        "connected_physical_pair_count": 2,
        "coordinate_method": "LOCAL_OSM_PUBLIC_MAP_EXTRACT",
        "coordinate_tier": "GEO_C_STRONG_NAME_MATCH",
        "facility_type": "SUBSTATION",
        "fgn": "FGN0_000904",
        "highest_voltage_kv": 154,
        "hvdc_link_count": 0,
        "is_orphan": false,
        "legacy_gist_reference": false,
        "name": "호수",
        "nmi": "NMI000911",
        "voltage_band": "154",
        "voltage_classes": "154"
      },
      "type": "Feature"
    },
    {
      "geometry": {
        "coordinates": [
          129.018563,
          35.284807
        ],
        "type": "Point"
      },
      "properties": {
        "ac_pair_count": 3,
        "connected_physical_pair_count": 3,
        "coordinate_method": "CURRENT_KEPCO_EXACT_PUBLIC_BUILDING_ADDRESS_PLUS_OFFICIAL_SHARED_SITE_POINT",
        "coordinate_tier": "GEO_B_FACILITY_SITE",
        "facility_type": "SUBSTATION",
        "fgn": "FGN0_000303",
        "highest_voltage_kv": 345,
        "hvdc_link_count": 0,
        "is_orphan": false,
        "legacy_gist_reference": false,
        "name": "호포",
        "nmi": "NMI000304",
        "voltage_band": "345",
        "voltage_classes": "154;345"
      },
      "type": "Feature"
    },
    {
      "geometry": {
        "coordinates": [
          126.42864573846803,
          35.421037734722084
        ],
        "type": "Point"
      },
      "properties": {
        "ac_pair_count": 3,
        "connected_physical_pair_count": 3,
        "coordinate_method": "OFFLINE_APPROVED_OFFICIAL_FACILITY_SITE_GEOMETRY_REPLAY",
        "coordinate_tier": "GEO_B_FACILITY_SITE",
        "facility_type": "SUBSTATION",
        "fgn": "FGN0_000304",
        "highest_voltage_kv": 345,
        "hvdc_link_count": 0,
        "is_orphan": false,
        "legacy_gist_reference": false,
        "name": "홍농",
        "nmi": "NMI000305",
        "voltage_band": "345",
        "voltage_classes": "154;345"
      },
      "type": "Feature"
    },
    {
      "geometry": {
        "coordinates": [
          126.6696853,
          36.6190057
        ],
        "type": "Point"
      },
      "properties": {
        "ac_pair_count": 4,
        "connected_physical_pair_count": 4,
        "coordinate_method": "LOCAL_OSM_PUBLIC_MAP_EXTRACT",
        "coordinate_tier": "GEO_C_STRONG_NAME_MATCH",
        "facility_type": "SUBSTATION",
        "fgn": "FGN0_000905",
        "highest_voltage_kv": 154,
        "hvdc_link_count": 0,
        "is_orphan": false,
        "legacy_gist_reference": false,
        "name": "홍성",
        "nmi": "NMI000912",
        "voltage_band": "154",
        "voltage_classes": "154"
      },
      "type": "Feature"
    },
    {
      "geometry": {
        "coordinates": [
          127.8714247,
          37.6745186
        ],
        "type": "Point"
      },
      "properties": {
        "ac_pair_count": 4,
        "connected_physical_pair_count": 4,
        "coordinate_method": "LOCAL_OSM_PUBLIC_MAP_EXTRACT",
        "coordinate_tier": "GEO_C_STRONG_NAME_MATCH",
        "facility_type": "SUBSTATION",
        "fgn": "FGN0_000906",
        "highest_voltage_kv": 154,
        "hvdc_link_count": 0,
        "is_orphan": false,
        "legacy_gist_reference": false,
        "name": "홍천",
        "nmi": "NMI000913",
        "voltage_band": "154",
        "voltage_classes": "154"
      },
      "type": "Feature"
    },
    {
      "geometry": {
        "coordinates": [
          126.8250471,
          37.5486056
        ],
        "type": "Point"
      },
      "properties": {
        "ac_pair_count": 4,
        "connected_physical_pair_count": 4,
        "coordinate_method": "LOCAL_OSM_PUBLIC_MAP_EXTRACT",
        "coordinate_tier": "GEO_C_STRONG_NAME_MATCH",
        "facility_type": "SUBSTATION",
        "fgn": "FGN0_000907",
        "highest_voltage_kv": 154,
        "hvdc_link_count": 0,
        "is_orphan": false,
        "legacy_gist_reference": false,
        "name": "화곡",
        "nmi": "NMI000914",
        "voltage_band": "154",
        "voltage_classes": "154"
      },
      "type": "Feature"
    },
    {
      "geometry": {
        "coordinates": [
          127.96386830266549,
          36.39277111998624
        ],
        "type": "Point"
      },
      "properties": {
        "ac_pair_count": 1,
        "connected_physical_pair_count": 1,
        "coordinate_method": "OFFLINE_APPROVED_OFFICIAL_FACILITY_SITE_GEOMETRY_REPLAY",
        "coordinate_tier": "GEO_B_FACILITY_SITE",
        "facility_type": "SOURCE_SCOPED_UNRESOLVED",
        "fgn": "FGN0_000975",
        "highest_voltage_kv": 154,
        "hvdc_link_count": 0,
        "is_orphan": false,
        "legacy_gist_reference": false,
        "name": "화동SS",
        "nmi": "",
        "voltage_band": "154",
        "voltage_classes": "154"
      },
      "type": "Feature"
    },
    {
      "geometry": {
        "coordinates": [
          126.88807282883279,
          37.13933714576182
        ],
        "type": "Point"
      },
      "properties": {
        "ac_pair_count": 14,
        "connected_physical_pair_count": 14,
        "coordinate_method": "Official exact-PNU parcel, EPSG:900913 to EPSG:5179 interior representative_point then EPSG:4326",
        "coordinate_tier": "GEO_B_FACILITY_SITE",
        "facility_type": "SUBSTATION",
        "fgn": "FGN0_000305",
        "highest_voltage_kv": 345,
        "hvdc_link_count": 0,
        "is_orphan": false,
        "legacy_gist_reference": false,
        "name": "화성",
        "nmi": "NMI000306",
        "voltage_band": "345",
        "voltage_classes": "154;345"
      },
      "type": "Feature"
    },
    {
      "geometry": {
        "coordinates": [
          127.0452223,
          35.031445
        ],
        "type": "Point"
      },
      "properties": {
        "ac_pair_count": 3,
        "connected_physical_pair_count": 3,
        "coordinate_method": "LOCAL_OSM_PUBLIC_MAP_EXTRACT",
        "coordinate_tier": "GEO_C_STRONG_NAME_MATCH",
        "facility_type": "SUBSTATION",
        "fgn": "FGN0_000908",
        "highest_voltage_kv": 154,
        "hvdc_link_count": 0,
        "is_orphan": false,
        "legacy_gist_reference": false,
        "name": "화순",
        "nmi": "NMI000915",
        "voltage_band": "154",
        "voltage_classes": "154"
      },
      "type": "Feature"
    },
    {
      "geometry": {
        "coordinates": [
          127.0844515,
          37.5667664
        ],
        "type": "Point"
      },
      "properties": {
        "ac_pair_count": 5,
        "connected_physical_pair_count": 5,
        "coordinate_method": "LOCAL_OSM_PUBLIC_MAP_EXTRACT",
        "coordinate_tier": "GEO_C_STRONG_NAME_MATCH",
        "facility_type": "SUBSTATION",
        "fgn": "FGN0_000909",
        "highest_voltage_kv": 154,
        "hvdc_link_count": 0,
        "is_orphan": false,
        "legacy_gist_reference": false,
        "name": "화양",
        "nmi": "NMI000916",
        "voltage_band": "154",
        "voltage_classes": "154"
      },
      "type": "Feature"
    },
    {
      "geometry": {
        "coordinates": [
          126.3290383,
          34.6853627
        ],
        "type": "Point"
      },
      "properties": {
        "ac_pair_count": 4,
        "connected_physical_pair_count": 4,
        "coordinate_method": "LOCAL_OSM_PUBLIC_MAP_EXTRACT",
        "coordinate_tier": "GEO_C_STRONG_NAME_MATCH",
        "facility_type": "SUBSTATION",
        "fgn": "FGN0_000910",
        "highest_voltage_kv": 154,
        "hvdc_link_count": 0,
        "is_orphan": false,
        "legacy_gist_reference": false,
        "name": "화원",
        "nmi": "NMI000917",
        "voltage_band": "154",
        "voltage_classes": "154"
      },
      "type": "Feature"
    },
    {
      "geometry": {
        "coordinates": [
          126.8830923,
          35.152461
        ],
        "type": "Point"
      },
      "properties": {
        "ac_pair_count": 2,
        "connected_physical_pair_count": 2,
        "coordinate_method": "LOCAL_OSM_PUBLIC_MAP_EXTRACT",
        "coordinate_tier": "GEO_C_STRONG_NAME_MATCH",
        "facility_type": "SUBSTATION",
        "fgn": "FGN0_000911",
        "highest_voltage_kv": 154,
        "hvdc_link_count": 0,
        "is_orphan": false,
        "legacy_gist_reference": false,
        "name": "화정",
        "nmi": "NMI000918",
        "voltage_band": "154",
        "voltage_classes": "154"
      },
      "type": "Feature"
    },
    {
      "geometry": {
        "coordinates": [
          127.64505016375449,
          38.12654560261506
        ],
        "type": "Point"
      },
      "properties": {
        "ac_pair_count": 1,
        "connected_physical_pair_count": 1,
        "coordinate_method": "Official exact-PNU parcel, EPSG:900913 to EPSG:5179 interior representative_point then EPSG:4326",
        "coordinate_tier": "GEO_B_FACILITY_SITE",
        "facility_type": "SUBSTATION",
        "fgn": "FGN0_000912",
        "highest_voltage_kv": 154,
        "hvdc_link_count": 0,
        "is_orphan": false,
        "legacy_gist_reference": false,
        "name": "화천",
        "nmi": "NMI000919",
        "voltage_band": "154",
        "voltage_classes": "154"
      },
      "type": "Feature"
    },
    {
      "geometry": {
        "coordinates": [
          127.644414,
          34.8200527
        ],
        "type": "Point"
      },
      "properties": {
        "ac_pair_count": 2,
        "connected_physical_pair_count": 2,
        "coordinate_method": "LOCAL_OSM_PUBLIC_MAP_EXTRACT",
        "coordinate_tier": "GEO_C_STRONG_NAME_MATCH",
        "facility_type": "SUBSTATION",
        "fgn": "FGN0_000913",
        "highest_voltage_kv": 154,
        "hvdc_link_count": 0,
        "is_orphan": false,
        "legacy_gist_reference": false,
        "name": "화치",
        "nmi": "NMI000920",
        "voltage_band": "154",
        "voltage_classes": "154"
      },
      "type": "Feature"
    },
    {
      "geometry": {
        "coordinates": [
          127.62252964455136,
          34.90843856695924
        ],
        "type": "Point"
      },
      "properties": {
        "ac_pair_count": 1,
        "connected_physical_pair_count": 1,
        "coordinate_method": "OFFLINE_APPROVED_OFFICIAL_FACILITY_SITE_GEOMETRY_REPLAY",
        "coordinate_tier": "GEO_B_FACILITY_SITE",
        "facility_type": "SOURCE_SCOPED_UNRESOLVED",
        "fgn": "FGN0_000980",
        "highest_voltage_kv": 154,
        "hvdc_link_count": 0,
        "is_orphan": false,
        "legacy_gist_reference": false,
        "name": "황금개폐소",
        "nmi": "",
        "voltage_band": "154",
        "voltage_classes": "154"
      },
      "type": "Feature"
    },
    {
      "geometry": {
        "coordinates": [
          128.7046066,
          37.6620642
        ],
        "type": "Point"
      },
      "properties": {
        "ac_pair_count": 3,
        "connected_physical_pair_count": 3,
        "coordinate_method": "LOCAL_OSM_PUBLIC_MAP_EXTRACT",
        "coordinate_tier": "GEO_C_STRONG_NAME_MATCH",
        "facility_type": "SUBSTATION",
        "fgn": "FGN0_000914",
        "highest_voltage_kv": 154,
        "hvdc_link_count": 0,
        "is_orphan": false,
        "legacy_gist_reference": false,
        "name": "횡계",
        "nmi": "NMI000921",
        "voltage_band": "154",
        "voltage_classes": "154"
      },
      "type": "Feature"
    },
    {
      "geometry": {
        "coordinates": [
          128.0291403,
          37.4926345
        ],
        "type": "Point"
      },
      "properties": {
        "ac_pair_count": 3,
        "connected_physical_pair_count": 3,
        "coordinate_method": "LOCAL_OSM_PUBLIC_MAP_EXTRACT",
        "coordinate_tier": "GEO_C_STRONG_NAME_MATCH",
        "facility_type": "SUBSTATION",
        "fgn": "FGN0_000915",
        "highest_voltage_kv": 154,
        "hvdc_link_count": 0,
        "is_orphan": false,
        "legacy_gist_reference": false,
        "name": "횡성",
        "nmi": "NMI000922",
        "voltage_band": "154",
        "voltage_classes": "154"
      },
      "type": "Feature"
    },
    {
      "geometry": {
        "coordinates": [
          128.641468,
          35.8751503
        ],
        "type": "Point"
      },
      "properties": {
        "ac_pair_count": 3,
        "connected_physical_pair_count": 3,
        "coordinate_method": "LOCAL_OSM_PUBLIC_MAP_EXTRACT",
        "coordinate_tier": "GEO_C_STRONG_NAME_MATCH",
        "facility_type": "SUBSTATION",
        "fgn": "FGN0_000916",
        "highest_voltage_kv": 154,
        "hvdc_link_count": 0,
        "is_orphan": false,
        "legacy_gist_reference": false,
        "name": "효목",
        "nmi": "NMI000923",
        "voltage_band": "154",
        "voltage_classes": "154"
      },
      "type": "Feature"
    },
    {
      "geometry": {
        "coordinates": [
          129.3741702,
          35.5688012
        ],
        "type": "Point"
      },
      "properties": {
        "ac_pair_count": 3,
        "connected_physical_pair_count": 3,
        "coordinate_method": "LOCAL_OSM_PUBLIC_MAP_EXTRACT",
        "coordinate_tier": "GEO_C_STRONG_NAME_MATCH",
        "facility_type": "SUBSTATION",
        "fgn": "FGN0_000917",
        "highest_voltage_kv": 154,
        "hvdc_link_count": 0,
        "is_orphan": false,
        "legacy_gist_reference": false,
        "name": "효문",
        "nmi": "NMI000924",
        "voltage_band": "154",
        "voltage_classes": "154"
      },
      "type": "Feature"
    },
    {
      "geometry": {
        "coordinates": [
          127.0684239,
          37.5923993
        ],
        "type": "Point"
      },
      "properties": {
        "ac_pair_count": 3,
        "connected_physical_pair_count": 3,
        "coordinate_method": "LOCAL_OSM_PUBLIC_MAP_EXTRACT",
        "coordinate_tier": "GEO_C_STRONG_NAME_MATCH",
        "facility_type": "SUBSTATION",
        "fgn": "FGN0_000918",
        "highest_voltage_kv": 154,
        "hvdc_link_count": 0,
        "is_orphan": false,
        "legacy_gist_reference": false,
        "name": "휘경",
        "nmi": "NMI000925",
        "voltage_band": "154",
        "voltage_classes": "154"
      },
      "type": "Feature"
    },
    {
      "geometry": {
        "coordinates": [
          126.8025969,
          35.1868285
        ],
        "type": "Point"
      },
      "properties": {
        "ac_pair_count": 2,
        "connected_physical_pair_count": 2,
        "coordinate_method": "LOCAL_OSM_PUBLIC_MAP_EXTRACT",
        "coordinate_tier": "GEO_C_STRONG_NAME_MATCH",
        "facility_type": "SUBSTATION",
        "fgn": "FGN0_000919",
        "highest_voltage_kv": 154,
        "hvdc_link_count": 0,
        "is_orphan": false,
        "legacy_gist_reference": false,
        "name": "흑석",
        "nmi": "NMI000926",
        "voltage_band": "154",
        "voltage_classes": "154"
      },
      "type": "Feature"
    },
    {
      "geometry": {
        "coordinates": [
          127.0866426,
          37.2745771
        ],
        "type": "Point"
      },
      "properties": {
        "ac_pair_count": 1,
        "connected_physical_pair_count": 1,
        "coordinate_method": "LOCAL_OSM_PUBLIC_MAP_EXTRACT",
        "coordinate_tier": "GEO_C_STRONG_NAME_MATCH",
        "facility_type": "SUBSTATION",
        "fgn": "FGN0_000920",
        "highest_voltage_kv": 154,
        "hvdc_link_count": 0,
        "is_orphan": false,
        "legacy_gist_reference": false,
        "name": "흥덕",
        "nmi": "NMI000927",
        "voltage_band": "154",
        "voltage_classes": "154"
      },
      "type": "Feature"
    },
    {
      "geometry": {
        "coordinates": [
          127.0114333,
          37.5691926
        ],
        "type": "Point"
      },
      "properties": {
        "ac_pair_count": 1,
        "connected_physical_pair_count": 1,
        "coordinate_method": "LOCAL_OSM_PUBLIC_MAP_EXTRACT",
        "coordinate_tier": "GEO_C_STRONG_NAME_MATCH",
        "facility_type": "SUBSTATION",
        "fgn": "FGN0_000921",
        "highest_voltage_kv": 154,
        "hvdc_link_count": 0,
        "is_orphan": false,
        "legacy_gist_reference": false,
        "name": "흥인",
        "nmi": "NMI000928",
        "voltage_band": "154",
        "voltage_classes": "154"
      },
      "type": "Feature"
    },
    {
      "geometry": {
        "coordinates": [
          129.4112073,
          36.0929636
        ],
        "type": "Point"
      },
      "properties": {
        "ac_pair_count": 2,
        "connected_physical_pair_count": 2,
        "coordinate_method": "LOCAL_OSM_PUBLIC_MAP_EXTRACT",
        "coordinate_tier": "GEO_C_STRONG_NAME_MATCH",
        "facility_type": "SUBSTATION",
        "fgn": "FGN0_000922",
        "highest_voltage_kv": 154,
        "hvdc_link_count": 0,
        "is_orphan": false,
        "legacy_gist_reference": false,
        "name": "흥해",
        "nmi": "NMI000929",
        "voltage_band": "154",
        "voltage_classes": "154"
      },
      "type": "Feature"
    },
    {
      "geometry": {
        "coordinates": [
          126.77397477395093,
          37.80984555399857
        ],
        "type": "Point"
      },
      "properties": {
        "ac_pair_count": 1,
        "connected_physical_pair_count": 1,
        "coordinate_method": "OFFLINE_APPROVED_OFFICIAL_FACILITY_SITE_GEOMETRY_REPLAY",
        "coordinate_tier": "GEO_B_FACILITY_SITE",
        "facility_type": "UNRESOLVED",
        "fgn": "FGN0_000005",
        "highest_voltage_kv": 345,
        "hvdc_link_count": 0,
        "is_orphan": false,
        "legacy_gist_reference": false,
        "name": "LG디스플레이",
        "nmi": "NMI000005",
        "voltage_band": "345",
        "voltage_classes": "345"
      },
      "type": "Feature"
    },
    {
      "geometry": {
        "coordinates": [
          126.5663233,
          35.9369598
        ],
        "type": "Point"
      },
      "properties": {
        "ac_pair_count": 1,
        "connected_physical_pair_count": 1,
        "coordinate_method": "V38_OCI_SE_OFFICIAL_FACILITY_SITE",
        "coordinate_tier": "GEO_B_FACILITY_SITE",
        "facility_type": "SUBSTATION",
        "fgn": "FGN0_000306",
        "highest_voltage_kv": 154,
        "hvdc_link_count": 0,
        "is_orphan": false,
        "legacy_gist_reference": false,
        "name": "SE열병합S/Y",
        "nmi": "NMI000307",
        "voltage_band": "154",
        "voltage_classes": "154"
      },
      "type": "Feature"
    },
    {
      "geometry": {
        "coordinates": [
          127.4806853179719,
          37.2529797494606
        ],
        "type": "Point"
      },
      "properties": {
        "ac_pair_count": 1,
        "connected_physical_pair_count": 1,
        "coordinate_method": "OFFLINE_APPROVED_OFFICIAL_FACILITY_SITE_GEOMETRY_REPLAY",
        "coordinate_tier": "GEO_B_FACILITY_SITE",
        "facility_type": "UNRESOLVED",
        "fgn": "FGN0_000006",
        "highest_voltage_kv": 345,
        "hvdc_link_count": 0,
        "is_orphan": false,
        "legacy_gist_reference": false,
        "name": "SK하이닉스",
        "nmi": "NMI000006",
        "voltage_band": "345",
        "voltage_classes": "345"
      },
      "type": "Feature"
    },
    {
      "geometry": {
        "coordinates": [
          127.05770287466157,
          37.02662504995675
        ],
        "type": "Point"
      },
      "properties": {
        "ac_pair_count": 0,
        "connected_physical_pair_count": 1,
        "coordinate_method": "OFFLINE_APPROVED_OFFICIAL_FACILITY_SITE_GEOMETRY_REPLAY",
        "coordinate_tier": "GEO_B_FACILITY_SITE",
        "facility_type": "CURRENT_PHYSICAL_STATION",
        "fgn": "FGN0_000989",
        "highest_voltage_kv": 0,
        "hvdc_link_count": 1,
        "is_orphan": false,
        "legacy_gist_reference": false,
        "name": "고덕C/S",
        "nmi": "NMI000934",
        "voltage_band": "other",
        "voltage_classes": ""
      },
      "type": "Feature"
    },
    {
      "geometry": {
        "coordinates": [
          127.20288431471528,
          34.57862315020942
        ],
        "type": "Point"
      },
      "properties": {
        "ac_pair_count": 1,
        "connected_physical_pair_count": 1,
        "coordinate_method": "OFFLINE_APPROVED_OFFICIAL_FACILITY_SITE_GEOMETRY_REPLAY",
        "coordinate_tier": "GEO_B_FACILITY_SITE",
        "facility_type": "SUBSTATION",
        "fgn": "FGN0_000990",
        "highest_voltage_kv": 154,
        "hvdc_link_count": 0,
        "is_orphan": false,
        "legacy_gist_reference": false,
        "name": "고옥S/S",
        "nmi": "NMI000935",
        "voltage_band": "154",
        "voltage_classes": "154"
      },
      "type": "Feature"
    },
    {
      "geometry": {
        "coordinates": [
          126.396515035062,
          37.70941497320838
        ],
        "type": "Point"
      },
      "properties": {
        "ac_pair_count": 1,
        "connected_physical_pair_count": 1,
        "coordinate_method": "OFFLINE_APPROVED_OFFICIAL_FACILITY_SITE_GEOMETRY_REPLAY",
        "coordinate_tier": "GEO_B_FACILITY_SITE",
        "facility_type": "CURRENT_PHYSICAL_STATION",
        "fgn": "FGN0_000991",
        "highest_voltage_kv": 0,
        "hvdc_link_count": 0,
        "is_orphan": false,
        "legacy_gist_reference": false,
        "name": "서강화변전소",
        "nmi": "NMI000936",
        "voltage_band": "other",
        "voltage_classes": ""
      },
      "type": "Feature"
    },
    {
      "geometry": {
        "coordinates": [
          128.74039704362295,
          35.87462344979301
        ],
        "type": "Point"
      },
      "properties": {
        "ac_pair_count": 1,
        "connected_physical_pair_count": 1,
        "coordinate_method": "OFFLINE_APPROVED_OFFICIAL_FACILITY_SITE_GEOMETRY_REPLAY",
        "coordinate_tier": "GEO_B_FACILITY_SITE",
        "facility_type": "CURRENT_PHYSICAL_STATION",
        "fgn": "FGN0_000992",
        "highest_voltage_kv": 0,
        "hvdc_link_count": 0,
        "is_orphan": false,
        "legacy_gist_reference": false,
        "name": "신서S/S",
        "nmi": "NMI000937",
        "voltage_band": "other",
        "voltage_classes": ""
      },
      "type": "Feature"
    },
    {
      "geometry": {
        "coordinates": [
          128.48964297167794,
          35.831326854712465
        ],
        "type": "Point"
      },
      "properties": {
        "ac_pair_count": 1,
        "connected_physical_pair_count": 1,
        "coordinate_method": "OFFLINE_APPROVED_OFFICIAL_FACILITY_SITE_GEOMETRY_REPLAY",
        "coordinate_tier": "GEO_B_FACILITY_SITE",
        "facility_type": "CURRENT_PHYSICAL_STATION",
        "fgn": "FGN0_000993",
        "highest_voltage_kv": 154,
        "hvdc_link_count": 0,
        "is_orphan": false,
        "legacy_gist_reference": false,
        "name": "대구난방TP",
        "nmi": "NMI000938",
        "voltage_band": "154",
        "voltage_classes": "154"
      },
      "type": "Feature"
    },
    {
      "geometry": {
        "coordinates": [
          127.06772711336293,
          37.25610759673917
        ],
        "type": "Point"
      },
      "properties": {
        "ac_pair_count": 0,
        "connected_physical_pair_count": 0,
        "coordinate_method": "OFFLINE_APPROVED_OFFICIAL_FACILITY_SITE_GEOMETRY_REPLAY",
        "coordinate_tier": "GEO_B_FACILITY_SITE",
        "facility_type": "CURRENT_PHYSICAL_STATION",
        "fgn": "FGN0_000994",
        "highest_voltage_kv": 0,
        "hvdc_link_count": 0,
        "is_orphan": true,
        "legacy_gist_reference": false,
        "name": "수원TP",
        "nmi": "NMI000939",
        "voltage_band": "other",
        "voltage_classes": ""
      },
      "type": "Feature"
    },
    {
      "geometry": {
        "coordinates": [
          126.7947228628314,
          37.29529252608243
        ],
        "type": "Point"
      },
      "properties": {
        "ac_pair_count": 0,
        "connected_physical_pair_count": 0,
        "coordinate_method": "OFFLINE_APPROVED_OFFICIAL_FACILITY_SITE_GEOMETRY_REPLAY",
        "coordinate_tier": "GEO_B_FACILITY_SITE",
        "facility_type": "CURRENT_PHYSICAL_STATION",
        "fgn": "FGN0_000995",
        "highest_voltage_kv": 0,
        "hvdc_link_count": 0,
        "is_orphan": true,
        "legacy_gist_reference": false,
        "name": "안산TP",
        "nmi": "NMI000940",
        "voltage_band": "other",
        "voltage_classes": ""
      },
      "type": "Feature"
    },
    {
      "geometry": {
        "coordinates": [
          126.47336234165758,
          33.455321281438295
        ],
        "type": "Point"
      },
      "properties": {
        "ac_pair_count": 0,
        "connected_physical_pair_count": 1,
        "coordinate_method": "OFFLINE_APPROVED_OFFICIAL_GEOMETRY_REPLAY",
        "coordinate_tier": "GEO_B_FACILITY_SITE",
        "facility_type": "CURRENT_PHYSICAL_STATION",
        "fgn": "FGN0_000996",
        "highest_voltage_kv": 0,
        "hvdc_link_count": 1,
        "is_orphan": false,
        "legacy_gist_reference": false,
        "name": "서제주변환소",
        "nmi": "NMI000598",
        "voltage_band": "other",
        "voltage_classes": ""
      },
      "type": "Feature"
    },
    {
      "geometry": {
        "coordinates": [
          127.09221900577248,
          37.176533428525595
        ],
        "type": "Point"
      },
      "properties": {
        "ac_pair_count": 2,
        "connected_physical_pair_count": 2,
        "coordinate_method": "OFFICIAL_GEOMETRY_DERIVATION_REPLAYED",
        "coordinate_tier": "GEO_B_FACILITY_SITE",
        "facility_type": "CURRENT_PHYSICAL_STATION",
        "fgn": "FGN0_000997",
        "highest_voltage_kv": 0,
        "hvdc_link_count": 0,
        "is_orphan": false,
        "legacy_gist_reference": false,
        "name": "동탄2열병합",
        "nmi": "NMI000471",
        "voltage_band": "other",
        "voltage_classes": ""
      },
      "type": "Feature"
    },
    {
      "geometry": {
        "coordinates": [
          129.17854490126328,
          35.314977194431776
        ],
        "type": "Point"
      },
      "properties": {
        "ac_pair_count": 1,
        "connected_physical_pair_count": 1,
        "coordinate_method": "OFFLINE_APPROVED_OFFICIAL_FACILITY_SITE_GEOMETRY_REPLAY",
        "coordinate_tier": "GEO_B_FACILITY_SITE",
        "facility_type": "PLANT_HV_GIS_SWITCHYARD",
        "fgn": "FGN0_000998",
        "highest_voltage_kv": 154,
        "hvdc_link_count": 0,
        "is_orphan": false,
        "legacy_gist_reference": false,
        "name": "부산정관에너지S/Y",
        "nmi": "NMI000941",
        "voltage_band": "154",
        "voltage_classes": "154"
      },
      "type": "Feature"
    },
    {
      "geometry": {
        "coordinates": [
          127.7742297977036,
          37.766544202832144
        ],
        "type": "Point"
      },
      "properties": {
        "ac_pair_count": 3,
        "connected_physical_pair_count": 3,
        "coordinate_method": "OFFICIAL_GEOMETRY_DERIVATION_REPLAYED",
        "coordinate_tier": "GEO_B_FACILITY_SITE",
        "facility_type": "PLANT_HV_GIS_SWITCHYARD",
        "fgn": "FGN0_000999",
        "highest_voltage_kv": 154,
        "hvdc_link_count": 0,
        "is_orphan": false,
        "legacy_gist_reference": false,
        "name": "춘천열병합S/Y",
        "nmi": "NMI000942",
        "voltage_band": "154",
        "voltage_classes": "154"
      },
      "type": "Feature"
    },
    {
      "geometry": {
        "coordinates": [
          128.70530454503086,
          35.88308884968896
        ],
        "type": "Point"
      },
      "properties": {
        "ac_pair_count": 1,
        "connected_physical_pair_count": 1,
        "coordinate_method": "OFFLINE_APPROVED_OFFICIAL_FACILITY_SITE_GEOMETRY_REPLAY",
        "coordinate_tier": "GEO_B_FACILITY_SITE",
        "facility_type": "PLANT_HV_GIS_SWITCHYARD",
        "fgn": "FGN0_001000",
        "highest_voltage_kv": 154,
        "hvdc_link_count": 0,
        "is_orphan": false,
        "legacy_gist_reference": false,
        "name": "신서S/Y",
        "nmi": "NMI000943",
        "voltage_band": "154",
        "voltage_classes": "154"
      },
      "type": "Feature"
    },
    {
      "geometry": {
        "coordinates": [
          127.18616985974876,
          37.55219211650436
        ],
        "type": "Point"
      },
      "properties": {
        "ac_pair_count": 1,
        "connected_physical_pair_count": 1,
        "coordinate_method": "OFFLINE_APPROVED_OFFICIAL_GEOMETRY_REPLAY",
        "coordinate_tier": "GEO_B_FACILITY_SITE",
        "facility_type": "PLANT_HV_GIS_SWITCHYARD",
        "fgn": "FGN0_001001",
        "highest_voltage_kv": 154,
        "hvdc_link_count": 0,
        "is_orphan": false,
        "legacy_gist_reference": false,
        "name": "하남열병합S/Y",
        "nmi": "NMI000944",
        "voltage_band": "154",
        "voltage_classes": "154"
      },
      "type": "Feature"
    },
    {
      "geometry": {
        "coordinates": [
          127.40262393211987,
          36.434695367602295
        ],
        "type": "Point"
      },
      "properties": {
        "ac_pair_count": 1,
        "connected_physical_pair_count": 1,
        "coordinate_method": "OFFICIAL_GEOMETRY_DERIVATION_REPLAYED",
        "coordinate_tier": "GEO_B_FACILITY_SITE",
        "facility_type": "PLANT_HV_GIS_SWITCHYARD",
        "fgn": "FGN0_001002",
        "highest_voltage_kv": 154,
        "hvdc_link_count": 0,
        "is_orphan": false,
        "legacy_gist_reference": false,
        "name": "대전열병합S/Y",
        "nmi": "NMI000945",
        "voltage_band": "154",
        "voltage_classes": "154"
      },
      "type": "Feature"
    },
    {
      "geometry": {
        "coordinates": [
          127.24784640776998,
          36.46840021984783
        ],
        "type": "Point"
      },
      "properties": {
        "ac_pair_count": 1,
        "connected_physical_pair_count": 1,
        "coordinate_method": "OFFLINE_APPROVED_OFFICIAL_GEOMETRY_REPLAY",
        "coordinate_tier": "GEO_B_FACILITY_SITE",
        "facility_type": "PLANT_HV_GIS_SWITCHYARD",
        "fgn": "FGN0_001003",
        "highest_voltage_kv": 154,
        "hvdc_link_count": 0,
        "is_orphan": false,
        "legacy_gist_reference": false,
        "name": "세종열병합S/Y",
        "nmi": "NMI000946",
        "voltage_band": "154",
        "voltage_classes": "154"
      },
      "type": "Feature"
    },
    {
      "geometry": {
        "coordinates": [
          126.3416310887179,
          33.23755541939071
        ],
        "type": "Point"
      },
      "properties": {
        "ac_pair_count": 1,
        "connected_physical_pair_count": 1,
        "coordinate_method": "OFFLINE_APPROVED_OFFICIAL_FACILITY_SITE_GEOMETRY_REPLAY",
        "coordinate_tier": "GEO_B_FACILITY_SITE",
        "facility_type": "THERMAL_PLANT_SWITCHYARD",
        "fgn": "FGN0_001004",
        "highest_voltage_kv": 154,
        "hvdc_link_count": 0,
        "is_orphan": false,
        "legacy_gist_reference": false,
        "name": "남제주T/P",
        "nmi": "NMI000947",
        "voltage_band": "154",
        "voltage_classes": "154"
      },
      "type": "Feature"
    },
    {
      "geometry": {
        "coordinates": [
          126.59557550042297,
          33.53465910444291
        ],
        "type": "Point"
      },
      "properties": {
        "ac_pair_count": 4,
        "connected_physical_pair_count": 5,
        "coordinate_method": "OFFICIAL_OPERATOR_ADDRESS_PLUS_VWORLD_EXACT_NAMED_SITE_OBJECT",
        "coordinate_tier": "GEO_B_FACILITY_SITE",
        "facility_type": "GENERATOR_PLANT_154KV_SWITCHYARD",
        "fgn": "FGN0_001005",
        "highest_voltage_kv": 154,
        "hvdc_link_count": 1,
        "is_orphan": false,
        "legacy_gist_reference": false,
        "name": "제주화력",
        "nmi": "NMI000948",
        "voltage_band": "154",
        "voltage_classes": "154"
      },
      "type": "Feature"
    },
    {
      "geometry": {
        "coordinates": [
          126.59529718859741,
          33.53456096193042
        ],
        "type": "Point"
      },
      "properties": {
        "ac_pair_count": 1,
        "connected_physical_pair_count": 1,
        "coordinate_method": "OFFLINE_APPROVED_OFFICIAL_FACILITY_SITE_GEOMETRY_REPLAY",
        "coordinate_tier": "GEO_B_FACILITY_SITE",
        "facility_type": "GENERATOR_PLANT_154KV_SWITCHYARD",
        "fgn": "FGN0_001006",
        "highest_voltage_kv": 154,
        "hvdc_link_count": 0,
        "is_orphan": false,
        "legacy_gist_reference": false,
        "name": "제주복합S/Y",
        "nmi": "NMI000949",
        "voltage_band": "154",
        "voltage_classes": "154"
      },
      "type": "Feature"
    },
    {
      "geometry": {
        "coordinates": [
          126.71599085976955,
          34.32044021430028
        ],
        "type": "Point"
      },
      "properties": {
        "ac_pair_count": 2,
        "connected_physical_pair_count": 3,
        "coordinate_method": "OFFLINE_APPROVED_OFFICIAL_FACILITY_SITE_GEOMETRY_REPLAY",
        "coordinate_tier": "GEO_B_FACILITY_SITE",
        "facility_type": "HVDC_CONVERTER_STATION",
        "fgn": "FGN0_001007",
        "highest_voltage_kv": 154,
        "hvdc_link_count": 1,
        "is_orphan": false,
        "legacy_gist_reference": false,
        "name": "완도변환소",
        "nmi": "NMI000950",
        "voltage_band": "154",
        "voltage_classes": "154"
      },
      "type": "Feature"
    },
    {
      "geometry": {
        "coordinates": [
          126.60071154166475,
          33.5350247230253
        ],
        "type": "Point"
      },
      "properties": {
        "ac_pair_count": 2,
        "connected_physical_pair_count": 3,
        "coordinate_method": "OFFLINE_APPROVED_OFFICIAL_GEOMETRY_REPLAY",
        "coordinate_tier": "GEO_B_FACILITY_SITE",
        "facility_type": "HVDC_CONVERTER_STATION",
        "fgn": "FGN0_001008",
        "highest_voltage_kv": 154,
        "hvdc_link_count": 1,
        "is_orphan": false,
        "legacy_gist_reference": false,
        "name": "동제주변환소",
        "nmi": "NMI000951",
        "voltage_band": "154",
        "voltage_classes": "154"
      },
      "type": "Feature"
    },
    {
      "geometry": {
        "coordinates": [
          126.18598220928584,
          33.35713873232348
        ],
        "type": "Point"
      },
      "properties": {
        "ac_pair_count": 1,
        "connected_physical_pair_count": 1,
        "coordinate_method": "OFFICIAL_COMPOUND_IDENTITY_ADDRESS_PARCEL_REPLAY",
        "coordinate_tier": "GEO_B_FACILITY_SITE",
        "facility_type": "PLANT_SIDE_SUBSTATION",
        "fgn": "FGN0_001009",
        "highest_voltage_kv": 154,
        "hvdc_link_count": 0,
        "is_orphan": false,
        "legacy_gist_reference": false,
        "name": "탐라해상풍력",
        "nmi": "NMI000952",
        "voltage_band": "154",
        "voltage_classes": "154"
      },
      "type": "Feature"
    },
    {
      "geometry": {
        "coordinates": [
          126.69111203580542,
          33.53201528110489
        ],
        "type": "Point"
      },
      "properties": {
        "ac_pair_count": 1,
        "connected_physical_pair_count": 1,
        "coordinate_method": "OFFICIAL_NAMED_SUBSTATION_ADDRESS_BUILDING_PARCEL_REPLAY",
        "coordinate_tier": "GEO_B_FACILITY_SITE",
        "facility_type": "PLANT_SIDE_SUBSTATION",
        "fgn": "FGN0_001010",
        "highest_voltage_kv": 154,
        "hvdc_link_count": 0,
        "is_orphan": false,
        "legacy_gist_reference": false,
        "name": "동복·북촌풍력",
        "nmi": "NMI000953",
        "voltage_band": "154",
        "voltage_classes": "154"
      },
      "type": "Feature"
    },
    {
      "geometry": {
        "coordinates": [
          126.27276889538089,
          33.401533264116495
        ],
        "type": "Point"
      },
      "properties": {
        "ac_pair_count": 1,
        "connected_physical_pair_count": 1,
        "coordinate_method": "Official exact-PNU parcel, EPSG:900913 to EPSG:5179 interior representative_point then EPSG:4326",
        "coordinate_tier": "GEO_B_FACILITY_SITE",
        "facility_type": "PLANT_SIDE_SUBSTATION",
        "fgn": "FGN0_001011",
        "highest_voltage_kv": 154,
        "hvdc_link_count": 0,
        "is_orphan": false,
        "legacy_gist_reference": false,
        "name": "상명풍력",
        "nmi": "NMI000954",
        "voltage_band": "154",
        "voltage_classes": "154"
      },
      "type": "Feature"
    },
    {
      "geometry": {
        "coordinates": [
          127.17116225701317,
          37.94608922746164
        ],
        "type": "Point"
      },
      "properties": {
        "ac_pair_count": 2,
        "connected_physical_pair_count": 2,
        "coordinate_method": "Official exact-PNU parcel, EPSG:900913 to EPSG:5179 interior representative_point then EPSG:4326",
        "coordinate_tier": "GEO_B_FACILITY_SITE",
        "facility_type": "PLANT_SWITCHYARD",
        "fgn": "FGN0_000280",
        "highest_voltage_kv": 345,
        "hvdc_link_count": 0,
        "is_orphan": false,
        "legacy_gist_reference": false,
        "name": "포천LNGC/C",
        "nmi": "NMI000281",
        "voltage_band": "345",
        "voltage_classes": "345"
      },
      "type": "Feature"
    }
  ],
  "type": "FeatureCollection"
}
